날짜,결제시각,메뉴명,수량,결제금액
2025-03-01,19:12,소주,1,5000
2025-03-01,19:16,김치전,1,15000
2025-03-01,19:18,오돌뼈,1,17000
2025-03-01,19:21,오돌뼈,1,17000
2025-03-01,19:27,오돌뼈,1,17000
2025-03-01,19:31,하이볼,1,7000
2025-03-01,19:37,맥주,1,5000
2025-03-01,19:39,맥주,1,5000
2025-03-01,19:58,맥주,1,5000
2025-03-01,20:00,소주,1,5000
2025-03-01,20:03,소주,1,5000
2025-03-01,20:05,닭발,1,18000
2025-03-01,20:06,맥주,1,5000
2025-03-01,20:11,닭발,1,18000
2025-03-01,20:11,김치전,1,15000
2025-03-01,20:13,하이볼,1,7000
2025-03-01,20:17,김치전,1,15000
2025-03-01,20:19,오돌뼈,1,17000
2025-03-01,20:22,맥주,1,5000
2025-03-01,20:26,김치전,1,15000
2025-03-01,20:29,소주,1,5000
2025-03-01,20:30,오돌뼈,1,17000
2025-03-01,20:31,맥주,1,5000
2025-03-01,20:31,맥주,1,5000
2025-03-01,20:31,오돌뼈,1,17000
2025-03-01,20:32,맥주,1,5000
2025-03-01,20:33,맥주,1,5000
2025-03-01,20:34,오돌뼈,1,17000
2025-03-01,20:35,소주,1,5000
2025-03-01,20:37,닭발,1,18000
2025-03-01,20:39,닭발,1,18000
2025-03-01,20:40,하이볼,1,7000
2025-03-01,20:41,맥주,1,5000
2025-03-01,20:42,계란찜,1,7000
2025-03-01,20:43,닭발,1,18000
2025-03-01,20:43,닭발,1,18000
2025-03-01,20:45,소주,1,5000
2025-03-01,20:45,하이볼,1,7000
2025-03-01,20:48,소주,1,5000
2025-03-01,20:52,닭발,1,18000
2025-03-01,20:54,맥주,1,5000
2025-03-01,20:54,오돌뼈,1,17000
2025-03-01,20:56,소주,1,5000
2025-03-01,20:58,김치전,1,15000
2025-03-01,20:59,하이볼,1,7000
2025-03-01,20:59,닭발,1,18000
2025-03-01,21:01,오돌뼈,1,17000
2025-03-01,21:03,소주,1,5000
2025-03-01,21:03,계란찜,1,7000
2025-03-01,21:05,계란찜,1,7000
2025-03-01,21:06,닭발,1,18000
2025-03-01,21:08,김치전,1,15000
2025-03-01,21:09,하이볼,1,7000
2025-03-01,21:10,김치전,1,15000
2025-03-01,21:13,맥주,1,5000
2025-03-01,21:16,소주,1,5000
2025-03-01,21:17,하이볼,1,7000
2025-03-01,21:17,오돌뼈,1,17000
2025-03-01,21:20,맥주,1,5000
2025-03-01,21:22,소주,1,5000
2025-03-01,21:22,맥주,1,5000
2025-03-01,21:23,오돌뼈,1,17000
2025-03-01,21:24,소주,1,5000
2025-03-01,21:24,맥주,1,5000
2025-03-01,21:25,오돌뼈,1,17000
2025-03-01,21:29,소주,1,5000
2025-03-01,21:29,소주,1,5000
2025-03-01,21:29,맥주,1,5000
2025-03-01,21:29,맥주,1,5000
2025-03-01,21:30,맥주,1,5000
2025-03-01,21:30,닭발,1,18000
2025-03-01,21:32,하이볼,1,7000
2025-03-01,21:33,소주,1,5000
2025-03-01,21:35,하이볼,1,7000
2025-03-01,21:36,소주,1,5000
2025-03-01,21:36,계란찜,1,7000
2025-03-01,21:38,하이볼,1,7000
2025-03-01,21:39,소주,1,5000
2025-03-01,21:39,닭발,1,18000
2025-03-01,21:39,닭발,1,18000
2025-03-01,21:40,김치전,1,15000
2025-03-01,21:43,소주,1,5000
2025-03-01,21:43,소주,1,5000
2025-03-01,21:43,오돌뼈,1,17000
2025-03-01,21:44,김치전,1,15000
2025-03-01,21:45,소주,1,5000
2025-03-01,21:45,맥주,1,5000
2025-03-01,21:45,닭발,1,18000
2025-03-01,21:46,소주,1,5000
2025-03-01,21:47,소주,1,5000
2025-03-01,21:49,소주,1,5000
2025-03-01,21:50,맥주,1,5000
2025-03-01,21:51,맥주,1,5000
2025-03-01,21:51,맥주,1,5000
2025-03-01,21:51,계란찜,1,7000
2025-03-01,21:51,계란찜,1,7000
2025-03-01,21:52,소주,1,5000
2025-03-01,21:53,계란찜,1,7000
2025-03-01,21:54,김치전,1,15000
2025-03-01,21:55,소주,1,5000
2025-03-01,21:56,맥주,1,5000
2025-03-01,21:57,하이볼,1,7000
2025-03-01,21:57,오돌뼈,1,17000
2025-03-01,21:58,소주,1,5000
2025-03-01,21:59,맥주,1,5000
2025-03-01,22:02,맥주,1,5000
2025-03-01,22:03,맥주,1,5000
2025-03-01,22:07,하이볼,1,7000
2025-03-01,22:08,하이볼,1,7000
2025-03-01,22:11,맥주,1,5000
2025-03-01,22:12,소주,1,5000
2025-03-01,22:13,김치전,1,15000
2025-03-01,22:14,계란찜,1,7000
2025-03-01,22:16,소주,1,5000
2025-03-01,22:16,맥주,1,5000
2025-03-01,22:16,맥주,1,5000
2025-03-01,22:16,닭발,1,18000
2025-03-01,22:18,닭발,1,18000
2025-03-01,22:19,오돌뼈,1,17000
2025-03-01,22:21,오돌뼈,1,17000
2025-03-01,22:30,김치전,1,15000
2025-03-01,22:31,김치전,1,15000
2025-03-01,22:32,맥주,1,5000
2025-03-01,22:32,하이볼,1,7000
2025-03-01,22:35,소주,1,5000
2025-03-01,22:42,맥주,1,5000
2025-03-01,22:44,소주,1,5000
2025-03-01,22:45,하이볼,1,7000
2025-03-01,22:50,소주,1,5000
2025-03-01,22:54,소주,1,5000
2025-03-01,22:54,닭발,1,18000
2025-03-01,22:59,소주,1,5000
2025-03-01,23:10,소주,1,5000
2025-03-01,23:13,소주,1,5000
2025-03-01,23:15,맥주,1,5000
2025-03-01,23:15,하이볼,1,7000
2025-03-01,23:26,계란찜,1,7000
2025-03-01,23:29,하이볼,1,7000
2025-03-01,23:44,하이볼,1,7000
2025-03-01,23:50,소주,1,5000
2025-03-01,23:50,닭발,1,18000
2025-03-01,23:50,닭발,1,18000
2025-03-02,19:16,맥주,1,5000
2025-03-02,19:30,김치전,1,15000
2025-03-02,19:39,계란찜,1,7000
2025-03-02,19:55,하이볼,1,7000
2025-03-02,20:13,김치전,1,15000
2025-03-02,20:16,오돌뼈,1,17000
2025-03-02,20:29,닭발,1,18000
2025-03-02,20:32,김치전,1,15000
2025-03-02,20:34,소주,1,5000
2025-03-02,20:36,소주,1,5000
2025-03-02,20:37,닭발,1,18000
2025-03-02,20:43,하이볼,1,7000
2025-03-02,20:54,맥주,1,5000
2025-03-02,20:55,맥주,1,5000
2025-03-02,21:00,맥주,1,5000
2025-03-02,21:05,닭발,1,18000
2025-03-02,21:06,소주,1,5000
2025-03-02,21:07,계란찜,1,7000
2025-03-02,21:11,닭발,1,18000
2025-03-02,21:14,소주,1,5000
2025-03-02,21:14,닭발,1,18000
2025-03-02,21:14,오돌뼈,1,17000
2025-03-02,21:16,김치전,1,15000
2025-03-02,21:17,맥주,1,5000
2025-03-02,21:19,닭발,1,18000
2025-03-02,21:21,소주,1,5000
2025-03-02,21:21,맥주,1,5000
2025-03-02,21:24,소주,1,5000
2025-03-02,21:26,맥주,1,5000
2025-03-02,21:27,오돌뼈,1,17000
2025-03-02,21:28,소주,1,5000
2025-03-02,21:30,맥주,1,5000
2025-03-02,21:32,오돌뼈,1,17000
2025-03-02,21:47,하이볼,1,7000
2025-03-02,21:50,오돌뼈,1,17000
2025-03-02,21:53,맥주,1,5000
2025-03-02,21:58,소주,1,5000
2025-03-02,21:58,계란찜,1,7000
2025-03-02,22:03,소주,1,5000
2025-03-02,22:12,소주,1,5000
2025-03-02,22:12,맥주,1,5000
2025-03-02,22:13,하이볼,1,7000
2025-03-02,22:16,닭발,1,18000
2025-03-02,22:27,소주,1,5000
2025-03-02,22:31,하이볼,1,7000
2025-03-02,22:32,닭발,1,18000
2025-03-02,22:33,소주,1,5000
2025-03-02,22:34,소주,1,5000
2025-03-02,22:34,맥주,1,5000
2025-03-02,22:42,하이볼,1,7000
2025-03-02,22:50,오돌뼈,1,17000
2025-03-02,22:56,소주,1,5000
2025-03-02,23:04,소주,1,5000
2025-03-02,23:08,김치전,1,15000
2025-03-02,23:14,하이볼,1,7000
2025-03-02,23:16,맥주,1,5000
2025-03-02,23:25,닭발,1,18000
2025-03-02,23:50,소주,1,5000
2025-03-03,19:40,맥주,1,5000
2025-03-03,19:42,계란찜,1,7000
2025-03-03,19:45,소주,1,5000
2025-03-03,19:56,닭발,1,18000
2025-03-03,19:57,소주,1,5000
2025-03-03,20:06,맥주,1,5000
2025-03-03,20:10,닭발,1,18000
2025-03-03,20:12,맥주,1,5000
2025-03-03,20:12,계란찜,1,7000
2025-03-03,20:15,김치전,1,15000
2025-03-03,20:15,계란찜,1,7000
2025-03-03,20:21,하이볼,1,7000
2025-03-03,20:24,맥주,1,5000
2025-03-03,20:28,소주,1,5000
2025-03-03,20:28,계란찜,1,7000
2025-03-03,20:29,계란찜,1,7000
2025-03-03,20:35,하이볼,1,7000
2025-03-03,20:37,소주,1,5000
2025-03-03,20:39,소주,1,5000
2025-03-03,20:39,맥주,1,5000
2025-03-03,20:39,맥주,1,5000
2025-03-03,20:39,하이볼,1,7000
2025-03-03,20:39,닭발,1,18000
2025-03-03,20:40,소주,1,5000
2025-03-03,20:40,닭발,1,18000
2025-03-03,20:43,맥주,1,5000
2025-03-03,20:46,오돌뼈,1,17000
2025-03-03,20:46,오돌뼈,1,17000
2025-03-03,20:52,소주,1,5000
2025-03-03,20:58,소주,1,5000
2025-03-03,20:59,계란찜,1,7000
2025-03-03,21:05,계란찜,1,7000
2025-03-03,21:10,김치전,1,15000
2025-03-03,21:11,오돌뼈,1,17000
2025-03-03,21:17,소주,1,5000
2025-03-03,21:17,맥주,1,5000
2025-03-03,21:21,소주,1,5000
2025-03-03,21:22,닭발,1,18000
2025-03-03,21:28,소주,1,5000
2025-03-03,21:28,오돌뼈,1,17000
2025-03-03,21:28,김치전,1,15000
2025-03-03,21:33,소주,1,5000
2025-03-03,21:33,하이볼,1,7000
2025-03-03,21:34,오돌뼈,1,17000
2025-03-03,21:37,닭발,1,18000
2025-03-03,21:38,소주,1,5000
2025-03-03,21:38,닭발,1,18000
2025-03-03,21:40,닭발,1,18000
2025-03-03,21:43,닭발,1,18000
2025-03-03,21:43,닭발,1,18000
2025-03-03,21:48,맥주,1,5000
2025-03-03,21:48,오돌뼈,1,17000
2025-03-03,21:48,계란찜,1,7000
2025-03-03,21:49,김치전,1,15000
2025-03-03,21:51,소주,1,5000
2025-03-03,21:51,맥주,1,5000
2025-03-03,21:54,맥주,1,5000
2025-03-03,21:56,소주,1,5000
2025-03-03,22:11,맥주,1,5000
2025-03-03,22:23,김치전,1,15000
2025-03-03,22:25,김치전,1,15000
2025-03-03,22:26,오돌뼈,1,17000
2025-03-03,22:36,맥주,1,5000
2025-03-03,22:39,맥주,1,5000
2025-03-03,22:47,하이볼,1,7000
2025-03-03,22:48,오돌뼈,1,17000
2025-03-03,22:50,맥주,1,5000
2025-03-03,22:55,소주,1,5000
2025-03-03,22:56,하이볼,1,7000
2025-03-03,22:58,소주,1,5000
2025-03-03,23:09,닭발,1,18000
2025-03-04,19:06,닭발,1,18000
2025-03-04,19:09,소주,1,5000
2025-03-04,19:21,계란찜,1,7000
2025-03-04,19:25,소주,1,5000
2025-03-04,19:27,맥주,1,5000
2025-03-04,19:32,소주,1,5000
2025-03-04,19:37,하이볼,1,7000
2025-03-04,19:46,계란찜,1,7000
2025-03-04,19:51,김치전,1,15000
2025-03-04,19:55,김치전,1,15000
2025-03-04,20:05,소주,1,5000
2025-03-04,20:06,소주,1,5000
2025-03-04,20:06,닭발,1,18000
2025-03-04,20:12,맥주,1,5000
2025-03-04,20:13,소주,1,5000
2025-03-04,20:19,계란찜,1,7000
2025-03-04,20:23,맥주,1,5000
2025-03-04,20:24,닭발,1,18000
2025-03-04,20:27,닭발,1,18000
2025-03-04,20:29,소주,1,5000
2025-03-04,20:31,소주,1,5000
2025-03-04,20:38,맥주,1,5000
2025-03-04,20:40,소주,1,5000
2025-03-04,20:40,하이볼,1,7000
2025-03-04,20:42,하이볼,1,7000
2025-03-04,20:43,닭발,1,18000
2025-03-04,20:44,맥주,1,5000
2025-03-04,20:49,맥주,1,5000
2025-03-04,20:49,하이볼,1,7000
2025-03-04,20:49,닭발,1,18000
2025-03-04,20:49,김치전,1,15000
2025-03-04,20:50,계란찜,1,7000
2025-03-04,20:51,소주,1,5000
2025-03-04,20:51,계란찜,1,7000
2025-03-04,20:52,소주,1,5000
2025-03-04,20:57,닭발,1,18000
2025-03-04,20:57,닭발,1,18000
2025-03-04,20:59,오돌뼈,1,17000
2025-03-04,21:02,오돌뼈,1,17000
2025-03-04,21:02,계란찜,1,7000
2025-03-04,21:03,소주,1,5000
2025-03-04,21:03,오돌뼈,1,17000
2025-03-04,21:03,김치전,1,15000
2025-03-04,21:06,맥주,1,5000
2025-03-04,21:06,맥주,1,5000
2025-03-04,21:08,닭발,1,18000
2025-03-04,21:11,닭발,1,18000
2025-03-04,21:12,김치전,1,15000
2025-03-04,21:15,맥주,1,5000
2025-03-04,21:16,소주,1,5000
2025-03-04,21:16,닭발,1,18000
2025-03-04,21:18,계란찜,1,7000
2025-03-04,21:20,소주,1,5000
2025-03-04,21:20,맥주,1,5000
2025-03-04,21:23,소주,1,5000
2025-03-04,21:25,닭발,1,18000
2025-03-04,21:26,맥주,1,5000
2025-03-04,21:28,오돌뼈,1,17000
2025-03-04,21:34,오돌뼈,1,17000
2025-03-04,21:36,소주,1,5000
2025-03-04,21:38,오돌뼈,1,17000
2025-03-04,21:41,맥주,1,5000
2025-03-04,21:42,맥주,1,5000
2025-03-04,21:42,하이볼,1,7000
2025-03-04,21:42,닭발,1,18000
2025-03-04,21:46,김치전,1,15000
2025-03-04,21:50,오돌뼈,1,17000
2025-03-04,21:51,소주,1,5000
2025-03-04,21:57,맥주,1,5000
2025-03-04,21:58,맥주,1,5000
2025-03-04,21:59,소주,1,5000
2025-03-04,21:59,맥주,1,5000
2025-03-04,22:01,닭발,1,18000
2025-03-04,22:04,닭발,1,18000
2025-03-04,22:08,소주,1,5000
2025-03-04,22:08,맥주,1,5000
2025-03-04,22:09,닭발,1,18000
2025-03-04,22:10,닭발,1,18000
2025-03-04,22:11,맥주,1,5000
2025-03-04,22:12,계란찜,1,7000
2025-03-04,22:14,오돌뼈,1,17000
2025-03-04,22:15,소주,1,5000
2025-03-04,22:17,맥주,1,5000
2025-03-04,22:17,맥주,1,5000
2025-03-04,22:18,김치전,1,15000
2025-03-04,22:22,소주,1,5000
2025-03-04,22:23,맥주,1,5000
2025-03-04,22:25,계란찜,1,7000
2025-03-04,22:30,하이볼,1,7000
2025-03-04,22:32,맥주,1,5000
2025-03-04,22:38,소주,1,5000
2025-03-04,22:40,김치전,1,15000
2025-03-04,22:41,소주,1,5000
2025-03-04,22:45,소주,1,5000
2025-03-04,22:53,하이볼,1,7000
2025-03-04,22:53,김치전,1,15000
2025-03-04,22:55,하이볼,1,7000
2025-03-04,22:58,계란찜,1,7000
2025-03-04,23:02,오돌뼈,1,17000
2025-03-04,23:09,소주,1,5000
2025-03-04,23:12,소주,1,5000
2025-03-04,23:14,오돌뼈,1,17000
2025-03-04,23:17,오돌뼈,1,17000
2025-03-04,23:19,맥주,1,5000
2025-03-04,23:20,오돌뼈,1,17000
2025-03-04,23:35,하이볼,1,7000
2025-03-04,23:36,계란찜,1,7000
2025-03-04,23:40,하이볼,1,7000
2025-03-04,23:45,하이볼,1,7000
2025-03-04,23:50,소주,1,5000
2025-03-04,23:50,맥주,1,5000
2025-03-04,23:50,맥주,1,5000
2025-03-05,18:51,하이볼,1,7000
2025-03-05,18:52,오돌뼈,1,17000
2025-03-05,19:09,닭발,1,18000
2025-03-05,19:17,소주,1,5000
2025-03-05,19:19,소주,1,5000
2025-03-05,19:33,김치전,1,15000
2025-03-05,19:38,맥주,1,5000
2025-03-05,19:40,맥주,1,5000
2025-03-05,19:47,하이볼,1,7000
2025-03-05,19:54,맥주,1,5000
2025-03-05,19:56,하이볼,1,7000
2025-03-05,19:58,소주,1,5000
2025-03-05,20:02,맥주,1,5000
2025-03-05,20:03,김치전,1,15000
2025-03-05,20:04,오돌뼈,1,17000
2025-03-05,20:05,김치전,1,15000
2025-03-05,20:06,소주,1,5000
2025-03-05,20:06,맥주,1,5000
2025-03-05,20:09,계란찜,1,7000
2025-03-05,20:11,오돌뼈,1,17000
2025-03-05,20:19,맥주,1,5000
2025-03-05,20:20,닭발,1,18000
2025-03-05,20:24,맥주,1,5000
2025-03-05,20:24,맥주,1,5000
2025-03-05,20:27,소주,1,5000
2025-03-05,20:27,소주,1,5000
2025-03-05,20:28,하이볼,1,7000
2025-03-05,20:30,김치전,1,15000
2025-03-05,20:33,하이볼,1,7000
2025-03-05,20:38,하이볼,1,7000
2025-03-05,20:40,맥주,1,5000
2025-03-05,20:40,하이볼,1,7000
2025-03-05,20:45,오돌뼈,1,17000
2025-03-05,20:49,김치전,1,15000
2025-03-05,20:50,김치전,1,15000
2025-03-05,20:55,닭발,1,18000
2025-03-05,20:55,오돌뼈,1,17000
2025-03-05,20:59,소주,1,5000
2025-03-05,20:59,맥주,1,5000
2025-03-05,20:59,오돌뼈,1,17000
2025-03-05,21:00,소주,1,5000
2025-03-05,21:02,소주,1,5000
2025-03-05,21:05,오돌뼈,1,17000
2025-03-05,21:07,맥주,1,5000
2025-03-05,21:07,맥주,1,5000
2025-03-05,21:14,오돌뼈,1,17000
2025-03-05,21:16,소주,1,5000
2025-03-05,21:17,하이볼,1,7000
2025-03-05,21:17,닭발,1,18000
2025-03-05,21:17,김치전,1,15000
2025-03-05,21:21,소주,1,5000
2025-03-05,21:24,계란찜,1,7000
2025-03-05,21:27,하이볼,1,7000
2025-03-05,21:28,소주,1,5000
2025-03-05,21:30,맥주,1,5000
2025-03-05,21:30,오돌뼈,1,17000
2025-03-05,21:31,오돌뼈,1,17000
2025-03-05,21:32,오돌뼈,1,17000
2025-03-05,21:32,계란찜,1,7000
2025-03-05,21:36,소주,1,5000
2025-03-05,21:39,계란찜,1,7000
2025-03-05,21:40,계란찜,1,7000
2025-03-05,21:44,맥주,1,5000
2025-03-05,21:45,소주,1,5000
2025-03-05,21:45,소주,1,5000
2025-03-05,21:49,소주,1,5000
2025-03-05,21:51,하이볼,1,7000
2025-03-05,21:52,소주,1,5000
2025-03-05,21:52,소주,1,5000
2025-03-05,21:54,오돌뼈,1,17000
2025-03-05,21:57,계란찜,1,7000
2025-03-05,21:58,닭발,1,18000
2025-03-05,22:00,김치전,1,15000
2025-03-05,22:02,소주,1,5000
2025-03-05,22:02,맥주,1,5000
2025-03-05,22:04,맥주,1,5000
2025-03-05,22:07,소주,1,5000
2025-03-05,22:07,하이볼,1,7000
2025-03-05,22:07,닭발,1,18000
2025-03-05,22:09,소주,1,5000
2025-03-05,22:09,닭발,1,18000
2025-03-05,22:15,닭발,1,18000
2025-03-05,22:16,계란찜,1,7000
2025-03-05,22:17,오돌뼈,1,17000
2025-03-05,22:18,김치전,1,15000
2025-03-05,22:19,맥주,1,5000
2025-03-05,22:22,소주,1,5000
2025-03-05,22:23,맥주,1,5000
2025-03-05,22:27,맥주,1,5000
2025-03-05,22:28,소주,1,5000
2025-03-05,22:36,닭발,1,18000
2025-03-05,22:39,김치전,1,15000
2025-03-05,22:42,소주,1,5000
2025-03-05,22:43,소주,1,5000
2025-03-05,22:43,오돌뼈,1,17000
2025-03-05,22:46,닭발,1,18000
2025-03-05,22:48,소주,1,5000
2025-03-05,22:49,하이볼,1,7000
2025-03-05,22:54,소주,1,5000
2025-03-05,22:54,닭발,1,18000
2025-03-05,22:57,김치전,1,15000
2025-03-05,22:59,오돌뼈,1,17000
2025-03-05,23:03,맥주,1,5000
2025-03-05,23:07,닭발,1,18000
2025-03-05,23:10,소주,1,5000
2025-03-05,23:10,맥주,1,5000
2025-03-05,23:11,소주,1,5000
2025-03-05,23:28,김치전,1,15000
2025-03-05,23:29,계란찜,1,7000
2025-03-05,23:35,맥주,1,5000
2025-03-05,23:36,김치전,1,15000
2025-03-05,23:43,닭발,1,18000
2025-03-06,18:38,맥주,1,5000
2025-03-06,19:14,닭발,1,18000
2025-03-06,19:29,맥주,1,5000
2025-03-06,19:32,하이볼,1,7000
2025-03-06,19:32,하이볼,1,7000
2025-03-06,19:34,소주,1,5000
2025-03-06,19:44,계란찜,1,7000
2025-03-06,19:54,김치전,1,15000
2025-03-06,19:55,소주,1,5000
2025-03-06,19:59,소주,1,5000
2025-03-06,20:00,김치전,1,15000
2025-03-06,20:06,맥주,1,5000
2025-03-06,20:07,하이볼,1,7000
2025-03-06,20:08,김치전,1,15000
2025-03-06,20:10,소주,1,5000
2025-03-06,20:15,오돌뼈,1,17000
2025-03-06,20:18,소주,1,5000
2025-03-06,20:18,맥주,1,5000
2025-03-06,20:20,계란찜,1,7000
2025-03-06,20:23,하이볼,1,7000
2025-03-06,20:26,오돌뼈,1,17000
2025-03-06,20:28,소주,1,5000
2025-03-06,20:29,맥주,1,5000
2025-03-06,20:30,소주,1,5000
2025-03-06,20:32,소주,1,5000
2025-03-06,20:32,소주,1,5000
2025-03-06,20:33,맥주,1,5000
2025-03-06,20:37,맥주,1,5000
2025-03-06,20:37,닭발,1,18000
2025-03-06,20:38,소주,1,5000
2025-03-06,20:38,맥주,1,5000
2025-03-06,20:41,소주,1,5000
2025-03-06,20:43,오돌뼈,1,17000
2025-03-06,20:47,계란찜,1,7000
2025-03-06,20:48,하이볼,1,7000
2025-03-06,20:49,닭발,1,18000
2025-03-06,20:50,하이볼,1,7000
2025-03-06,20:52,맥주,1,5000
2025-03-06,20:52,계란찜,1,7000
2025-03-06,20:54,소주,1,5000
2025-03-06,20:54,계란찜,1,7000
2025-03-06,20:57,소주,1,5000
2025-03-06,20:57,소주,1,5000
2025-03-06,20:57,닭발,1,18000
2025-03-06,20:59,닭발,1,18000
2025-03-06,20:59,닭발,1,18000
2025-03-06,21:00,소주,1,5000
2025-03-06,21:00,소주,1,5000
2025-03-06,21:02,하이볼,1,7000
2025-03-06,21:02,김치전,1,15000
2025-03-06,21:04,소주,1,5000
2025-03-06,21:04,김치전,1,15000
2025-03-06,21:05,소주,1,5000
2025-03-06,21:11,소주,1,5000
2025-03-06,21:11,하이볼,1,7000
2025-03-06,21:13,닭발,1,18000
2025-03-06,21:13,계란찜,1,7000
2025-03-06,21:14,맥주,1,5000
2025-03-06,21:15,맥주,1,5000
2025-03-06,21:15,오돌뼈,1,17000
2025-03-06,21:15,오돌뼈,1,17000
2025-03-06,21:16,닭발,1,18000
2025-03-06,21:19,오돌뼈,1,17000
2025-03-06,21:19,계란찜,1,7000
2025-03-06,21:20,소주,1,5000
2025-03-06,21:20,맥주,1,5000
2025-03-06,21:20,맥주,1,5000
2025-03-06,21:21,맥주,1,5000
2025-03-06,21:21,계란찜,1,7000
2025-03-06,21:22,맥주,1,5000
2025-03-06,21:23,맥주,1,5000
2025-03-06,21:26,맥주,1,5000
2025-03-06,21:28,오돌뼈,1,17000
2025-03-06,21:29,소주,1,5000
2025-03-06,21:31,오돌뼈,1,17000
2025-03-06,21:32,맥주,1,5000
2025-03-06,21:32,닭발,1,18000
2025-03-06,21:32,오돌뼈,1,17000
2025-03-06,21:34,소주,1,5000
2025-03-06,21:34,맥주,1,5000
2025-03-06,21:35,소주,1,5000
2025-03-06,21:35,김치전,1,15000
2025-03-06,21:37,닭발,1,18000
2025-03-06,21:38,소주,1,5000
2025-03-06,21:38,하이볼,1,7000
2025-03-06,21:41,소주,1,5000
2025-03-06,21:42,맥주,1,5000
2025-03-06,21:42,닭발,1,18000
2025-03-06,21:43,맥주,1,5000
2025-03-06,21:43,계란찜,1,7000
2025-03-06,21:45,소주,1,5000
2025-03-06,21:45,맥주,1,5000
2025-03-06,21:45,하이볼,1,7000
2025-03-06,21:47,닭발,1,18000
2025-03-06,21:47,오돌뼈,1,17000
2025-03-06,21:48,소주,1,5000
2025-03-06,21:48,김치전,1,15000
2025-03-06,21:48,김치전,1,15000
2025-03-06,21:49,오돌뼈,1,17000
2025-03-06,21:51,김치전,1,15000
2025-03-06,21:51,김치전,1,15000
2025-03-06,21:52,소주,1,5000
2025-03-06,21:52,계란찜,1,7000
2025-03-06,21:52,계란찜,1,7000
2025-03-06,21:54,소주,1,5000
2025-03-06,21:55,소주,1,5000
2025-03-06,21:55,맥주,1,5000
2025-03-06,21:55,맥주,1,5000
2025-03-06,21:57,김치전,1,15000
2025-03-06,22:00,오돌뼈,1,17000
2025-03-06,22:01,닭발,1,18000
2025-03-06,22:02,닭발,1,18000
2025-03-06,22:02,오돌뼈,1,17000
2025-03-06,22:05,소주,1,5000
2025-03-06,22:07,맥주,1,5000
2025-03-06,22:08,하이볼,1,7000
2025-03-06,22:08,하이볼,1,7000
2025-03-06,22:10,소주,1,5000
2025-03-06,22:11,맥주,1,5000
2025-03-06,22:12,소주,1,5000
2025-03-06,22:16,소주,1,5000
2025-03-06,22:16,소주,1,5000
2025-03-06,22:16,김치전,1,15000
2025-03-06,22:17,하이볼,1,7000
2025-03-06,22:19,계란찜,1,7000
2025-03-06,22:25,김치전,1,15000
2025-03-06,22:26,김치전,1,15000
2025-03-06,22:26,계란찜,1,7000
2025-03-06,22:28,계란찜,1,7000
2025-03-06,22:31,오돌뼈,1,17000
2025-03-06,22:33,맥주,1,5000
2025-03-06,22:34,소주,1,5000
2025-03-06,22:38,소주,1,5000
2025-03-06,22:39,소주,1,5000
2025-03-06,22:40,하이볼,1,7000
2025-03-06,22:40,계란찜,1,7000
2025-03-06,22:46,맥주,1,5000
2025-03-06,22:46,닭발,1,18000
2025-03-06,22:47,계란찜,1,7000
2025-03-06,22:49,닭발,1,18000
2025-03-06,22:50,맥주,1,5000
2025-03-06,22:51,닭발,1,18000
2025-03-06,22:51,닭발,1,18000
2025-03-06,22:52,오돌뼈,1,17000
2025-03-06,22:54,하이볼,1,7000
2025-03-06,22:55,맥주,1,5000
2025-03-06,22:59,맥주,1,5000
2025-03-06,23:00,맥주,1,5000
2025-03-06,23:03,하이볼,1,7000
2025-03-06,23:04,맥주,1,5000
2025-03-06,23:04,맥주,1,5000
2025-03-06,23:04,김치전,1,15000
2025-03-06,23:06,맥주,1,5000
2025-03-06,23:07,하이볼,1,7000
2025-03-06,23:10,소주,1,5000
2025-03-06,23:10,하이볼,1,7000
2025-03-06,23:18,소주,1,5000
2025-03-06,23:50,맥주,1,5000
2025-03-07,19:15,맥주,1,5000
2025-03-07,19:16,소주,1,5000
2025-03-07,19:18,맥주,1,5000
2025-03-07,19:25,맥주,1,5000
2025-03-07,19:26,김치전,1,15000
2025-03-07,19:31,소주,1,5000
2025-03-07,19:34,소주,1,5000
2025-03-07,19:38,하이볼,1,7000
2025-03-07,19:46,오돌뼈,1,17000
2025-03-07,19:51,소주,1,5000
2025-03-07,19:55,소주,1,5000
2025-03-07,19:57,닭발,1,18000
2025-03-07,19:58,오돌뼈,1,17000
2025-03-07,19:59,오돌뼈,1,17000
2025-03-07,20:00,맥주,1,5000
2025-03-07,20:01,소주,1,5000
2025-03-07,20:01,소주,1,5000
2025-03-07,20:05,소주,1,5000
2025-03-07,20:05,계란찜,1,7000
2025-03-07,20:06,소주,1,5000
2025-03-07,20:06,김치전,1,15000
2025-03-07,20:06,계란찜,1,7000
2025-03-07,20:07,소주,1,5000
2025-03-07,20:08,하이볼,1,7000
2025-03-07,20:09,김치전,1,15000
2025-03-07,20:10,소주,1,5000
2025-03-07,20:18,오돌뼈,1,17000
2025-03-07,20:20,소주,1,5000
2025-03-07,20:23,계란찜,1,7000
2025-03-07,20:27,김치전,1,15000
2025-03-07,20:28,맥주,1,5000
2025-03-07,20:28,오돌뼈,1,17000
2025-03-07,20:30,소주,1,5000
2025-03-07,20:37,하이볼,1,7000
2025-03-07,20:37,오돌뼈,1,17000
2025-03-07,20:38,맥주,1,5000
2025-03-07,20:38,닭발,1,18000
2025-03-07,20:38,닭발,1,18000
2025-03-07,20:39,하이볼,1,7000
2025-03-07,20:39,하이볼,1,7000
2025-03-07,20:41,맥주,1,5000
2025-03-07,20:41,계란찜,1,7000
2025-03-07,20:42,닭발,1,18000
2025-03-07,20:43,맥주,1,5000
2025-03-07,20:44,닭발,1,18000
2025-03-07,20:45,하이볼,1,7000
2025-03-07,20:45,김치전,1,15000
2025-03-07,20:46,계란찜,1,7000
2025-03-07,20:46,계란찜,1,7000
2025-03-07,20:47,맥주,1,5000
2025-03-07,20:48,소주,1,5000
2025-03-07,20:49,닭발,1,18000
2025-03-07,20:50,맥주,1,5000
2025-03-07,20:50,계란찜,1,7000
2025-03-07,20:51,오돌뼈,1,17000
2025-03-07,20:53,김치전,1,15000
2025-03-07,20:55,맥주,1,5000
2025-03-07,20:55,계란찜,1,7000
2025-03-07,20:57,하이볼,1,7000
2025-03-07,20:57,닭발,1,18000
2025-03-07,20:58,닭발,1,18000
2025-03-07,20:58,오돌뼈,1,17000
2025-03-07,21:02,소주,1,5000
2025-03-07,21:02,김치전,1,15000
2025-03-07,21:03,소주,1,5000
2025-03-07,21:06,하이볼,1,7000
2025-03-07,21:07,하이볼,1,7000
2025-03-07,21:08,오돌뼈,1,17000
2025-03-07,21:09,소주,1,5000
2025-03-07,21:09,닭발,1,18000
2025-03-07,21:10,하이볼,1,7000
2025-03-07,21:12,맥주,1,5000
2025-03-07,21:13,하이볼,1,7000
2025-03-07,21:14,김치전,1,15000
2025-03-07,21:15,닭발,1,18000
2025-03-07,21:16,소주,1,5000
2025-03-07,21:17,소주,1,5000
2025-03-07,21:17,하이볼,1,7000
2025-03-07,21:17,오돌뼈,1,17000
2025-03-07,21:19,맥주,1,5000
2025-03-07,21:19,맥주,1,5000
2025-03-07,21:20,오돌뼈,1,17000
2025-03-07,21:21,소주,1,5000
2025-03-07,21:22,소주,1,5000
2025-03-07,21:22,맥주,1,5000
2025-03-07,21:25,소주,1,5000
2025-03-07,21:27,소주,1,5000
2025-03-07,21:28,소주,1,5000
2025-03-07,21:28,닭발,1,18000
2025-03-07,21:29,계란찜,1,7000
2025-03-07,21:30,소주,1,5000
2025-03-07,21:30,맥주,1,5000
2025-03-07,21:31,하이볼,1,7000
2025-03-07,21:31,닭발,1,18000
2025-03-07,21:32,하이볼,1,7000
2025-03-07,21:33,소주,1,5000
2025-03-07,21:33,맥주,1,5000
2025-03-07,21:34,김치전,1,15000
2025-03-07,21:35,맥주,1,5000
2025-03-07,21:35,오돌뼈,1,17000
2025-03-07,21:36,소주,1,5000
2025-03-07,21:36,맥주,1,5000
2025-03-07,21:39,닭발,1,18000
2025-03-07,21:40,소주,1,5000
2025-03-07,21:41,맥주,1,5000
2025-03-07,21:41,닭발,1,18000
2025-03-07,21:42,소주,1,5000
2025-03-07,21:43,맥주,1,5000
2025-03-07,21:43,닭발,1,18000
2025-03-07,21:44,소주,1,5000
2025-03-07,21:44,하이볼,1,7000
2025-03-07,21:46,소주,1,5000
2025-03-07,21:46,소주,1,5000
2025-03-07,21:46,소주,1,5000
2025-03-07,21:46,김치전,1,15000
2025-03-07,21:49,소주,1,5000
2025-03-07,21:51,소주,1,5000
2025-03-07,21:52,맥주,1,5000
2025-03-07,21:54,맥주,1,5000
2025-03-07,21:54,맥주,1,5000
2025-03-07,21:54,계란찜,1,7000
2025-03-07,21:55,하이볼,1,7000
2025-03-07,21:57,맥주,1,5000
2025-03-07,21:58,맥주,1,5000
2025-03-07,22:01,맥주,1,5000
2025-03-07,22:02,맥주,1,5000
2025-03-07,22:02,하이볼,1,7000
2025-03-07,22:03,닭발,1,18000
2025-03-07,22:04,오돌뼈,1,17000
2025-03-07,22:05,소주,1,5000
2025-03-07,22:05,닭발,1,18000
2025-03-07,22:05,닭발,1,18000
2025-03-07,22:06,닭발,1,18000
2025-03-07,22:07,소주,1,5000
2025-03-07,22:08,김치전,1,15000
2025-03-07,22:09,하이볼,1,7000
2025-03-07,22:09,계란찜,1,7000
2025-03-07,22:12,맥주,1,5000
2025-03-07,22:13,소주,1,5000
2025-03-07,22:13,오돌뼈,1,17000
2025-03-07,22:16,맥주,1,5000
2025-03-07,22:17,하이볼,1,7000
2025-03-07,22:18,오돌뼈,1,17000
2025-03-07,22:20,맥주,1,5000
2025-03-07,22:24,맥주,1,5000
2025-03-07,22:24,맥주,1,5000
2025-03-07,22:26,맥주,1,5000
2025-03-07,22:27,김치전,1,15000
2025-03-07,22:29,소주,1,5000
2025-03-07,22:29,하이볼,1,7000
2025-03-07,22:29,닭발,1,18000
2025-03-07,22:29,계란찜,1,7000
2025-03-07,22:30,오돌뼈,1,17000
2025-03-07,22:33,맥주,1,5000
2025-03-07,22:34,맥주,1,5000
2025-03-07,22:37,김치전,1,15000
2025-03-07,22:41,맥주,1,5000
2025-03-07,22:42,오돌뼈,1,17000
2025-03-07,22:44,오돌뼈,1,17000
2025-03-07,22:45,하이볼,1,7000
2025-03-07,22:45,계란찜,1,7000
2025-03-07,22:49,닭발,1,18000
2025-03-07,22:55,맥주,1,5000
2025-03-07,22:56,소주,1,5000
2025-03-07,22:57,오돌뼈,1,17000
2025-03-07,23:07,맥주,1,5000
2025-03-07,23:10,소주,1,5000
2025-03-07,23:10,소주,1,5000
2025-03-07,23:14,닭발,1,18000
2025-03-07,23:20,하이볼,1,7000
2025-03-07,23:22,맥주,1,5000
2025-03-07,23:23,소주,1,5000
2025-03-07,23:23,닭발,1,18000
2025-03-07,23:23,김치전,1,15000
2025-03-07,23:28,맥주,1,5000
2025-03-07,23:33,소주,1,5000
2025-03-07,23:35,맥주,1,5000
2025-03-07,23:39,김치전,1,15000
2025-03-07,23:42,소주,1,5000
2025-03-07,23:45,맥주,1,5000
2025-03-07,23:50,닭발,1,18000
2025-03-07,23:50,오돌뼈,1,17000
2025-03-07,23:50,김치전,1,15000
2025-03-07,23:50,계란찜,1,7000
2025-03-08,19:31,계란찜,1,7000
2025-03-08,19:33,계란찜,1,7000
2025-03-08,19:37,닭발,1,18000
2025-03-08,19:40,소주,1,5000
2025-03-08,19:40,소주,1,5000
2025-03-08,19:43,김치전,1,15000
2025-03-08,19:52,소주,1,5000
2025-03-08,19:52,소주,1,5000
2025-03-08,19:58,맥주,1,5000
2025-03-08,20:07,김치전,1,15000
2025-03-08,20:13,소주,1,5000
2025-03-08,20:13,하이볼,1,7000
2025-03-08,20:17,맥주,1,5000
2025-03-08,20:20,하이볼,1,7000
2025-03-08,20:21,하이볼,1,7000
2025-03-08,20:21,오돌뼈,1,17000
2025-03-08,20:24,맥주,1,5000
2025-03-08,20:24,오돌뼈,1,17000
2025-03-08,20:25,하이볼,1,7000
2025-03-08,20:25,닭발,1,18000
2025-03-08,20:27,맥주,1,5000
2025-03-08,20:27,오돌뼈,1,17000
2025-03-08,20:36,하이볼,1,7000
2025-03-08,20:39,소주,1,5000
2025-03-08,20:39,닭발,1,18000
2025-03-08,20:40,김치전,1,15000
2025-03-08,20:40,김치전,1,15000
2025-03-08,20:41,하이볼,1,7000
2025-03-08,20:43,닭발,1,18000
2025-03-08,20:46,맥주,1,5000
2025-03-08,20:46,닭발,1,18000
2025-03-08,20:46,닭발,1,18000
2025-03-08,20:48,맥주,1,5000
2025-03-08,20:49,소주,1,5000
2025-03-08,20:50,하이볼,1,7000
2025-03-08,20:50,하이볼,1,7000
2025-03-08,20:51,닭발,1,18000
2025-03-08,20:51,오돌뼈,1,17000
2025-03-08,20:53,하이볼,1,7000
2025-03-08,20:53,오돌뼈,1,17000
2025-03-08,20:55,소주,1,5000
2025-03-08,20:55,소주,1,5000
2025-03-08,20:57,닭발,1,18000
2025-03-08,20:58,맥주,1,5000
2025-03-08,21:02,소주,1,5000
2025-03-08,21:02,김치전,1,15000
2025-03-08,21:03,닭발,1,18000
2025-03-08,21:05,하이볼,1,7000
2025-03-08,21:05,하이볼,1,7000
2025-03-08,21:06,오돌뼈,1,17000
2025-03-08,21:07,닭발,1,18000
2025-03-08,21:09,닭발,1,18000
2025-03-08,21:10,소주,1,5000
2025-03-08,21:10,김치전,1,15000
2025-03-08,21:13,닭발,1,18000
2025-03-08,21:16,하이볼,1,7000
2025-03-08,21:16,김치전,1,15000
2025-03-08,21:20,맥주,1,5000
2025-03-08,21:23,맥주,1,5000
2025-03-08,21:24,맥주,1,5000
2025-03-08,21:24,오돌뼈,1,17000
2025-03-08,21:26,맥주,1,5000
2025-03-08,21:27,오돌뼈,1,17000
2025-03-08,21:30,소주,1,5000
2025-03-08,21:31,오돌뼈,1,17000
2025-03-08,21:31,계란찜,1,7000
2025-03-08,21:34,맥주,1,5000
2025-03-08,21:35,오돌뼈,1,17000
2025-03-08,21:36,하이볼,1,7000
2025-03-08,21:37,김치전,1,15000
2025-03-08,21:38,계란찜,1,7000
2025-03-08,21:39,맥주,1,5000
2025-03-08,21:40,맥주,1,5000
2025-03-08,21:40,맥주,1,5000
2025-03-08,21:40,하이볼,1,7000
2025-03-08,21:41,소주,1,5000
2025-03-08,21:41,계란찜,1,7000
2025-03-08,21:43,맥주,1,5000
2025-03-08,21:44,닭발,1,18000
2025-03-08,21:45,소주,1,5000
2025-03-08,21:46,맥주,1,5000
2025-03-08,21:48,계란찜,1,7000
2025-03-08,21:49,맥주,1,5000
2025-03-08,21:51,하이볼,1,7000
2025-03-08,21:51,김치전,1,15000
2025-03-08,21:52,하이볼,1,7000
2025-03-08,21:53,소주,1,5000
2025-03-08,21:53,소주,1,5000
2025-03-08,21:56,소주,1,5000
2025-03-08,21:57,맥주,1,5000
2025-03-08,21:58,소주,1,5000
2025-03-08,21:58,소주,1,5000
2025-03-08,21:59,김치전,1,15000
2025-03-08,22:00,소주,1,5000
2025-03-08,22:02,맥주,1,5000
2025-03-08,22:02,계란찜,1,7000
2025-03-08,22:05,소주,1,5000
2025-03-08,22:05,닭발,1,18000
2025-03-08,22:07,오돌뼈,1,17000
2025-03-08,22:07,오돌뼈,1,17000
2025-03-08,22:08,소주,1,5000
2025-03-08,22:11,오돌뼈,1,17000
2025-03-08,22:13,소주,1,5000
2025-03-08,22:13,맥주,1,5000
2025-03-08,22:13,닭발,1,18000
2025-03-08,22:14,소주,1,5000
2025-03-08,22:14,맥주,1,5000
2025-03-08,22:14,맥주,1,5000
2025-03-08,22:16,맥주,1,5000
2025-03-08,22:21,닭발,1,18000
2025-03-08,22:22,맥주,1,5000
2025-03-08,22:23,소주,1,5000
2025-03-08,22:27,맥주,1,5000
2025-03-08,22:28,소주,1,5000
2025-03-08,22:28,계란찜,1,7000
2025-03-08,22:31,소주,1,5000
2025-03-08,22:31,하이볼,1,7000
2025-03-08,22:35,소주,1,5000
2025-03-08,22:37,닭발,1,18000
2025-03-08,22:39,맥주,1,5000
2025-03-08,22:40,맥주,1,5000
2025-03-08,22:40,맥주,1,5000
2025-03-08,22:41,계란찜,1,7000
2025-03-08,22:42,소주,1,5000
2025-03-08,22:43,소주,1,5000
2025-03-08,22:43,계란찜,1,7000
2025-03-08,22:44,김치전,1,15000
2025-03-08,22:50,하이볼,1,7000
2025-03-08,22:51,맥주,1,5000
2025-03-08,22:52,맥주,1,5000
2025-03-08,23:03,소주,1,5000
2025-03-08,23:06,닭발,1,18000
2025-03-08,23:08,소주,1,5000
2025-03-08,23:13,계란찜,1,7000
2025-03-08,23:15,맥주,1,5000
2025-03-08,23:16,하이볼,1,7000
2025-03-08,23:18,소주,1,5000
2025-03-08,23:19,소주,1,5000
2025-03-08,23:23,계란찜,1,7000
2025-03-08,23:29,계란찜,1,7000
2025-03-08,23:31,소주,1,5000
2025-03-08,23:32,소주,1,5000
2025-03-08,23:40,김치전,1,15000
2025-03-08,23:50,소주,1,5000
2025-03-08,23:50,김치전,1,15000
2025-03-08,23:50,계란찜,1,7000
2025-03-09,19:40,소주,1,5000
2025-03-09,19:47,오돌뼈,1,17000
2025-03-09,19:58,닭발,1,18000
2025-03-09,20:02,김치전,1,15000
2025-03-09,20:03,오돌뼈,1,17000
2025-03-09,20:13,맥주,1,5000
2025-03-09,20:16,김치전,1,15000
2025-03-09,20:18,하이볼,1,7000
2025-03-09,20:21,맥주,1,5000
2025-03-09,20:24,맥주,1,5000
2025-03-09,20:30,김치전,1,15000
2025-03-09,20:33,소주,1,5000
2025-03-09,20:37,닭발,1,18000
2025-03-09,20:38,맥주,1,5000
2025-03-09,20:41,소주,1,5000
2025-03-09,20:45,맥주,1,5000
2025-03-09,20:46,닭발,1,18000
2025-03-09,20:49,소주,1,5000
2025-03-09,20:51,계란찜,1,7000
2025-03-09,20:53,맥주,1,5000
2025-03-09,20:56,소주,1,5000
2025-03-09,20:57,소주,1,5000
2025-03-09,20:59,하이볼,1,7000
2025-03-09,21:04,닭발,1,18000
2025-03-09,21:06,소주,1,5000
2025-03-09,21:09,김치전,1,15000
2025-03-09,21:10,소주,1,5000
2025-03-09,21:13,닭발,1,18000
2025-03-09,21:16,김치전,1,15000
2025-03-09,21:17,하이볼,1,7000
2025-03-09,21:17,계란찜,1,7000
2025-03-09,21:23,소주,1,5000
2025-03-09,21:24,소주,1,5000
2025-03-09,21:25,맥주,1,5000
2025-03-09,21:27,맥주,1,5000
2025-03-09,21:32,맥주,1,5000
2025-03-09,21:35,맥주,1,5000
2025-03-09,21:36,오돌뼈,1,17000
2025-03-09,21:38,하이볼,1,7000
2025-03-09,21:38,닭발,1,18000
2025-03-09,21:40,계란찜,1,7000
2025-03-09,21:44,소주,1,5000
2025-03-09,21:45,맥주,1,5000
2025-03-09,21:47,소주,1,5000
2025-03-09,21:48,계란찜,1,7000
2025-03-09,21:50,맥주,1,5000
2025-03-09,21:59,김치전,1,15000
2025-03-09,22:00,소주,1,5000
2025-03-09,22:01,닭발,1,18000
2025-03-09,22:01,김치전,1,15000
2025-03-09,22:03,하이볼,1,7000
2025-03-09,22:08,소주,1,5000
2025-03-09,22:09,맥주,1,5000
2025-03-09,22:18,오돌뼈,1,17000
2025-03-09,22:23,하이볼,1,7000
2025-03-09,22:25,오돌뼈,1,17000
2025-03-09,22:37,김치전,1,15000
2025-03-09,22:41,김치전,1,15000
2025-03-09,22:44,계란찜,1,7000
2025-03-09,22:45,하이볼,1,7000
2025-03-09,22:45,오돌뼈,1,17000
2025-03-09,22:51,닭발,1,18000
2025-03-09,22:53,소주,1,5000
2025-03-09,22:53,닭발,1,18000
2025-03-09,23:10,맥주,1,5000
2025-03-09,23:12,소주,1,5000
2025-03-09,23:50,소주,1,5000
2025-03-10,19:35,소주,1,5000
2025-03-10,19:45,닭발,1,18000
2025-03-10,20:07,맥주,1,5000
2025-03-10,20:08,소주,1,5000
2025-03-10,20:10,닭발,1,18000
2025-03-10,20:17,맥주,1,5000
2025-03-10,20:22,맥주,1,5000
2025-03-10,20:24,하이볼,1,7000
2025-03-10,20:28,하이볼,1,7000
2025-03-10,20:28,하이볼,1,7000
2025-03-10,20:33,소주,1,5000
2025-03-10,20:38,맥주,1,5000
2025-03-10,20:44,오돌뼈,1,17000
2025-03-10,20:46,맥주,1,5000
2025-03-10,20:50,김치전,1,15000
2025-03-10,20:52,오돌뼈,1,17000
2025-03-10,20:53,맥주,1,5000
2025-03-10,20:58,소주,1,5000
2025-03-10,21:00,맥주,1,5000
2025-03-10,21:05,하이볼,1,7000
2025-03-10,21:05,계란찜,1,7000
2025-03-10,21:06,닭발,1,18000
2025-03-10,21:06,닭발,1,18000
2025-03-10,21:08,소주,1,5000
2025-03-10,21:08,김치전,1,15000
2025-03-10,21:10,계란찜,1,7000
2025-03-10,21:12,맥주,1,5000
2025-03-10,21:15,김치전,1,15000
2025-03-10,21:16,오돌뼈,1,17000
2025-03-10,21:18,닭발,1,18000
2025-03-10,21:19,김치전,1,15000
2025-03-10,21:21,소주,1,5000
2025-03-10,21:22,소주,1,5000
2025-03-10,21:22,하이볼,1,7000
2025-03-10,21:22,닭발,1,18000
2025-03-10,21:25,오돌뼈,1,17000
2025-03-10,21:26,소주,1,5000
2025-03-10,21:28,하이볼,1,7000
2025-03-10,21:32,맥주,1,5000
2025-03-10,21:35,하이볼,1,7000
2025-03-10,21:37,소주,1,5000
2025-03-10,21:37,소주,1,5000
2025-03-10,21:39,소주,1,5000
2025-03-10,21:41,소주,1,5000
2025-03-10,21:41,계란찜,1,7000
2025-03-10,21:43,닭발,1,18000
2025-03-10,21:45,맥주,1,5000
2025-03-10,21:45,김치전,1,15000
2025-03-10,21:49,오돌뼈,1,17000
2025-03-10,21:50,오돌뼈,1,17000
2025-03-10,21:52,오돌뼈,1,17000
2025-03-10,21:53,하이볼,1,7000
2025-03-10,22:00,소주,1,5000
2025-03-10,22:02,소주,1,5000
2025-03-10,22:02,맥주,1,5000
2025-03-10,22:02,김치전,1,15000
2025-03-10,22:05,김치전,1,15000
2025-03-10,22:06,닭발,1,18000
2025-03-10,22:07,소주,1,5000
2025-03-10,22:07,맥주,1,5000
2025-03-10,22:08,닭발,1,18000
2025-03-10,22:10,소주,1,5000
2025-03-10,22:10,오돌뼈,1,17000
2025-03-10,22:11,김치전,1,15000
2025-03-10,22:15,소주,1,5000
2025-03-10,22:20,닭발,1,18000
2025-03-10,22:24,맥주,1,5000
2025-03-10,22:26,맥주,1,5000
2025-03-10,22:27,닭발,1,18000
2025-03-10,22:28,맥주,1,5000
2025-03-10,22:28,닭발,1,18000
2025-03-10,22:33,오돌뼈,1,17000
2025-03-10,22:35,맥주,1,5000
2025-03-10,22:38,맥주,1,5000
2025-03-10,22:51,소주,1,5000
2025-03-10,23:00,소주,1,5000
2025-03-10,23:01,소주,1,5000
2025-03-10,23:01,오돌뼈,1,17000
2025-03-10,23:03,소주,1,5000
2025-03-10,23:06,맥주,1,5000
2025-03-10,23:11,맥주,1,5000
2025-03-10,23:12,소주,1,5000
2025-03-10,23:13,계란찜,1,7000
2025-03-10,23:16,소주,1,5000
2025-03-10,23:17,맥주,1,5000
2025-03-10,23:17,오돌뼈,1,17000
2025-03-10,23:18,소주,1,5000
2025-03-10,23:21,맥주,1,5000
2025-03-10,23:25,하이볼,1,7000
2025-03-10,23:28,하이볼,1,7000
2025-03-10,23:50,맥주,1,5000
2025-03-11,18:58,맥주,1,5000
2025-03-11,19:11,오돌뼈,1,17000
2025-03-11,19:18,계란찜,1,7000
2025-03-11,19:20,맥주,1,5000
2025-03-11,19:23,김치전,1,15000
2025-03-11,19:31,하이볼,1,7000
2025-03-11,19:32,김치전,1,15000
2025-03-11,19:39,맥주,1,5000
2025-03-11,19:41,계란찜,1,7000
2025-03-11,19:42,맥주,1,5000
2025-03-11,19:47,소주,1,5000
2025-03-11,19:50,맥주,1,5000
2025-03-11,19:50,닭발,1,18000
2025-03-11,19:57,소주,1,5000
2025-03-11,19:58,맥주,1,5000
2025-03-11,20:02,김치전,1,15000
2025-03-11,20:04,닭발,1,18000
2025-03-11,20:05,계란찜,1,7000
2025-03-11,20:08,소주,1,5000
2025-03-11,20:11,맥주,1,5000
2025-03-11,20:13,오돌뼈,1,17000
2025-03-11,20:16,오돌뼈,1,17000
2025-03-11,20:17,하이볼,1,7000
2025-03-11,20:20,맥주,1,5000
2025-03-11,20:23,소주,1,5000
2025-03-11,20:23,하이볼,1,7000
2025-03-11,20:25,소주,1,5000
2025-03-11,20:31,하이볼,1,7000
2025-03-11,20:33,소주,1,5000
2025-03-11,20:33,오돌뼈,1,17000
2025-03-11,20:34,닭발,1,18000
2025-03-11,20:36,하이볼,1,7000
2025-03-11,20:40,닭발,1,18000
2025-03-11,20:44,맥주,1,5000
2025-03-11,20:44,맥주,1,5000
2025-03-11,20:45,맥주,1,5000
2025-03-11,20:47,하이볼,1,7000
2025-03-11,20:47,오돌뼈,1,17000
2025-03-11,20:50,소주,1,5000
2025-03-11,20:51,소주,1,5000
2025-03-11,20:51,소주,1,5000
2025-03-11,20:52,하이볼,1,7000
2025-03-11,20:55,김치전,1,15000
2025-03-11,21:00,소주,1,5000
2025-03-11,21:05,소주,1,5000
2025-03-11,21:08,소주,1,5000
2025-03-11,21:11,소주,1,5000
2025-03-11,21:14,맥주,1,5000
2025-03-11,21:14,하이볼,1,7000
2025-03-11,21:14,오돌뼈,1,17000
2025-03-11,21:16,맥주,1,5000
2025-03-11,21:16,맥주,1,5000
2025-03-11,21:20,소주,1,5000
2025-03-11,21:20,맥주,1,5000
2025-03-11,21:23,닭발,1,18000
2025-03-11,21:25,소주,1,5000
2025-03-11,21:29,오돌뼈,1,17000
2025-03-11,21:30,김치전,1,15000
2025-03-11,21:31,닭발,1,18000
2025-03-11,21:32,소주,1,5000
2025-03-11,21:32,맥주,1,5000
2025-03-11,21:32,닭발,1,18000
2025-03-11,21:33,맥주,1,5000
2025-03-11,21:37,맥주,1,5000
2025-03-11,21:37,맥주,1,5000
2025-03-11,21:37,닭발,1,18000
2025-03-11,21:39,김치전,1,15000
2025-03-11,21:40,소주,1,5000
2025-03-11,21:41,소주,1,5000
2025-03-11,21:44,하이볼,1,7000
2025-03-11,21:45,맥주,1,5000
2025-03-11,21:45,닭발,1,18000
2025-03-11,21:45,닭발,1,18000
2025-03-11,21:48,소주,1,5000
2025-03-11,21:50,김치전,1,15000
2025-03-11,21:51,계란찜,1,7000
2025-03-11,21:52,닭발,1,18000
2025-03-11,21:53,소주,1,5000
2025-03-11,21:54,소주,1,5000
2025-03-11,21:55,계란찜,1,7000
2025-03-11,21:57,소주,1,5000
2025-03-11,21:57,계란찜,1,7000
2025-03-11,22:04,계란찜,1,7000
2025-03-11,22:06,오돌뼈,1,17000
2025-03-11,22:07,소주,1,5000
2025-03-11,22:08,소주,1,5000
2025-03-11,22:08,맥주,1,5000
2025-03-11,22:08,닭발,1,18000
2025-03-11,22:10,맥주,1,5000
2025-03-11,22:10,닭발,1,18000
2025-03-11,22:11,소주,1,5000
2025-03-11,22:12,김치전,1,15000
2025-03-11,22:15,소주,1,5000
2025-03-11,22:15,오돌뼈,1,17000
2025-03-11,22:16,맥주,1,5000
2025-03-11,22:16,닭발,1,18000
2025-03-11,22:16,오돌뼈,1,17000
2025-03-11,22:18,맥주,1,5000
2025-03-11,22:20,맥주,1,5000
2025-03-11,22:25,계란찜,1,7000
2025-03-11,22:26,계란찜,1,7000
2025-03-11,22:28,소주,1,5000
2025-03-11,22:28,오돌뼈,1,17000
2025-03-11,22:28,계란찜,1,7000
2025-03-11,22:29,오돌뼈,1,17000
2025-03-11,22:29,김치전,1,15000
2025-03-11,22:31,김치전,1,15000
2025-03-11,22:37,소주,1,5000
2025-03-11,22:41,소주,1,5000
2025-03-11,22:43,닭발,1,18000
2025-03-11,22:45,계란찜,1,7000
2025-03-11,22:49,하이볼,1,7000
2025-03-11,22:51,맥주,1,5000
2025-03-11,22:51,김치전,1,15000
2025-03-11,22:53,하이볼,1,7000
2025-03-11,22:55,하이볼,1,7000
2025-03-11,22:56,소주,1,5000
2025-03-11,22:57,소주,1,5000
2025-03-11,23:08,소주,1,5000
2025-03-11,23:09,소주,1,5000
2025-03-11,23:24,맥주,1,5000
2025-03-11,23:24,계란찜,1,7000
2025-03-11,23:33,맥주,1,5000
2025-03-11,23:39,하이볼,1,7000
2025-03-11,23:40,오돌뼈,1,17000
2025-03-11,23:41,닭발,1,18000
2025-03-11,23:50,하이볼,1,7000
2025-03-12,19:25,오돌뼈,1,17000
2025-03-12,19:30,김치전,1,15000
2025-03-12,19:36,계란찜,1,7000
2025-03-12,19:39,맥주,1,5000
2025-03-12,19:43,맥주,1,5000
2025-03-12,19:44,김치전,1,15000
2025-03-12,19:46,오돌뼈,1,17000
2025-03-12,19:51,하이볼,1,7000
2025-03-12,19:53,소주,1,5000
2025-03-12,19:54,맥주,1,5000
2025-03-12,19:56,소주,1,5000
2025-03-12,20:02,맥주,1,5000
2025-03-12,20:02,맥주,1,5000
2025-03-12,20:04,닭발,1,18000
2025-03-12,20:08,소주,1,5000
2025-03-12,20:09,소주,1,5000
2025-03-12,20:12,맥주,1,5000
2025-03-12,20:14,소주,1,5000
2025-03-12,20:14,김치전,1,15000
2025-03-12,20:15,김치전,1,15000
2025-03-12,20:16,닭발,1,18000
2025-03-12,20:17,계란찜,1,7000
2025-03-12,20:18,소주,1,5000
2025-03-12,20:19,하이볼,1,7000
2025-03-12,20:20,하이볼,1,7000
2025-03-12,20:21,닭발,1,18000
2025-03-12,20:21,오돌뼈,1,17000
2025-03-12,20:26,맥주,1,5000
2025-03-12,20:27,오돌뼈,1,17000
2025-03-12,20:27,계란찜,1,7000
2025-03-12,20:29,닭발,1,18000
2025-03-12,20:30,소주,1,5000
2025-03-12,20:31,하이볼,1,7000
2025-03-12,20:31,계란찜,1,7000
2025-03-12,20:32,하이볼,1,7000
2025-03-12,20:32,오돌뼈,1,17000
2025-03-12,20:33,맥주,1,5000
2025-03-12,20:34,맥주,1,5000
2025-03-12,20:35,소주,1,5000
2025-03-12,20:37,소주,1,5000
2025-03-12,20:37,하이볼,1,7000
2025-03-12,20:38,소주,1,5000
2025-03-12,20:38,오돌뼈,1,17000
2025-03-12,20:39,소주,1,5000
2025-03-12,20:39,소주,1,5000
2025-03-12,20:39,맥주,1,5000
2025-03-12,20:44,김치전,1,15000
2025-03-12,20:44,계란찜,1,7000
2025-03-12,20:45,닭발,1,18000
2025-03-12,20:48,소주,1,5000
2025-03-12,20:49,닭발,1,18000
2025-03-12,20:50,닭발,1,18000
2025-03-12,20:51,맥주,1,5000
2025-03-12,20:51,하이볼,1,7000
2025-03-12,20:51,닭발,1,18000
2025-03-12,20:52,하이볼,1,7000
2025-03-12,20:55,맥주,1,5000
2025-03-12,20:55,김치전,1,15000
2025-03-12,20:57,닭발,1,18000
2025-03-12,20:59,소주,1,5000
2025-03-12,20:59,하이볼,1,7000
2025-03-12,20:59,하이볼,1,7000
2025-03-12,21:02,맥주,1,5000
2025-03-12,21:03,소주,1,5000
2025-03-12,21:03,닭발,1,18000
2025-03-12,21:04,맥주,1,5000
2025-03-12,21:04,닭발,1,18000
2025-03-12,21:05,닭발,1,18000
2025-03-12,21:06,하이볼,1,7000
2025-03-12,21:08,소주,1,5000
2025-03-12,21:11,김치전,1,15000
2025-03-12,21:12,맥주,1,5000
2025-03-12,21:13,하이볼,1,7000
2025-03-12,21:16,닭발,1,18000
2025-03-12,21:17,계란찜,1,7000
2025-03-12,21:17,계란찜,1,7000
2025-03-12,21:21,소주,1,5000
2025-03-12,21:22,맥주,1,5000
2025-03-12,21:23,맥주,1,5000
2025-03-12,21:24,맥주,1,5000
2025-03-12,21:26,맥주,1,5000
2025-03-12,21:26,맥주,1,5000
2025-03-12,21:29,하이볼,1,7000
2025-03-12,21:30,김치전,1,15000
2025-03-12,21:33,맥주,1,5000
2025-03-12,21:35,소주,1,5000
2025-03-12,21:35,맥주,1,5000
2025-03-12,21:36,오돌뼈,1,17000
2025-03-12,21:38,소주,1,5000
2025-03-12,21:38,오돌뼈,1,17000
2025-03-12,21:40,소주,1,5000
2025-03-12,21:40,하이볼,1,7000
2025-03-12,21:41,소주,1,5000
2025-03-12,21:41,오돌뼈,1,17000
2025-03-12,21:42,김치전,1,15000
2025-03-12,21:43,오돌뼈,1,17000
2025-03-12,21:45,맥주,1,5000
2025-03-12,21:48,소주,1,5000
2025-03-12,21:53,하이볼,1,7000
2025-03-12,21:55,맥주,1,5000
2025-03-12,21:57,오돌뼈,1,17000
2025-03-12,21:58,소주,1,5000
2025-03-12,21:59,오돌뼈,1,17000
2025-03-12,22:02,하이볼,1,7000
2025-03-12,22:03,소주,1,5000
2025-03-12,22:03,맥주,1,5000
2025-03-12,22:05,계란찜,1,7000
2025-03-12,22:06,맥주,1,5000
2025-03-12,22:10,소주,1,5000
2025-03-12,22:10,하이볼,1,7000
2025-03-12,22:10,오돌뼈,1,17000
2025-03-12,22:13,김치전,1,15000
2025-03-12,22:14,닭발,1,18000
2025-03-12,22:15,계란찜,1,7000
2025-03-12,22:16,오돌뼈,1,17000
2025-03-12,22:16,김치전,1,15000
2025-03-12,22:17,맥주,1,5000
2025-03-12,22:17,오돌뼈,1,17000
2025-03-12,22:19,맥주,1,5000
2025-03-12,22:22,닭발,1,18000
2025-03-12,22:24,맥주,1,5000
2025-03-12,22:24,하이볼,1,7000
2025-03-12,22:24,계란찜,1,7000
2025-03-12,22:25,맥주,1,5000
2025-03-12,22:25,맥주,1,5000
2025-03-12,22:29,계란찜,1,7000
2025-03-12,22:30,소주,1,5000
2025-03-12,22:30,김치전,1,15000
2025-03-12,22:32,소주,1,5000
2025-03-12,22:33,계란찜,1,7000
2025-03-12,22:36,소주,1,5000
2025-03-12,22:37,소주,1,5000
2025-03-12,22:39,맥주,1,5000
2025-03-12,22:39,닭발,1,18000
2025-03-12,22:40,소주,1,5000
2025-03-12,22:41,소주,1,5000
2025-03-12,22:42,오돌뼈,1,17000
2025-03-12,22:44,오돌뼈,1,17000
2025-03-12,22:46,소주,1,5000
2025-03-12,22:47,소주,1,5000
2025-03-12,22:50,소주,1,5000
2025-03-12,22:51,맥주,1,5000
2025-03-12,22:51,맥주,1,5000
2025-03-12,22:58,닭발,1,18000
2025-03-12,23:01,하이볼,1,7000
2025-03-12,23:03,소주,1,5000
2025-03-12,23:05,소주,1,5000
2025-03-12,23:12,닭발,1,18000
2025-03-12,23:13,소주,1,5000
2025-03-12,23:16,소주,1,5000
2025-03-12,23:19,닭발,1,18000
2025-03-12,23:20,소주,1,5000
2025-03-12,23:24,하이볼,1,7000
2025-03-12,23:24,닭발,1,18000
2025-03-12,23:29,김치전,1,15000
2025-03-12,23:47,소주,1,5000
2025-03-12,23:50,맥주,1,5000
2025-03-13,18:38,하이볼,1,7000
2025-03-13,18:53,하이볼,1,7000
2025-03-13,18:57,하이볼,1,7000
2025-03-13,19:25,계란찜,1,7000
2025-03-13,19:38,닭발,1,18000
2025-03-13,19:45,닭발,1,18000
2025-03-13,19:45,계란찜,1,7000
2025-03-13,19:49,맥주,1,5000
2025-03-13,19:50,하이볼,1,7000
2025-03-13,19:52,소주,1,5000
2025-03-13,19:53,맥주,1,5000
2025-03-13,19:57,소주,1,5000
2025-03-13,19:57,하이볼,1,7000
2025-03-13,20:03,맥주,1,5000
2025-03-13,20:05,소주,1,5000
2025-03-13,20:05,소주,1,5000
2025-03-13,20:08,오돌뼈,1,17000
2025-03-13,20:09,닭발,1,18000
2025-03-13,20:09,김치전,1,15000
2025-03-13,20:10,하이볼,1,7000
2025-03-13,20:11,소주,1,5000
2025-03-13,20:11,소주,1,5000
2025-03-13,20:11,오돌뼈,1,17000
2025-03-13,20:12,소주,1,5000
2025-03-13,20:12,오돌뼈,1,17000
2025-03-13,20:14,소주,1,5000
2025-03-13,20:14,맥주,1,5000
2025-03-13,20:15,닭발,1,18000
2025-03-13,20:15,김치전,1,15000
2025-03-13,20:16,소주,1,5000
2025-03-13,20:18,소주,1,5000
2025-03-13,20:23,계란찜,1,7000
2025-03-13,20:25,맥주,1,5000
2025-03-13,20:27,하이볼,1,7000
2025-03-13,20:30,소주,1,5000
2025-03-13,20:31,소주,1,5000
2025-03-13,20:31,맥주,1,5000
2025-03-13,20:31,하이볼,1,7000
2025-03-13,20:32,소주,1,5000
2025-03-13,20:33,하이볼,1,7000
2025-03-13,20:36,맥주,1,5000
2025-03-13,20:36,닭발,1,18000
2025-03-13,20:36,닭발,1,18000
2025-03-13,20:37,오돌뼈,1,17000
2025-03-13,20:38,소주,1,5000
2025-03-13,20:39,소주,1,5000
2025-03-13,20:39,소주,1,5000
2025-03-13,20:41,소주,1,5000
2025-03-13,20:41,소주,1,5000
2025-03-13,20:42,소주,1,5000
2025-03-13,20:45,맥주,1,5000
2025-03-13,20:45,하이볼,1,7000
2025-03-13,20:46,닭발,1,18000
2025-03-13,20:48,맥주,1,5000
2025-03-13,20:48,닭발,1,18000
2025-03-13,20:49,닭발,1,18000
2025-03-13,20:49,계란찜,1,7000
2025-03-13,20:49,계란찜,1,7000
2025-03-13,20:50,맥주,1,5000
2025-03-13,20:50,맥주,1,5000
2025-03-13,20:50,김치전,1,15000
2025-03-13,20:52,소주,1,5000
2025-03-13,20:52,맥주,1,5000
2025-03-13,20:54,소주,1,5000
2025-03-13,20:56,맥주,1,5000
2025-03-13,20:57,소주,1,5000
2025-03-13,20:57,소주,1,5000
2025-03-13,20:59,닭발,1,18000
2025-03-13,20:59,김치전,1,15000
2025-03-13,21:06,오돌뼈,1,17000
2025-03-13,21:10,맥주,1,5000
2025-03-13,21:12,소주,1,5000
2025-03-13,21:12,닭발,1,18000
2025-03-13,21:13,맥주,1,5000
2025-03-13,21:13,오돌뼈,1,17000
2025-03-13,21:15,닭발,1,18000
2025-03-13,21:15,닭발,1,18000
2025-03-13,21:16,맥주,1,5000
2025-03-13,21:17,소주,1,5000
2025-03-13,21:18,소주,1,5000
2025-03-13,21:19,소주,1,5000
2025-03-13,21:23,소주,1,5000
2025-03-13,21:24,닭발,1,18000
2025-03-13,21:30,오돌뼈,1,17000
2025-03-13,21:32,오돌뼈,1,17000
2025-03-13,21:33,닭발,1,18000
2025-03-13,21:33,계란찜,1,7000
2025-03-13,21:34,소주,1,5000
2025-03-13,21:35,김치전,1,15000
2025-03-13,21:36,하이볼,1,7000
2025-03-13,21:37,맥주,1,5000
2025-03-13,21:37,김치전,1,15000
2025-03-13,21:41,맥주,1,5000
2025-03-13,21:41,맥주,1,5000
2025-03-13,21:44,맥주,1,5000
2025-03-13,21:45,하이볼,1,7000
2025-03-13,21:45,닭발,1,18000
2025-03-13,21:46,오돌뼈,1,17000
2025-03-13,21:48,오돌뼈,1,17000
2025-03-13,21:49,계란찜,1,7000
2025-03-13,21:51,소주,1,5000
2025-03-13,21:51,맥주,1,5000
2025-03-13,21:51,오돌뼈,1,17000
2025-03-13,21:52,닭발,1,18000
2025-03-13,21:53,하이볼,1,7000
2025-03-13,21:53,닭발,1,18000
2025-03-13,21:55,맥주,1,5000
2025-03-13,21:58,맥주,1,5000
2025-03-13,21:59,오돌뼈,1,17000
2025-03-13,21:59,김치전,1,15000
2025-03-13,22:00,맥주,1,5000
2025-03-13,22:00,오돌뼈,1,17000
2025-03-13,22:01,맥주,1,5000
2025-03-13,22:03,오돌뼈,1,17000
2025-03-13,22:03,오돌뼈,1,17000
2025-03-13,22:05,맥주,1,5000
2025-03-13,22:05,맥주,1,5000
2025-03-13,22:07,맥주,1,5000
2025-03-13,22:09,닭발,1,18000
2025-03-13,22:09,김치전,1,15000
2025-03-13,22:10,오돌뼈,1,17000
2025-03-13,22:10,김치전,1,15000
2025-03-13,22:13,소주,1,5000
2025-03-13,22:13,소주,1,5000
2025-03-13,22:13,맥주,1,5000
2025-03-13,22:13,하이볼,1,7000
2025-03-13,22:14,소주,1,5000
2025-03-13,22:14,소주,1,5000
2025-03-13,22:14,닭발,1,18000
2025-03-13,22:14,오돌뼈,1,17000
2025-03-13,22:15,하이볼,1,7000
2025-03-13,22:18,계란찜,1,7000
2025-03-13,22:19,맥주,1,5000
2025-03-13,22:19,닭발,1,18000
2025-03-13,22:20,소주,1,5000
2025-03-13,22:20,맥주,1,5000
2025-03-13,22:21,소주,1,5000
2025-03-13,22:21,오돌뼈,1,17000
2025-03-13,22:22,맥주,1,5000
2025-03-13,22:24,오돌뼈,1,17000
2025-03-13,22:25,김치전,1,15000
2025-03-13,22:25,계란찜,1,7000
2025-03-13,22:26,맥주,1,5000
2025-03-13,22:29,소주,1,5000
2025-03-13,22:29,맥주,1,5000
2025-03-13,22:31,김치전,1,15000
2025-03-13,22:33,맥주,1,5000
2025-03-13,22:35,소주,1,5000
2025-03-13,22:35,맥주,1,5000
2025-03-13,22:36,소주,1,5000
2025-03-13,22:36,계란찜,1,7000
2025-03-13,22:40,소주,1,5000
2025-03-13,22:40,김치전,1,15000
2025-03-13,22:42,소주,1,5000
2025-03-13,22:43,소주,1,5000
2025-03-13,22:43,하이볼,1,7000
2025-03-13,22:47,맥주,1,5000
2025-03-13,22:47,김치전,1,15000
2025-03-13,22:47,계란찜,1,7000
2025-03-13,22:48,소주,1,5000
2025-03-13,22:49,김치전,1,15000
2025-03-13,22:50,소주,1,5000
2025-03-13,22:51,김치전,1,15000
2025-03-13,22:51,김치전,1,15000
2025-03-13,22:53,소주,1,5000
2025-03-13,22:53,하이볼,1,7000
2025-03-13,22:55,하이볼,1,7000
2025-03-13,22:55,계란찜,1,7000
2025-03-13,22:56,오돌뼈,1,17000
2025-03-13,23:04,하이볼,1,7000
2025-03-13,23:10,맥주,1,5000
2025-03-13,23:14,맥주,1,5000
2025-03-13,23:16,오돌뼈,1,17000
2025-03-13,23:18,김치전,1,15000
2025-03-13,23:20,맥주,1,5000
2025-03-13,23:25,소주,1,5000
2025-03-13,23:30,소주,1,5000
2025-03-13,23:50,하이볼,1,7000
2025-03-13,23:50,하이볼,1,7000
2025-03-13,23:50,닭발,1,18000
2025-03-14,18:58,맥주,1,5000
2025-03-14,19:09,하이볼,1,7000
2025-03-14,19:24,맥주,1,5000
2025-03-14,19:33,맥주,1,5000
2025-03-14,19:42,하이볼,1,7000
2025-03-14,20:01,오돌뼈,1,17000
2025-03-14,20:01,계란찜,1,7000
2025-03-14,20:05,김치전,1,15000
2025-03-14,20:06,하이볼,1,7000
2025-03-14,20:08,닭발,1,18000
2025-03-14,20:11,맥주,1,5000
2025-03-14,20:11,오돌뼈,1,17000
2025-03-14,20:15,맥주,1,5000
2025-03-14,20:15,닭발,1,18000
2025-03-14,20:19,맥주,1,5000
2025-03-14,20:19,하이볼,1,7000
2025-03-14,20:19,하이볼,1,7000
2025-03-14,20:22,하이볼,1,7000
2025-03-14,20:23,오돌뼈,1,17000
2025-03-14,20:25,하이볼,1,7000
2025-03-14,20:28,맥주,1,5000
2025-03-14,20:28,계란찜,1,7000
2025-03-14,20:29,소주,1,5000
2025-03-14,20:29,김치전,1,15000
2025-03-14,20:30,하이볼,1,7000
2025-03-14,20:31,소주,1,5000
2025-03-14,20:35,소주,1,5000
2025-03-14,20:41,소주,1,5000
2025-03-14,20:41,맥주,1,5000
2025-03-14,20:41,닭발,1,18000
2025-03-14,20:42,맥주,1,5000
2025-03-14,20:42,맥주,1,5000
2025-03-14,20:42,닭발,1,18000
2025-03-14,20:43,김치전,1,15000
2025-03-14,20:43,계란찜,1,7000
2025-03-14,20:44,오돌뼈,1,17000
2025-03-14,20:46,김치전,1,15000
2025-03-14,20:47,닭발,1,18000
2025-03-14,20:48,닭발,1,18000
2025-03-14,20:48,오돌뼈,1,17000
2025-03-14,20:49,맥주,1,5000
2025-03-14,20:52,오돌뼈,1,17000
2025-03-14,20:53,소주,1,5000
2025-03-14,20:56,맥주,1,5000
2025-03-14,20:56,김치전,1,15000
2025-03-14,20:57,맥주,1,5000
2025-03-14,20:58,오돌뼈,1,17000
2025-03-14,21:00,하이볼,1,7000
2025-03-14,21:01,소주,1,5000
2025-03-14,21:01,맥주,1,5000
2025-03-14,21:01,맥주,1,5000
2025-03-14,21:03,소주,1,5000
2025-03-14,21:04,소주,1,5000
2025-03-14,21:04,계란찜,1,7000
2025-03-14,21:05,하이볼,1,7000
2025-03-14,21:06,닭발,1,18000
2025-03-14,21:07,맥주,1,5000
2025-03-14,21:08,소주,1,5000
2025-03-14,21:08,맥주,1,5000
2025-03-14,21:08,오돌뼈,1,17000
2025-03-14,21:09,하이볼,1,7000
2025-03-14,21:10,소주,1,5000
2025-03-14,21:13,맥주,1,5000
2025-03-14,21:14,맥주,1,5000
2025-03-14,21:15,소주,1,5000
2025-03-14,21:16,오돌뼈,1,17000
2025-03-14,21:17,소주,1,5000
2025-03-14,21:17,맥주,1,5000
2025-03-14,21:17,맥주,1,5000
2025-03-14,21:17,계란찜,1,7000
2025-03-14,21:18,하이볼,1,7000
2025-03-14,21:18,김치전,1,15000
2025-03-14,21:19,김치전,1,15000
2025-03-14,21:20,소주,1,5000
2025-03-14,21:20,소주,1,5000
2025-03-14,21:20,하이볼,1,7000
2025-03-14,21:20,김치전,1,15000
2025-03-14,21:21,닭발,1,18000
2025-03-14,21:22,소주,1,5000
2025-03-14,21:22,닭발,1,18000
2025-03-14,21:23,계란찜,1,7000
2025-03-14,21:25,맥주,1,5000
2025-03-14,21:25,하이볼,1,7000
2025-03-14,21:25,계란찜,1,7000
2025-03-14,21:26,소주,1,5000
2025-03-14,21:26,김치전,1,15000
2025-03-14,21:27,소주,1,5000
2025-03-14,21:28,소주,1,5000
2025-03-14,21:28,닭발,1,18000
2025-03-14,21:29,맥주,1,5000
2025-03-14,21:29,계란찜,1,7000
2025-03-14,21:30,소주,1,5000
2025-03-14,21:31,소주,1,5000
2025-03-14,21:32,소주,1,5000
2025-03-14,21:32,김치전,1,15000
2025-03-14,21:32,김치전,1,15000
2025-03-14,21:33,닭발,1,18000
2025-03-14,21:35,소주,1,5000
2025-03-14,21:35,하이볼,1,7000
2025-03-14,21:36,맥주,1,5000
2025-03-14,21:36,김치전,1,15000
2025-03-14,21:36,계란찜,1,7000
2025-03-14,21:37,소주,1,5000
2025-03-14,21:37,닭발,1,18000
2025-03-14,21:38,오돌뼈,1,17000
2025-03-14,21:39,소주,1,5000
2025-03-14,21:39,닭발,1,18000
2025-03-14,21:40,닭발,1,18000
2025-03-14,21:42,소주,1,5000
2025-03-14,21:42,소주,1,5000
2025-03-14,21:42,소주,1,5000
2025-03-14,21:43,소주,1,5000
2025-03-14,21:43,맥주,1,5000
2025-03-14,21:43,닭발,1,18000
2025-03-14,21:44,오돌뼈,1,17000
2025-03-14,21:46,소주,1,5000
2025-03-14,21:48,계란찜,1,7000
2025-03-14,21:49,소주,1,5000
2025-03-14,21:49,맥주,1,5000
2025-03-14,21:50,하이볼,1,7000
2025-03-14,21:51,소주,1,5000
2025-03-14,21:51,맥주,1,5000
2025-03-14,21:51,하이볼,1,7000
2025-03-14,21:52,하이볼,1,7000
2025-03-14,21:52,김치전,1,15000
2025-03-14,21:53,소주,1,5000
2025-03-14,21:53,닭발,1,18000
2025-03-14,21:53,닭발,1,18000
2025-03-14,21:53,계란찜,1,7000
2025-03-14,21:54,오돌뼈,1,17000
2025-03-14,21:54,오돌뼈,1,17000
2025-03-14,21:55,소주,1,5000
2025-03-14,21:55,닭발,1,18000
2025-03-14,21:56,맥주,1,5000
2025-03-14,21:58,소주,1,5000
2025-03-14,21:58,닭발,1,18000
2025-03-14,21:59,오돌뼈,1,17000
2025-03-14,22:00,닭발,1,18000
2025-03-14,22:04,소주,1,5000
2025-03-14,22:05,소주,1,5000
2025-03-14,22:05,하이볼,1,7000
2025-03-14,22:08,김치전,1,15000
2025-03-14,22:09,닭발,1,18000
2025-03-14,22:12,맥주,1,5000
2025-03-14,22:15,소주,1,5000
2025-03-14,22:15,닭발,1,18000
2025-03-14,22:16,소주,1,5000
2025-03-14,22:16,하이볼,1,7000
2025-03-14,22:18,맥주,1,5000
2025-03-14,22:18,오돌뼈,1,17000
2025-03-14,22:19,소주,1,5000
2025-03-14,22:20,맥주,1,5000
2025-03-14,22:22,소주,1,5000
2025-03-14,22:22,맥주,1,5000
2025-03-14,22:24,소주,1,5000
2025-03-14,22:24,맥주,1,5000
2025-03-14,22:24,맥주,1,5000
2025-03-14,22:24,김치전,1,15000
2025-03-14,22:25,맥주,1,5000
2025-03-14,22:25,오돌뼈,1,17000
2025-03-14,22:26,김치전,1,15000
2025-03-14,22:28,닭발,1,18000
2025-03-14,22:31,맥주,1,5000
2025-03-14,22:31,맥주,1,5000
2025-03-14,22:31,오돌뼈,1,17000
2025-03-14,22:34,닭발,1,18000
2025-03-14,22:34,오돌뼈,1,17000
2025-03-14,22:36,소주,1,5000
2025-03-14,22:37,소주,1,5000
2025-03-14,22:38,계란찜,1,7000
2025-03-14,22:39,맥주,1,5000
2025-03-14,22:40,계란찜,1,7000
2025-03-14,22:42,소주,1,5000
2025-03-14,22:42,소주,1,5000
2025-03-14,22:44,소주,1,5000
2025-03-14,22:46,하이볼,1,7000
2025-03-14,22:48,맥주,1,5000
2025-03-14,22:49,닭발,1,18000
2025-03-14,22:49,오돌뼈,1,17000
2025-03-14,22:51,닭발,1,18000
2025-03-14,22:53,계란찜,1,7000
2025-03-14,22:57,맥주,1,5000
2025-03-14,23:01,하이볼,1,7000
2025-03-14,23:16,오돌뼈,1,17000
2025-03-14,23:19,닭발,1,18000
2025-03-14,23:20,계란찜,1,7000
2025-03-14,23:29,맥주,1,5000
2025-03-14,23:29,하이볼,1,7000
2025-03-14,23:36,맥주,1,5000
2025-03-14,23:50,맥주,1,5000
2025-03-15,19:07,소주,1,5000
2025-03-15,19:13,하이볼,1,7000
2025-03-15,19:17,하이볼,1,7000
2025-03-15,19:18,소주,1,5000
2025-03-15,19:19,오돌뼈,1,17000
2025-03-15,19:39,닭발,1,18000
2025-03-15,19:39,오돌뼈,1,17000
2025-03-15,19:47,계란찜,1,7000
2025-03-15,19:50,맥주,1,5000
2025-03-15,19:57,소주,1,5000
2025-03-15,19:58,맥주,1,5000
2025-03-15,19:58,맥주,1,5000
2025-03-15,20:01,하이볼,1,7000
2025-03-15,20:03,김치전,1,15000
2025-03-15,20:07,하이볼,1,7000
2025-03-15,20:17,소주,1,5000
2025-03-15,20:20,맥주,1,5000
2025-03-15,20:21,오돌뼈,1,17000
2025-03-15,20:22,오돌뼈,1,17000
2025-03-15,20:23,맥주,1,5000
2025-03-15,20:23,맥주,1,5000
2025-03-15,20:24,하이볼,1,7000
2025-03-15,20:24,오돌뼈,1,17000
2025-03-15,20:29,맥주,1,5000
2025-03-15,20:31,맥주,1,5000
2025-03-15,20:31,닭발,1,18000
2025-03-15,20:32,소주,1,5000
2025-03-15,20:32,김치전,1,15000
2025-03-15,20:34,맥주,1,5000
2025-03-15,20:35,소주,1,5000
2025-03-15,20:37,소주,1,5000
2025-03-15,20:39,닭발,1,18000
2025-03-15,20:41,오돌뼈,1,17000
2025-03-15,20:42,하이볼,1,7000
2025-03-15,20:42,오돌뼈,1,17000
2025-03-15,20:44,소주,1,5000
2025-03-15,20:46,김치전,1,15000
2025-03-15,20:47,소주,1,5000
2025-03-15,20:47,맥주,1,5000
2025-03-15,20:48,소주,1,5000
2025-03-15,20:49,계란찜,1,7000
2025-03-15,20:50,김치전,1,15000
2025-03-15,20:51,김치전,1,15000
2025-03-15,20:51,계란찜,1,7000
2025-03-15,20:51,계란찜,1,7000
2025-03-15,20:52,하이볼,1,7000
2025-03-15,20:52,오돌뼈,1,17000
2025-03-15,20:52,김치전,1,15000
2025-03-15,20:53,소주,1,5000
2025-03-15,20:53,김치전,1,15000
2025-03-15,20:54,소주,1,5000
2025-03-15,20:54,맥주,1,5000
2025-03-15,20:55,맥주,1,5000
2025-03-15,20:55,하이볼,1,7000
2025-03-15,20:57,소주,1,5000
2025-03-15,20:59,소주,1,5000
2025-03-15,20:59,맥주,1,5000
2025-03-15,20:59,닭발,1,18000
2025-03-15,21:01,맥주,1,5000
2025-03-15,21:01,하이볼,1,7000
2025-03-15,21:02,맥주,1,5000
2025-03-15,21:02,계란찜,1,7000
2025-03-15,21:03,닭발,1,18000
2025-03-15,21:04,닭발,1,18000
2025-03-15,21:04,닭발,1,18000
2025-03-15,21:05,맥주,1,5000
2025-03-15,21:06,소주,1,5000
2025-03-15,21:07,소주,1,5000
2025-03-15,21:07,맥주,1,5000
2025-03-15,21:13,닭발,1,18000
2025-03-15,21:14,소주,1,5000
2025-03-15,21:14,하이볼,1,7000
2025-03-15,21:16,소주,1,5000
2025-03-15,21:17,하이볼,1,7000
2025-03-15,21:18,소주,1,5000
2025-03-15,21:18,맥주,1,5000
2025-03-15,21:19,하이볼,1,7000
2025-03-15,21:21,소주,1,5000
2025-03-15,21:21,김치전,1,15000
2025-03-15,21:22,소주,1,5000
2025-03-15,21:22,소주,1,5000
2025-03-15,21:25,맥주,1,5000
2025-03-15,21:25,하이볼,1,7000
2025-03-15,21:25,하이볼,1,7000
2025-03-15,21:25,오돌뼈,1,17000
2025-03-15,21:25,오돌뼈,1,17000
2025-03-15,21:27,맥주,1,5000
2025-03-15,21:27,닭발,1,18000
2025-03-15,21:27,오돌뼈,1,17000
2025-03-15,21:28,소주,1,5000
2025-03-15,21:28,맥주,1,5000
2025-03-15,21:30,맥주,1,5000
2025-03-15,21:30,오돌뼈,1,17000
2025-03-15,21:30,김치전,1,15000
2025-03-15,21:33,닭발,1,18000
2025-03-15,21:33,닭발,1,18000
2025-03-15,21:33,오돌뼈,1,17000
2025-03-15,21:34,맥주,1,5000
2025-03-15,21:34,하이볼,1,7000
2025-03-15,21:34,오돌뼈,1,17000
2025-03-15,21:35,김치전,1,15000
2025-03-15,21:36,소주,1,5000
2025-03-15,21:36,소주,1,5000
2025-03-15,21:36,맥주,1,5000
2025-03-15,21:36,김치전,1,15000
2025-03-15,21:38,김치전,1,15000
2025-03-15,21:42,하이볼,1,7000
2025-03-15,21:43,맥주,1,5000
2025-03-15,21:43,닭발,1,18000
2025-03-15,21:44,하이볼,1,7000
2025-03-15,21:45,닭발,1,18000
2025-03-15,21:46,오돌뼈,1,17000
2025-03-15,21:47,맥주,1,5000
2025-03-15,21:47,김치전,1,15000
2025-03-15,21:49,하이볼,1,7000
2025-03-15,21:49,계란찜,1,7000
2025-03-15,21:51,맥주,1,5000
2025-03-15,21:51,닭발,1,18000
2025-03-15,21:52,소주,1,5000
2025-03-15,21:53,소주,1,5000
2025-03-15,21:53,소주,1,5000
2025-03-15,21:54,닭발,1,18000
2025-03-15,21:55,소주,1,5000
2025-03-15,21:55,하이볼,1,7000
2025-03-15,21:55,계란찜,1,7000
2025-03-15,21:56,소주,1,5000
2025-03-15,21:59,소주,1,5000
2025-03-15,21:59,맥주,1,5000
2025-03-15,22:00,소주,1,5000
2025-03-15,22:01,김치전,1,15000
2025-03-15,22:02,소주,1,5000
2025-03-15,22:04,계란찜,1,7000
2025-03-15,22:06,소주,1,5000
2025-03-15,22:08,닭발,1,18000
2025-03-15,22:14,소주,1,5000
2025-03-15,22:14,소주,1,5000
2025-03-15,22:14,맥주,1,5000
2025-03-15,22:14,맥주,1,5000
2025-03-15,22:14,계란찜,1,7000
2025-03-15,22:17,닭발,1,18000
2025-03-15,22:17,계란찜,1,7000
2025-03-15,22:18,닭발,1,18000
2025-03-15,22:18,오돌뼈,1,17000
2025-03-15,22:20,계란찜,1,7000
2025-03-15,22:23,소주,1,5000
2025-03-15,22:23,맥주,1,5000
2025-03-15,22:23,계란찜,1,7000
2025-03-15,22:29,계란찜,1,7000
2025-03-15,22:31,맥주,1,5000
2025-03-15,22:31,맥주,1,5000
2025-03-15,22:31,계란찜,1,7000
2025-03-15,22:32,맥주,1,5000
2025-03-15,22:33,소주,1,5000
2025-03-15,22:33,닭발,1,18000
2025-03-15,22:34,닭발,1,18000
2025-03-15,22:35,소주,1,5000
2025-03-15,22:36,하이볼,1,7000
2025-03-15,22:38,계란찜,1,7000
2025-03-15,22:40,김치전,1,15000
2025-03-15,22:43,계란찜,1,7000
2025-03-15,22:45,소주,1,5000
2025-03-15,22:46,맥주,1,5000
2025-03-15,22:48,닭발,1,18000
2025-03-15,22:48,닭발,1,18000
2025-03-15,22:49,맥주,1,5000
2025-03-15,22:50,소주,1,5000
2025-03-15,22:50,오돌뼈,1,17000
2025-03-15,22:51,닭발,1,18000
2025-03-15,22:56,김치전,1,15000
2025-03-15,22:59,하이볼,1,7000
2025-03-15,23:01,하이볼,1,7000
2025-03-15,23:02,소주,1,5000
2025-03-15,23:03,계란찜,1,7000
2025-03-15,23:07,계란찜,1,7000
2025-03-15,23:08,소주,1,5000
2025-03-15,23:09,오돌뼈,1,17000
2025-03-15,23:10,소주,1,5000
2025-03-15,23:17,소주,1,5000
2025-03-15,23:20,오돌뼈,1,17000
2025-03-15,23:20,오돌뼈,1,17000
2025-03-15,23:25,소주,1,5000
2025-03-15,23:30,맥주,1,5000
2025-03-15,23:30,맥주,1,5000
2025-03-15,23:30,닭발,1,18000
2025-03-15,23:31,소주,1,5000
2025-03-15,23:39,맥주,1,5000
2025-03-15,23:40,소주,1,5000
2025-03-15,23:50,하이볼,1,7000
2025-03-16,19:22,오돌뼈,1,17000
2025-03-16,19:33,하이볼,1,7000
2025-03-16,19:37,맥주,1,5000
2025-03-16,19:46,맥주,1,5000
2025-03-16,19:47,맥주,1,5000
2025-03-16,19:59,오돌뼈,1,17000
2025-03-16,20:05,김치전,1,15000
2025-03-16,20:11,오돌뼈,1,17000
2025-03-16,20:17,계란찜,1,7000
2025-03-16,20:23,김치전,1,15000
2025-03-16,20:30,소주,1,5000
2025-03-16,20:33,맥주,1,5000
2025-03-16,20:42,하이볼,1,7000
2025-03-16,20:43,소주,1,5000
2025-03-16,20:44,김치전,1,15000
2025-03-16,20:45,맥주,1,5000
2025-03-16,20:45,김치전,1,15000
2025-03-16,20:46,맥주,1,5000
2025-03-16,20:49,계란찜,1,7000
2025-03-16,20:50,김치전,1,15000
2025-03-16,20:53,맥주,1,5000
2025-03-16,20:54,하이볼,1,7000
2025-03-16,21:02,맥주,1,5000
2025-03-16,21:03,맥주,1,5000
2025-03-16,21:06,계란찜,1,7000
2025-03-16,21:21,닭발,1,18000
2025-03-16,21:24,소주,1,5000
2025-03-16,21:25,맥주,1,5000
2025-03-16,21:29,맥주,1,5000
2025-03-16,21:31,소주,1,5000
2025-03-16,21:32,닭발,1,18000
2025-03-16,21:33,소주,1,5000
2025-03-16,21:33,맥주,1,5000
2025-03-16,21:34,맥주,1,5000
2025-03-16,21:36,오돌뼈,1,17000
2025-03-16,21:37,계란찜,1,7000
2025-03-16,21:40,소주,1,5000
2025-03-16,21:40,닭발,1,18000
2025-03-16,21:40,닭발,1,18000
2025-03-16,21:40,계란찜,1,7000
2025-03-16,21:42,소주,1,5000
2025-03-16,21:47,하이볼,1,7000
2025-03-16,21:47,닭발,1,18000
2025-03-16,21:49,계란찜,1,7000
2025-03-16,21:50,하이볼,1,7000
2025-03-16,21:51,소주,1,5000
2025-03-16,21:54,닭발,1,18000
2025-03-16,21:55,하이볼,1,7000
2025-03-16,22:01,소주,1,5000
2025-03-16,22:02,소주,1,5000
2025-03-16,22:05,소주,1,5000
2025-03-16,22:19,맥주,1,5000
2025-03-16,22:21,하이볼,1,7000
2025-03-16,22:25,김치전,1,15000
2025-03-16,22:28,맥주,1,5000
2025-03-16,22:29,소주,1,5000
2025-03-16,22:29,오돌뼈,1,17000
2025-03-16,22:33,맥주,1,5000
2025-03-16,22:39,오돌뼈,1,17000
2025-03-16,22:41,닭발,1,18000
2025-03-16,22:47,오돌뼈,1,17000
2025-03-16,22:47,오돌뼈,1,17000
2025-03-16,22:48,소주,1,5000
2025-03-16,22:50,오돌뼈,1,17000
2025-03-16,22:52,김치전,1,15000
2025-03-16,22:58,닭발,1,18000
2025-03-16,23:03,닭발,1,18000
2025-03-16,23:04,소주,1,5000
2025-03-16,23:09,소주,1,5000
2025-03-16,23:17,맥주,1,5000
2025-03-16,23:24,하이볼,1,7000
2025-03-16,23:35,소주,1,5000
2025-03-16,23:50,하이볼,1,7000
2025-03-17,19:20,맥주,1,5000
2025-03-17,19:28,소주,1,5000
2025-03-17,19:33,소주,1,5000
2025-03-17,19:35,오돌뼈,1,17000
2025-03-17,19:40,하이볼,1,7000
2025-03-17,19:40,김치전,1,15000
2025-03-17,19:53,하이볼,1,7000
2025-03-17,19:53,닭발,1,18000
2025-03-17,19:54,오돌뼈,1,17000
2025-03-17,19:56,오돌뼈,1,17000
2025-03-17,20:01,하이볼,1,7000
2025-03-17,20:05,하이볼,1,7000
2025-03-17,20:11,김치전,1,15000
2025-03-17,20:14,소주,1,5000
2025-03-17,20:21,소주,1,5000
2025-03-17,20:25,소주,1,5000
2025-03-17,20:29,소주,1,5000
2025-03-17,20:45,맥주,1,5000
2025-03-17,20:47,맥주,1,5000
2025-03-17,20:50,오돌뼈,1,17000
2025-03-17,20:52,맥주,1,5000
2025-03-17,20:54,소주,1,5000
2025-03-17,20:57,소주,1,5000
2025-03-17,20:57,오돌뼈,1,17000
2025-03-17,20:58,하이볼,1,7000
2025-03-17,20:59,소주,1,5000
2025-03-17,20:59,소주,1,5000
2025-03-17,20:59,오돌뼈,1,17000
2025-03-17,21:00,닭발,1,18000
2025-03-17,21:03,닭발,1,18000
2025-03-17,21:05,닭발,1,18000
2025-03-17,21:06,소주,1,5000
2025-03-17,21:08,오돌뼈,1,17000
2025-03-17,21:11,하이볼,1,7000
2025-03-17,21:11,김치전,1,15000
2025-03-17,21:12,하이볼,1,7000
2025-03-17,21:15,계란찜,1,7000
2025-03-17,21:19,맥주,1,5000
2025-03-17,21:21,하이볼,1,7000
2025-03-17,21:22,소주,1,5000
2025-03-17,21:22,닭발,1,18000
2025-03-17,21:24,오돌뼈,1,17000
2025-03-17,21:29,소주,1,5000
2025-03-17,21:32,계란찜,1,7000
2025-03-17,21:38,맥주,1,5000
2025-03-17,21:42,맥주,1,5000
2025-03-17,21:43,오돌뼈,1,17000
2025-03-17,21:44,계란찜,1,7000
2025-03-17,21:46,계란찜,1,7000
2025-03-17,21:47,닭발,1,18000
2025-03-17,21:49,오돌뼈,1,17000
2025-03-17,21:50,김치전,1,15000
2025-03-17,21:54,소주,1,5000
2025-03-17,21:54,맥주,1,5000
2025-03-17,21:55,맥주,1,5000
2025-03-17,21:56,맥주,1,5000
2025-03-17,21:56,계란찜,1,7000
2025-03-17,21:57,소주,1,5000
2025-03-17,21:57,하이볼,1,7000
2025-03-17,21:58,하이볼,1,7000
2025-03-17,21:58,하이볼,1,7000
2025-03-17,21:58,닭발,1,18000
2025-03-17,21:59,맥주,1,5000
2025-03-17,21:59,맥주,1,5000
2025-03-17,22:01,소주,1,5000
2025-03-17,22:02,김치전,1,15000
2025-03-17,22:03,김치전,1,15000
2025-03-17,22:04,닭발,1,18000
2025-03-17,22:05,맥주,1,5000
2025-03-17,22:07,김치전,1,15000
2025-03-17,22:08,소주,1,5000
2025-03-17,22:08,맥주,1,5000
2025-03-17,22:11,닭발,1,18000
2025-03-17,22:12,맥주,1,5000
2025-03-17,22:16,소주,1,5000
2025-03-17,22:16,소주,1,5000
2025-03-17,22:16,맥주,1,5000
2025-03-17,22:16,오돌뼈,1,17000
2025-03-17,22:17,닭발,1,18000
2025-03-17,22:22,소주,1,5000
2025-03-17,22:24,맥주,1,5000
2025-03-17,22:31,소주,1,5000
2025-03-17,22:39,맥주,1,5000
2025-03-17,22:42,닭발,1,18000
2025-03-17,22:43,소주,1,5000
2025-03-17,22:51,맥주,1,5000
2025-03-17,23:02,맥주,1,5000
2025-03-17,23:09,소주,1,5000
2025-03-17,23:22,소주,1,5000
2025-03-17,23:24,닭발,1,18000
2025-03-18,19:14,맥주,1,5000
2025-03-18,19:37,하이볼,1,7000
2025-03-18,19:45,계란찜,1,7000
2025-03-18,19:51,오돌뼈,1,17000
2025-03-18,19:51,계란찜,1,7000
2025-03-18,19:55,하이볼,1,7000
2025-03-18,19:57,계란찜,1,7000
2025-03-18,20:03,김치전,1,15000
2025-03-18,20:07,닭발,1,18000
2025-03-18,20:11,하이볼,1,7000
2025-03-18,20:15,맥주,1,5000
2025-03-18,20:17,닭발,1,18000
2025-03-18,20:17,닭발,1,18000
2025-03-18,20:20,닭발,1,18000
2025-03-18,20:25,하이볼,1,7000
2025-03-18,20:32,소주,1,5000
2025-03-18,20:33,김치전,1,15000
2025-03-18,20:37,계란찜,1,7000
2025-03-18,20:38,소주,1,5000
2025-03-18,20:39,오돌뼈,1,17000
2025-03-18,20:40,소주,1,5000
2025-03-18,20:40,김치전,1,15000
2025-03-18,20:41,맥주,1,5000
2025-03-18,20:41,맥주,1,5000
2025-03-18,20:45,맥주,1,5000
2025-03-18,20:45,닭발,1,18000
2025-03-18,20:46,김치전,1,15000
2025-03-18,20:48,하이볼,1,7000
2025-03-18,20:52,맥주,1,5000
2025-03-18,20:52,오돌뼈,1,17000
2025-03-18,20:54,하이볼,1,7000
2025-03-18,20:55,오돌뼈,1,17000
2025-03-18,20:55,김치전,1,15000
2025-03-18,20:58,소주,1,5000
2025-03-18,20:58,소주,1,5000
2025-03-18,20:58,하이볼,1,7000
2025-03-18,20:58,닭발,1,18000
2025-03-18,20:59,하이볼,1,7000
2025-03-18,21:00,김치전,1,15000
2025-03-18,21:02,김치전,1,15000
2025-03-18,21:04,맥주,1,5000
2025-03-18,21:08,소주,1,5000
2025-03-18,21:10,맥주,1,5000
2025-03-18,21:10,닭발,1,18000
2025-03-18,21:13,닭발,1,18000
2025-03-18,21:15,맥주,1,5000
2025-03-18,21:15,맥주,1,5000
2025-03-18,21:21,소주,1,5000
2025-03-18,21:22,소주,1,5000
2025-03-18,21:23,맥주,1,5000
2025-03-18,21:26,오돌뼈,1,17000
2025-03-18,21:27,소주,1,5000
2025-03-18,21:27,맥주,1,5000
2025-03-18,21:31,소주,1,5000
2025-03-18,21:31,맥주,1,5000
2025-03-18,21:31,김치전,1,15000
2025-03-18,21:33,소주,1,5000
2025-03-18,21:36,소주,1,5000
2025-03-18,21:37,오돌뼈,1,17000
2025-03-18,21:40,소주,1,5000
2025-03-18,21:42,소주,1,5000
2025-03-18,21:45,소주,1,5000
2025-03-18,21:46,오돌뼈,1,17000
2025-03-18,21:47,오돌뼈,1,17000
2025-03-18,21:48,소주,1,5000
2025-03-18,21:48,하이볼,1,7000
2025-03-18,21:50,닭발,1,18000
2025-03-18,21:50,오돌뼈,1,17000
2025-03-18,21:54,하이볼,1,7000
2025-03-18,21:56,맥주,1,5000
2025-03-18,21:57,맥주,1,5000
2025-03-18,21:58,소주,1,5000
2025-03-18,21:58,닭발,1,18000
2025-03-18,22:00,김치전,1,15000
2025-03-18,22:02,소주,1,5000
2025-03-18,22:03,오돌뼈,1,17000
2025-03-18,22:08,닭발,1,18000
2025-03-18,22:12,하이볼,1,7000
2025-03-18,22:16,소주,1,5000
2025-03-18,22:16,소주,1,5000
2025-03-18,22:21,소주,1,5000
2025-03-18,22:22,닭발,1,18000
2025-03-18,22:23,맥주,1,5000
2025-03-18,22:25,소주,1,5000
2025-03-18,22:25,맥주,1,5000
2025-03-18,22:25,오돌뼈,1,17000
2025-03-18,22:27,하이볼,1,7000
2025-03-18,22:28,맥주,1,5000
2025-03-18,22:28,하이볼,1,7000
2025-03-18,22:28,오돌뼈,1,17000
2025-03-18,22:29,계란찜,1,7000
2025-03-18,22:31,맥주,1,5000
2025-03-18,22:32,하이볼,1,7000
2025-03-18,22:33,맥주,1,5000
2025-03-18,22:33,닭발,1,18000
2025-03-18,22:35,오돌뼈,1,17000
2025-03-18,22:36,소주,1,5000
2025-03-18,22:39,소주,1,5000
2025-03-18,22:41,소주,1,5000
2025-03-18,22:45,계란찜,1,7000
2025-03-18,22:50,계란찜,1,7000
2025-03-18,23:01,하이볼,1,7000
2025-03-18,23:01,오돌뼈,1,17000
2025-03-18,23:03,소주,1,5000
2025-03-18,23:16,닭발,1,18000
2025-03-18,23:17,계란찜,1,7000
2025-03-18,23:18,맥주,1,5000
2025-03-18,23:19,맥주,1,5000
2025-03-18,23:36,맥주,1,5000
2025-03-18,23:40,소주,1,5000
2025-03-18,23:45,소주,1,5000
2025-03-18,23:50,김치전,1,15000
2025-03-19,19:01,소주,1,5000
2025-03-19,19:08,소주,1,5000
2025-03-19,19:09,하이볼,1,7000
2025-03-19,19:12,소주,1,5000
2025-03-19,19:31,소주,1,5000
2025-03-19,19:35,닭발,1,18000
2025-03-19,19:37,오돌뼈,1,17000
2025-03-19,19:38,닭발,1,18000
2025-03-19,19:39,오돌뼈,1,17000
2025-03-19,19:49,하이볼,1,7000
2025-03-19,19:54,맥주,1,5000
2025-03-19,19:54,하이볼,1,7000
2025-03-19,19:55,소주,1,5000
2025-03-19,19:55,소주,1,5000
2025-03-19,19:55,닭발,1,18000
2025-03-19,19:57,소주,1,5000
2025-03-19,19:59,오돌뼈,1,17000
2025-03-19,20:00,하이볼,1,7000
2025-03-19,20:03,소주,1,5000
2025-03-19,20:11,닭발,1,18000
2025-03-19,20:14,소주,1,5000
2025-03-19,20:14,맥주,1,5000
2025-03-19,20:16,닭발,1,18000
2025-03-19,20:18,맥주,1,5000
2025-03-19,20:19,소주,1,5000
2025-03-19,20:20,오돌뼈,1,17000
2025-03-19,20:23,맥주,1,5000
2025-03-19,20:24,소주,1,5000
2025-03-19,20:27,김치전,1,15000
2025-03-19,20:28,닭발,1,18000
2025-03-19,20:29,맥주,1,5000
2025-03-19,20:29,하이볼,1,7000
2025-03-19,20:33,계란찜,1,7000
2025-03-19,20:42,맥주,1,5000
2025-03-19,20:42,닭발,1,18000
2025-03-19,20:48,소주,1,5000
2025-03-19,20:50,소주,1,5000
2025-03-19,20:51,맥주,1,5000
2025-03-19,20:52,오돌뼈,1,17000
2025-03-19,20:55,맥주,1,5000
2025-03-19,20:56,맥주,1,5000
2025-03-19,20:57,맥주,1,5000
2025-03-19,20:59,소주,1,5000
2025-03-19,21:01,소주,1,5000
2025-03-19,21:01,맥주,1,5000
2025-03-19,21:01,오돌뼈,1,17000
2025-03-19,21:03,소주,1,5000
2025-03-19,21:03,닭발,1,18000
2025-03-19,21:03,김치전,1,15000
2025-03-19,21:07,소주,1,5000
2025-03-19,21:07,맥주,1,5000
2025-03-19,21:07,하이볼,1,7000
2025-03-19,21:07,계란찜,1,7000
2025-03-19,21:08,계란찜,1,7000
2025-03-19,21:11,맥주,1,5000
2025-03-19,21:11,하이볼,1,7000
2025-03-19,21:12,맥주,1,5000
2025-03-19,21:12,맥주,1,5000
2025-03-19,21:14,맥주,1,5000
2025-03-19,21:15,맥주,1,5000
2025-03-19,21:16,계란찜,1,7000
2025-03-19,21:20,김치전,1,15000
2025-03-19,21:24,맥주,1,5000
2025-03-19,21:24,김치전,1,15000
2025-03-19,21:25,하이볼,1,7000
2025-03-19,21:28,소주,1,5000
2025-03-19,21:29,맥주,1,5000
2025-03-19,21:29,오돌뼈,1,17000
2025-03-19,21:29,김치전,1,15000
2025-03-19,21:30,계란찜,1,7000
2025-03-19,21:31,하이볼,1,7000
2025-03-19,21:36,계란찜,1,7000
2025-03-19,21:39,소주,1,5000
2025-03-19,21:40,소주,1,5000
2025-03-19,21:41,맥주,1,5000
2025-03-19,21:42,하이볼,1,7000
2025-03-19,21:42,오돌뼈,1,17000
2025-03-19,21:43,닭발,1,18000
2025-03-19,21:46,맥주,1,5000
2025-03-19,21:48,소주,1,5000
2025-03-19,21:48,맥주,1,5000
2025-03-19,21:48,김치전,1,15000
2025-03-19,21:49,김치전,1,15000
2025-03-19,21:49,계란찜,1,7000
2025-03-19,21:52,소주,1,5000
2025-03-19,21:55,오돌뼈,1,17000
2025-03-19,22:01,소주,1,5000
2025-03-19,22:03,오돌뼈,1,17000
2025-03-19,22:11,김치전,1,15000
2025-03-19,22:14,닭발,1,18000
2025-03-19,22:18,닭발,1,18000
2025-03-19,22:18,닭발,1,18000
2025-03-19,22:20,닭발,1,18000
2025-03-19,22:25,하이볼,1,7000
2025-03-19,22:26,닭발,1,18000
2025-03-19,22:30,소주,1,5000
2025-03-19,22:32,소주,1,5000
2025-03-19,22:32,맥주,1,5000
2025-03-19,22:33,소주,1,5000
2025-03-19,22:33,소주,1,5000
2025-03-19,22:33,닭발,1,18000
2025-03-19,22:41,하이볼,1,7000
2025-03-19,22:42,맥주,1,5000
2025-03-19,22:43,김치전,1,15000
2025-03-19,22:47,맥주,1,5000
2025-03-19,22:51,맥주,1,5000
2025-03-19,22:53,소주,1,5000
2025-03-19,23:04,소주,1,5000
2025-03-19,23:11,하이볼,1,7000
2025-03-19,23:11,오돌뼈,1,17000
2025-03-19,23:13,김치전,1,15000
2025-03-19,23:37,김치전,1,15000
2025-03-20,18:33,맥주,1,5000
2025-03-20,18:54,오돌뼈,1,17000
2025-03-20,19:11,계란찜,1,7000
2025-03-20,19:13,하이볼,1,7000
2025-03-20,19:23,닭발,1,18000
2025-03-20,19:25,소주,1,5000
2025-03-20,19:28,하이볼,1,7000
2025-03-20,19:38,맥주,1,5000
2025-03-20,19:40,오돌뼈,1,17000
2025-03-20,19:42,김치전,1,15000
2025-03-20,19:44,맥주,1,5000
2025-03-20,19:49,오돌뼈,1,17000
2025-03-20,19:52,소주,1,5000
2025-03-20,19:57,계란찜,1,7000
2025-03-20,19:58,오돌뼈,1,17000
2025-03-20,19:59,소주,1,5000
2025-03-20,20:01,하이볼,1,7000
2025-03-20,20:03,닭발,1,18000
2025-03-20,20:04,소주,1,5000
2025-03-20,20:04,닭발,1,18000
2025-03-20,20:12,오돌뼈,1,17000
2025-03-20,20:17,오돌뼈,1,17000
2025-03-20,20:22,김치전,1,15000
2025-03-20,20:25,계란찜,1,7000
2025-03-20,20:27,닭발,1,18000
2025-03-20,20:27,닭발,1,18000
2025-03-20,20:28,맥주,1,5000
2025-03-20,20:32,맥주,1,5000
2025-03-20,20:35,김치전,1,15000
2025-03-20,20:37,닭발,1,18000
2025-03-20,20:38,소주,1,5000
2025-03-20,20:38,소주,1,5000
2025-03-20,20:39,맥주,1,5000
2025-03-20,20:40,소주,1,5000
2025-03-20,20:40,소주,1,5000
2025-03-20,20:40,맥주,1,5000
2025-03-20,20:41,소주,1,5000
2025-03-20,20:43,닭발,1,18000
2025-03-20,20:46,소주,1,5000
2025-03-20,20:47,소주,1,5000
2025-03-20,20:47,계란찜,1,7000
2025-03-20,20:49,김치전,1,15000
2025-03-20,20:50,소주,1,5000
2025-03-20,20:50,맥주,1,5000
2025-03-20,20:50,오돌뼈,1,17000
2025-03-20,20:52,맥주,1,5000
2025-03-20,20:56,하이볼,1,7000
2025-03-20,20:58,맥주,1,5000
2025-03-20,20:58,하이볼,1,7000
2025-03-20,20:58,오돌뼈,1,17000
2025-03-20,20:59,하이볼,1,7000
2025-03-20,21:00,오돌뼈,1,17000
2025-03-20,21:03,닭발,1,18000
2025-03-20,21:04,하이볼,1,7000
2025-03-20,21:04,김치전,1,15000
2025-03-20,21:05,김치전,1,15000
2025-03-20,21:09,하이볼,1,7000
2025-03-20,21:09,오돌뼈,1,17000
2025-03-20,21:10,소주,1,5000
2025-03-20,21:12,닭발,1,18000
2025-03-20,21:13,소주,1,5000
2025-03-20,21:13,맥주,1,5000
2025-03-20,21:14,맥주,1,5000
2025-03-20,21:15,맥주,1,5000
2025-03-20,21:16,소주,1,5000
2025-03-20,21:16,하이볼,1,7000
2025-03-20,21:16,오돌뼈,1,17000
2025-03-20,21:16,김치전,1,15000
2025-03-20,21:16,계란찜,1,7000
2025-03-20,21:16,계란찜,1,7000
2025-03-20,21:17,계란찜,1,7000
2025-03-20,21:19,하이볼,1,7000
2025-03-20,21:21,맥주,1,5000
2025-03-20,21:21,김치전,1,15000
2025-03-20,21:22,소주,1,5000
2025-03-20,21:22,맥주,1,5000
2025-03-20,21:22,하이볼,1,7000
2025-03-20,21:24,맥주,1,5000
2025-03-20,21:25,계란찜,1,7000
2025-03-20,21:26,하이볼,1,7000
2025-03-20,21:30,맥주,1,5000
2025-03-20,21:31,맥주,1,5000
2025-03-20,21:31,닭발,1,18000
2025-03-20,21:32,소주,1,5000
2025-03-20,21:32,김치전,1,15000
2025-03-20,21:35,계란찜,1,7000
2025-03-20,21:35,계란찜,1,7000
2025-03-20,21:38,소주,1,5000
2025-03-20,21:39,닭발,1,18000
2025-03-20,21:39,오돌뼈,1,17000
2025-03-20,21:39,김치전,1,15000
2025-03-20,21:44,소주,1,5000
2025-03-20,21:44,계란찜,1,7000
2025-03-20,21:45,소주,1,5000
2025-03-20,21:47,소주,1,5000
2025-03-20,21:47,하이볼,1,7000
2025-03-20,21:48,맥주,1,5000
2025-03-20,21:50,하이볼,1,7000
2025-03-20,21:51,오돌뼈,1,17000
2025-03-20,21:53,소주,1,5000
2025-03-20,21:53,김치전,1,15000
2025-03-20,21:53,계란찜,1,7000
2025-03-20,21:54,닭발,1,18000
2025-03-20,21:54,오돌뼈,1,17000
2025-03-20,21:56,김치전,1,15000
2025-03-20,21:57,오돌뼈,1,17000
2025-03-20,22:00,하이볼,1,7000
2025-03-20,22:02,맥주,1,5000
2025-03-20,22:03,소주,1,5000
2025-03-20,22:03,소주,1,5000
2025-03-20,22:03,맥주,1,5000
2025-03-20,22:07,소주,1,5000
2025-03-20,22:07,소주,1,5000
2025-03-20,22:07,하이볼,1,7000
2025-03-20,22:07,김치전,1,15000
2025-03-20,22:09,소주,1,5000
2025-03-20,22:11,맥주,1,5000
2025-03-20,22:11,하이볼,1,7000
2025-03-20,22:11,닭발,1,18000
2025-03-20,22:13,맥주,1,5000
2025-03-20,22:14,소주,1,5000
2025-03-20,22:15,하이볼,1,7000
2025-03-20,22:16,닭발,1,18000
2025-03-20,22:18,오돌뼈,1,17000
2025-03-20,22:19,맥주,1,5000
2025-03-20,22:20,맥주,1,5000
2025-03-20,22:21,맥주,1,5000
2025-03-20,22:24,맥주,1,5000
2025-03-20,22:24,닭발,1,18000
2025-03-20,22:26,소주,1,5000
2025-03-20,22:27,소주,1,5000
2025-03-20,22:29,맥주,1,5000
2025-03-20,22:30,소주,1,5000
2025-03-20,22:30,맥주,1,5000
2025-03-20,22:30,닭발,1,18000
2025-03-20,22:33,소주,1,5000
2025-03-20,22:36,소주,1,5000
2025-03-20,22:37,맥주,1,5000
2025-03-20,22:40,오돌뼈,1,17000
2025-03-20,22:42,소주,1,5000
2025-03-20,22:45,맥주,1,5000
2025-03-20,22:46,소주,1,5000
2025-03-20,22:49,소주,1,5000
2025-03-20,22:49,닭발,1,18000
2025-03-20,22:56,하이볼,1,7000
2025-03-20,23:07,하이볼,1,7000
2025-03-20,23:09,맥주,1,5000
2025-03-20,23:17,김치전,1,15000
2025-03-20,23:24,맥주,1,5000
2025-03-20,23:30,계란찜,1,7000
2025-03-20,23:40,소주,1,5000
2025-03-20,23:50,소주,1,5000
2025-03-20,23:50,맥주,1,5000
2025-03-20,23:50,김치전,1,15000
2025-03-21,19:11,오돌뼈,1,17000
2025-03-21,19:31,김치전,1,15000
2025-03-21,19:33,오돌뼈,1,17000
2025-03-21,19:33,계란찜,1,7000
2025-03-21,19:37,맥주,1,5000
2025-03-21,19:41,소주,1,5000
2025-03-21,19:42,오돌뼈,1,17000
2025-03-21,19:50,닭발,1,18000
2025-03-21,19:51,김치전,1,15000
2025-03-21,19:55,소주,1,5000
2025-03-21,19:56,오돌뼈,1,17000
2025-03-21,19:57,닭발,1,18000
2025-03-21,20:07,맥주,1,5000
2025-03-21,20:12,오돌뼈,1,17000
2025-03-21,20:17,김치전,1,15000
2025-03-21,20:22,맥주,1,5000
2025-03-21,20:25,소주,1,5000
2025-03-21,20:25,맥주,1,5000
2025-03-21,20:26,소주,1,5000
2025-03-21,20:26,오돌뼈,1,17000
2025-03-21,20:29,소주,1,5000
2025-03-21,20:29,김치전,1,15000
2025-03-21,20:30,하이볼,1,7000
2025-03-21,20:31,닭발,1,18000
2025-03-21,20:32,맥주,1,5000
2025-03-21,20:33,소주,1,5000
2025-03-21,20:35,맥주,1,5000
2025-03-21,20:35,닭발,1,18000
2025-03-21,20:35,오돌뼈,1,17000
2025-03-21,20:35,계란찜,1,7000
2025-03-21,20:36,소주,1,5000
2025-03-21,20:38,오돌뼈,1,17000
2025-03-21,20:39,닭발,1,18000
2025-03-21,20:40,닭발,1,18000
2025-03-21,20:42,하이볼,1,7000
2025-03-21,20:42,닭발,1,18000
2025-03-21,20:42,오돌뼈,1,17000
2025-03-21,20:43,계란찜,1,7000
2025-03-21,20:44,맥주,1,5000
2025-03-21,20:44,하이볼,1,7000
2025-03-21,20:45,닭발,1,18000
2025-03-21,20:46,오돌뼈,1,17000
2025-03-21,20:47,소주,1,5000
2025-03-21,20:48,하이볼,1,7000
2025-03-21,20:48,계란찜,1,7000
2025-03-21,20:49,소주,1,5000
2025-03-21,20:50,맥주,1,5000
2025-03-21,20:53,하이볼,1,7000
2025-03-21,20:54,하이볼,1,7000
2025-03-21,20:54,오돌뼈,1,17000
2025-03-21,20:56,김치전,1,15000
2025-03-21,20:56,계란찜,1,7000
2025-03-21,20:58,김치전,1,15000
2025-03-21,20:59,오돌뼈,1,17000
2025-03-21,21:00,하이볼,1,7000
2025-03-21,21:01,하이볼,1,7000
2025-03-21,21:04,소주,1,5000
2025-03-21,21:04,맥주,1,5000
2025-03-21,21:07,김치전,1,15000
2025-03-21,21:08,오돌뼈,1,17000
2025-03-21,21:10,맥주,1,5000
2025-03-21,21:10,맥주,1,5000
2025-03-21,21:11,맥주,1,5000
2025-03-21,21:11,김치전,1,15000
2025-03-21,21:11,계란찜,1,7000
2025-03-21,21:13,닭발,1,18000
2025-03-21,21:14,맥주,1,5000
2025-03-21,21:15,하이볼,1,7000
2025-03-21,21:16,소주,1,5000
2025-03-21,21:18,소주,1,5000
2025-03-21,21:20,소주,1,5000
2025-03-21,21:20,맥주,1,5000
2025-03-21,21:20,오돌뼈,1,17000
2025-03-21,21:21,소주,1,5000
2025-03-21,21:21,소주,1,5000
2025-03-21,21:21,맥주,1,5000
2025-03-21,21:22,소주,1,5000
2025-03-21,21:22,닭발,1,18000
2025-03-21,21:23,맥주,1,5000
2025-03-21,21:24,맥주,1,5000
2025-03-21,21:24,김치전,1,15000
2025-03-21,21:26,하이볼,1,7000
2025-03-21,21:26,계란찜,1,7000
2025-03-21,21:28,소주,1,5000
2025-03-21,21:29,맥주,1,5000
2025-03-21,21:30,오돌뼈,1,17000
2025-03-21,21:31,계란찜,1,7000
2025-03-21,21:32,소주,1,5000
2025-03-21,21:36,맥주,1,5000
2025-03-21,21:37,닭발,1,18000
2025-03-21,21:38,김치전,1,15000
2025-03-21,21:39,소주,1,5000
2025-03-21,21:42,소주,1,5000
2025-03-21,21:42,맥주,1,5000
2025-03-21,21:42,맥주,1,5000
2025-03-21,21:43,소주,1,5000
2025-03-21,21:43,소주,1,5000
2025-03-21,21:45,맥주,1,5000
2025-03-21,21:46,계란찜,1,7000
2025-03-21,21:48,소주,1,5000
2025-03-21,21:48,맥주,1,5000
2025-03-21,21:50,하이볼,1,7000
2025-03-21,21:50,하이볼,1,7000
2025-03-21,21:51,소주,1,5000
2025-03-21,21:53,닭발,1,18000
2025-03-21,21:54,맥주,1,5000
2025-03-21,21:59,맥주,1,5000
2025-03-21,22:01,하이볼,1,7000
2025-03-21,22:04,맥주,1,5000
2025-03-21,22:04,닭발,1,18000
2025-03-21,22:05,소주,1,5000
2025-03-21,22:05,맥주,1,5000
2025-03-21,22:07,하이볼,1,7000
2025-03-21,22:07,계란찜,1,7000
2025-03-21,22:09,소주,1,5000
2025-03-21,22:09,닭발,1,18000
2025-03-21,22:10,소주,1,5000
2025-03-21,22:10,소주,1,5000
2025-03-21,22:10,오돌뼈,1,17000
2025-03-21,22:11,소주,1,5000
2025-03-21,22:11,닭발,1,18000
2025-03-21,22:12,소주,1,5000
2025-03-21,22:16,맥주,1,5000
2025-03-21,22:17,김치전,1,15000
2025-03-21,22:20,소주,1,5000
2025-03-21,22:20,하이볼,1,7000
2025-03-21,22:20,닭발,1,18000
2025-03-21,22:21,계란찜,1,7000
2025-03-21,22:23,맥주,1,5000
2025-03-21,22:23,닭발,1,18000
2025-03-21,22:27,소주,1,5000
2025-03-21,22:27,소주,1,5000
2025-03-21,22:29,계란찜,1,7000
2025-03-21,22:33,맥주,1,5000
2025-03-21,22:34,소주,1,5000
2025-03-21,22:34,맥주,1,5000
2025-03-21,22:34,닭발,1,18000
2025-03-21,22:34,닭발,1,18000
2025-03-21,22:36,오돌뼈,1,17000
2025-03-21,22:37,소주,1,5000
2025-03-21,22:39,맥주,1,5000
2025-03-21,22:39,김치전,1,15000
2025-03-21,22:40,소주,1,5000
2025-03-21,22:42,소주,1,5000
2025-03-21,22:44,계란찜,1,7000
2025-03-21,22:53,소주,1,5000
2025-03-21,22:53,오돌뼈,1,17000
2025-03-21,22:53,김치전,1,15000
2025-03-21,22:55,맥주,1,5000
2025-03-21,23:01,소주,1,5000
2025-03-21,23:01,맥주,1,5000
2025-03-21,23:02,닭발,1,18000
2025-03-21,23:03,맥주,1,5000
2025-03-21,23:06,맥주,1,5000
2025-03-21,23:08,소주,1,5000
2025-03-21,23:11,하이볼,1,7000
2025-03-21,23:16,닭발,1,18000
2025-03-21,23:17,맥주,1,5000
2025-03-21,23:24,하이볼,1,7000
2025-03-21,23:24,닭발,1,18000
2025-03-21,23:30,맥주,1,5000
2025-03-21,23:33,오돌뼈,1,17000
2025-03-21,23:43,소주,1,5000
2025-03-21,23:50,계란찜,1,7000
2025-03-22,19:13,소주,1,5000
2025-03-22,19:19,김치전,1,15000
2025-03-22,19:31,하이볼,1,7000
2025-03-22,19:32,김치전,1,15000
2025-03-22,19:45,소주,1,5000
2025-03-22,19:48,오돌뼈,1,17000
2025-03-22,19:53,소주,1,5000
2025-03-22,19:54,맥주,1,5000
2025-03-22,19:58,맥주,1,5000
2025-03-22,19:59,오돌뼈,1,17000
2025-03-22,20:13,맥주,1,5000
2025-03-22,20:19,맥주,1,5000
2025-03-22,20:22,맥주,1,5000
2025-03-22,20:23,오돌뼈,1,17000
2025-03-22,20:25,소주,1,5000
2025-03-22,20:26,김치전,1,15000
2025-03-22,20:33,하이볼,1,7000
2025-03-22,20:35,소주,1,5000
2025-03-22,20:35,계란찜,1,7000
2025-03-22,20:37,닭발,1,18000
2025-03-22,20:38,계란찜,1,7000
2025-03-22,20:40,닭발,1,18000
2025-03-22,20:42,소주,1,5000
2025-03-22,20:43,김치전,1,15000
2025-03-22,20:45,소주,1,5000
2025-03-22,20:45,맥주,1,5000
2025-03-22,20:49,계란찜,1,7000
2025-03-22,20:50,소주,1,5000
2025-03-22,20:50,닭발,1,18000
2025-03-22,20:51,소주,1,5000
2025-03-22,20:51,하이볼,1,7000
2025-03-22,20:55,김치전,1,15000
2025-03-22,20:56,하이볼,1,7000
2025-03-22,20:57,닭발,1,18000
2025-03-22,20:59,계란찜,1,7000
2025-03-22,21:03,맥주,1,5000
2025-03-22,21:06,오돌뼈,1,17000
2025-03-22,21:12,하이볼,1,7000
2025-03-22,21:12,계란찜,1,7000
2025-03-22,21:15,소주,1,5000
2025-03-22,21:15,소주,1,5000
2025-03-22,21:17,닭발,1,18000
2025-03-22,21:18,맥주,1,5000
2025-03-22,21:19,닭발,1,18000
2025-03-22,21:19,오돌뼈,1,17000
2025-03-22,21:24,소주,1,5000
2025-03-22,21:25,맥주,1,5000
2025-03-22,21:27,소주,1,5000
2025-03-22,21:29,소주,1,5000
2025-03-22,21:33,맥주,1,5000
2025-03-22,21:33,하이볼,1,7000
2025-03-22,21:33,오돌뼈,1,17000
2025-03-22,21:35,소주,1,5000
2025-03-22,21:35,소주,1,5000
2025-03-22,21:35,하이볼,1,7000
2025-03-22,21:38,맥주,1,5000
2025-03-22,21:39,하이볼,1,7000
2025-03-22,21:42,오돌뼈,1,17000
2025-03-22,21:43,오돌뼈,1,17000
2025-03-22,21:46,닭발,1,18000
2025-03-22,21:46,오돌뼈,1,17000
2025-03-22,21:46,계란찜,1,7000
2025-03-22,21:50,맥주,1,5000
2025-03-22,21:53,김치전,1,15000
2025-03-22,21:59,계란찜,1,7000
2025-03-22,22:00,소주,1,5000
2025-03-22,22:01,소주,1,5000
2025-03-22,22:01,오돌뼈,1,17000
2025-03-22,22:02,맥주,1,5000
2025-03-22,22:02,닭발,1,18000
2025-03-22,22:05,맥주,1,5000
2025-03-22,22:07,오돌뼈,1,17000
2025-03-22,22:09,하이볼,1,7000
2025-03-22,22:13,소주,1,5000
2025-03-22,22:13,닭발,1,18000
2025-03-22,22:14,닭발,1,18000
2025-03-22,22:20,김치전,1,15000
2025-03-22,22:22,닭발,1,18000
2025-03-22,22:23,계란찜,1,7000
2025-03-22,22:24,맥주,1,5000
2025-03-22,22:25,오돌뼈,1,17000
2025-03-22,22:27,하이볼,1,7000
2025-03-22,22:28,맥주,1,5000
2025-03-22,22:28,맥주,1,5000
2025-03-22,22:28,하이볼,1,7000
2025-03-22,22:29,계란찜,1,7000
2025-03-22,22:34,소주,1,5000
2025-03-22,22:34,닭발,1,18000
2025-03-22,22:35,맥주,1,5000
2025-03-22,22:35,맥주,1,5000
2025-03-22,22:37,김치전,1,15000
2025-03-22,22:38,하이볼,1,7000
2025-03-22,22:41,닭발,1,18000
2025-03-22,22:42,하이볼,1,7000
2025-03-22,22:44,소주,1,5000
2025-03-22,22:47,맥주,1,5000
2025-03-22,22:52,맥주,1,5000
2025-03-22,22:53,소주,1,5000
2025-03-22,22:54,닭발,1,18000
2025-03-22,22:57,소주,1,5000
2025-03-22,22:57,소주,1,5000
2025-03-22,23:12,소주,1,5000
2025-03-22,23:16,김치전,1,15000
2025-03-22,23:19,하이볼,1,7000
2025-03-22,23:20,오돌뼈,1,17000
2025-03-22,23:24,소주,1,5000
2025-03-22,23:48,맥주,1,5000
2025-03-22,23:50,소주,1,5000
2025-03-22,23:50,맥주,1,5000
2025-03-22,23:50,오돌뼈,1,17000
2025-03-23,19:00,김치전,1,15000
2025-03-23,19:15,계란찜,1,7000
2025-03-23,19:34,김치전,1,15000
2025-03-23,19:47,맥주,1,5000
2025-03-23,19:48,하이볼,1,7000
2025-03-23,19:53,소주,1,5000
2025-03-23,19:57,맥주,1,5000
2025-03-23,19:58,계란찜,1,7000
2025-03-23,20:01,오돌뼈,1,17000
2025-03-23,20:06,닭발,1,18000
2025-03-23,20:12,닭발,1,18000
2025-03-23,20:14,맥주,1,5000
2025-03-23,20:16,맥주,1,5000
2025-03-23,20:18,하이볼,1,7000
2025-03-23,20:19,소주,1,5000
2025-03-23,20:25,소주,1,5000
2025-03-23,20:27,오돌뼈,1,17000
2025-03-23,20:28,소주,1,5000
2025-03-23,20:32,맥주,1,5000
2025-03-23,20:46,오돌뼈,1,17000
2025-03-23,20:47,하이볼,1,7000
2025-03-23,20:49,계란찜,1,7000
2025-03-23,20:50,오돌뼈,1,17000
2025-03-23,20:52,하이볼,1,7000
2025-03-23,20:54,닭발,1,18000
2025-03-23,20:56,소주,1,5000
2025-03-23,21:01,김치전,1,15000
2025-03-23,21:02,하이볼,1,7000
2025-03-23,21:07,김치전,1,15000
2025-03-23,21:08,소주,1,5000
2025-03-23,21:09,소주,1,5000
2025-03-23,21:10,맥주,1,5000
2025-03-23,21:13,계란찜,1,7000
2025-03-23,21:21,닭발,1,18000
2025-03-23,21:22,소주,1,5000
2025-03-23,21:26,소주,1,5000
2025-03-23,21:29,오돌뼈,1,17000
2025-03-23,21:29,오돌뼈,1,17000
2025-03-23,21:30,소주,1,5000
2025-03-23,21:32,닭발,1,18000
2025-03-23,21:39,계란찜,1,7000
2025-03-23,21:44,소주,1,5000
2025-03-23,21:49,맥주,1,5000
2025-03-23,21:54,맥주,1,5000
2025-03-23,21:54,계란찜,1,7000
2025-03-23,21:57,소주,1,5000
2025-03-23,21:58,김치전,1,15000
2025-03-23,22:00,소주,1,5000
2025-03-23,22:00,오돌뼈,1,17000
2025-03-23,22:14,닭발,1,18000
2025-03-23,22:15,김치전,1,15000
2025-03-23,22:18,하이볼,1,7000
2025-03-23,22:40,소주,1,5000
2025-03-23,22:48,소주,1,5000
2025-03-23,22:51,하이볼,1,7000
2025-03-23,23:16,소주,1,5000
2025-03-23,23:16,맥주,1,5000
2025-03-23,23:22,맥주,1,5000
2025-03-23,23:39,하이볼,1,7000
2025-03-23,23:40,맥주,1,5000
2025-03-23,23:40,계란찜,1,7000
2025-03-23,23:45,닭발,1,18000
2025-03-24,19:05,소주,1,5000
2025-03-24,19:12,오돌뼈,1,17000
2025-03-24,19:25,맥주,1,5000
2025-03-24,19:35,오돌뼈,1,17000
2025-03-24,19:38,김치전,1,15000
2025-03-24,19:48,맥주,1,5000
2025-03-24,19:52,닭발,1,18000
2025-03-24,20:06,김치전,1,15000
2025-03-24,20:13,하이볼,1,7000
2025-03-24,20:24,맥주,1,5000
2025-03-24,20:27,김치전,1,15000
2025-03-24,20:29,오돌뼈,1,17000
2025-03-24,20:36,하이볼,1,7000
2025-03-24,20:39,오돌뼈,1,17000
2025-03-24,20:40,소주,1,5000
2025-03-24,20:42,맥주,1,5000
2025-03-24,20:44,소주,1,5000
2025-03-24,20:49,닭발,1,18000
2025-03-24,20:49,계란찜,1,7000
2025-03-24,20:50,소주,1,5000
2025-03-24,20:53,맥주,1,5000
2025-03-24,20:53,닭발,1,18000
2025-03-24,20:54,닭발,1,18000
2025-03-24,20:55,맥주,1,5000
2025-03-24,21:00,김치전,1,15000
2025-03-24,21:01,소주,1,5000
2025-03-24,21:03,맥주,1,5000
2025-03-24,21:09,오돌뼈,1,17000
2025-03-24,21:10,소주,1,5000
2025-03-24,21:15,소주,1,5000
2025-03-24,21:20,닭발,1,18000
2025-03-24,21:22,계란찜,1,7000
2025-03-24,21:25,하이볼,1,7000
2025-03-24,21:26,맥주,1,5000
2025-03-24,21:33,하이볼,1,7000
2025-03-24,21:34,오돌뼈,1,17000
2025-03-24,21:35,맥주,1,5000
2025-03-24,21:35,하이볼,1,7000
2025-03-24,21:35,하이볼,1,7000
2025-03-24,21:40,하이볼,1,7000
2025-03-24,21:41,닭발,1,18000
2025-03-24,21:43,하이볼,1,7000
2025-03-24,21:52,계란찜,1,7000
2025-03-24,21:56,오돌뼈,1,17000
2025-03-24,21:57,닭발,1,18000
2025-03-24,22:00,맥주,1,5000
2025-03-24,22:01,소주,1,5000
2025-03-24,22:08,소주,1,5000
2025-03-24,22:11,닭발,1,18000
2025-03-24,22:16,소주,1,5000
2025-03-24,22:16,오돌뼈,1,17000
2025-03-24,22:19,계란찜,1,7000
2025-03-24,22:20,오돌뼈,1,17000
2025-03-24,22:31,소주,1,5000
2025-03-24,22:45,소주,1,5000
2025-03-24,22:50,맥주,1,5000
2025-03-24,23:02,소주,1,5000
2025-03-24,23:03,김치전,1,15000
2025-03-24,23:20,하이볼,1,7000
2025-03-24,23:34,맥주,1,5000
2025-03-24,23:45,김치전,1,15000
2025-03-25,19:08,닭발,1,18000
2025-03-25,19:29,하이볼,1,7000
2025-03-25,19:34,맥주,1,5000
2025-03-25,19:36,닭발,1,18000
2025-03-25,19:49,닭발,1,18000
2025-03-25,19:58,소주,1,5000
2025-03-25,20:02,맥주,1,5000
2025-03-25,20:06,소주,1,5000
2025-03-25,20:06,닭발,1,18000
2025-03-25,20:09,소주,1,5000
2025-03-25,20:16,김치전,1,15000
2025-03-25,20:19,소주,1,5000
2025-03-25,20:19,소주,1,5000
2025-03-25,20:21,하이볼,1,7000
2025-03-25,20:22,맥주,1,5000
2025-03-25,20:27,김치전,1,15000
2025-03-25,20:28,계란찜,1,7000
2025-03-25,20:31,하이볼,1,7000
2025-03-25,20:33,맥주,1,5000
2025-03-25,20:41,맥주,1,5000
2025-03-25,20:42,하이볼,1,7000
2025-03-25,20:43,소주,1,5000
2025-03-25,20:45,하이볼,1,7000
2025-03-25,20:48,김치전,1,15000
2025-03-25,20:54,하이볼,1,7000
2025-03-25,20:55,하이볼,1,7000
2025-03-25,21:01,소주,1,5000
2025-03-25,21:02,계란찜,1,7000
2025-03-25,21:03,하이볼,1,7000
2025-03-25,21:08,소주,1,5000
2025-03-25,21:08,맥주,1,5000
2025-03-25,21:10,맥주,1,5000
2025-03-25,21:10,김치전,1,15000
2025-03-25,21:11,닭발,1,18000
2025-03-25,21:13,소주,1,5000
2025-03-25,21:13,맥주,1,5000
2025-03-25,21:16,맥주,1,5000
2025-03-25,21:16,하이볼,1,7000
2025-03-25,21:18,계란찜,1,7000
2025-03-25,21:20,오돌뼈,1,17000
2025-03-25,21:20,계란찜,1,7000
2025-03-25,21:23,김치전,1,15000
2025-03-25,21:24,소주,1,5000
2025-03-25,21:27,오돌뼈,1,17000
2025-03-25,21:27,계란찜,1,7000
2025-03-25,21:30,김치전,1,15000
2025-03-25,21:31,소주,1,5000
2025-03-25,21:32,김치전,1,15000
2025-03-25,21:38,김치전,1,15000
2025-03-25,21:40,오돌뼈,1,17000
2025-03-25,21:45,소주,1,5000
2025-03-25,21:45,맥주,1,5000
2025-03-25,21:46,김치전,1,15000
2025-03-25,21:47,오돌뼈,1,17000
2025-03-25,21:51,맥주,1,5000
2025-03-25,21:51,오돌뼈,1,17000
2025-03-25,21:54,오돌뼈,1,17000
2025-03-25,21:55,소주,1,5000
2025-03-25,21:56,하이볼,1,7000
2025-03-25,21:58,오돌뼈,1,17000
2025-03-25,21:59,하이볼,1,7000
2025-03-25,22:00,닭발,1,18000
2025-03-25,22:05,소주,1,5000
2025-03-25,22:06,소주,1,5000
2025-03-25,22:07,소주,1,5000
2025-03-25,22:08,오돌뼈,1,17000
2025-03-25,22:14,소주,1,5000
2025-03-25,22:14,오돌뼈,1,17000
2025-03-25,22:20,소주,1,5000
2025-03-25,22:20,맥주,1,5000
2025-03-25,22:20,닭발,1,18000
2025-03-25,22:21,소주,1,5000
2025-03-25,22:22,하이볼,1,7000
2025-03-25,22:24,맥주,1,5000
2025-03-25,22:24,하이볼,1,7000
2025-03-25,22:26,김치전,1,15000
2025-03-25,22:29,닭발,1,18000
2025-03-25,22:30,맥주,1,5000
2025-03-25,22:32,하이볼,1,7000
2025-03-25,22:35,소주,1,5000
2025-03-25,22:37,하이볼,1,7000
2025-03-25,22:42,맥주,1,5000
2025-03-25,22:45,계란찜,1,7000
2025-03-25,22:46,계란찜,1,7000
2025-03-25,22:49,맥주,1,5000
2025-03-25,22:52,소주,1,5000
2025-03-25,22:52,오돌뼈,1,17000
2025-03-25,22:58,닭발,1,18000
2025-03-25,23:10,닭발,1,18000
2025-03-25,23:40,소주,1,5000
2025-03-25,23:47,오돌뼈,1,17000
2025-03-25,23:48,맥주,1,5000
2025-03-25,23:50,소주,1,5000
2025-03-25,23:50,맥주,1,5000
2025-03-25,23:50,오돌뼈,1,17000
2025-03-25,23:50,계란찜,1,7000
2025-03-26,18:42,계란찜,1,7000
2025-03-26,19:13,맥주,1,5000
2025-03-26,19:33,계란찜,1,7000
2025-03-26,19:37,하이볼,1,7000
2025-03-26,19:40,맥주,1,5000
2025-03-26,19:52,소주,1,5000
2025-03-26,20:18,소주,1,5000
2025-03-26,20:20,소주,1,5000
2025-03-26,20:37,소주,1,5000
2025-03-26,20:37,소주,1,5000
2025-03-26,20:40,맥주,1,5000
2025-03-26,20:44,김치전,1,15000
2025-03-26,20:48,계란찜,1,7000
2025-03-26,20:49,하이볼,1,7000
2025-03-26,20:51,소주,1,5000
2025-03-26,20:55,닭발,1,18000
2025-03-26,20:56,소주,1,5000
2025-03-26,20:56,계란찜,1,7000
2025-03-26,21:00,맥주,1,5000
2025-03-26,21:01,닭발,1,18000
2025-03-26,21:07,맥주,1,5000
2025-03-26,21:09,오돌뼈,1,17000
2025-03-26,21:12,김치전,1,15000
2025-03-26,21:16,닭발,1,18000
2025-03-26,21:17,소주,1,5000
2025-03-26,21:18,맥주,1,5000
2025-03-26,21:22,소주,1,5000
2025-03-26,21:23,하이볼,1,7000
2025-03-26,21:25,맥주,1,5000
2025-03-26,21:26,하이볼,1,7000
2025-03-26,21:28,오돌뼈,1,17000
2025-03-26,21:30,김치전,1,15000
2025-03-26,21:35,오돌뼈,1,17000
2025-03-26,21:36,오돌뼈,1,17000
2025-03-26,21:39,소주,1,5000
2025-03-26,21:46,소주,1,5000
2025-03-26,21:48,맥주,1,5000
2025-03-26,21:48,계란찜,1,7000
2025-03-26,21:50,하이볼,1,7000
2025-03-26,21:56,닭발,1,18000
2025-03-26,21:57,김치전,1,15000
2025-03-26,21:58,오돌뼈,1,17000
2025-03-26,22:00,소주,1,5000
2025-03-26,22:00,맥주,1,5000
2025-03-26,22:03,닭발,1,18000
2025-03-26,22:05,계란찜,1,7000
2025-03-26,22:06,소주,1,5000
2025-03-26,22:07,김치전,1,15000
2025-03-26,22:11,소주,1,5000
2025-03-26,22:14,맥주,1,5000
2025-03-26,22:16,소주,1,5000
2025-03-26,22:19,소주,1,5000
2025-03-26,22:19,소주,1,5000
2025-03-26,22:19,오돌뼈,1,17000
2025-03-26,22:20,하이볼,1,7000
2025-03-26,22:22,소주,1,5000
2025-03-26,22:22,맥주,1,5000
2025-03-26,22:23,맥주,1,5000
2025-03-26,22:24,맥주,1,5000
2025-03-26,22:25,맥주,1,5000
2025-03-26,22:26,닭발,1,18000
2025-03-26,22:29,소주,1,5000
2025-03-26,22:31,오돌뼈,1,17000
2025-03-26,22:35,소주,1,5000
2025-03-26,22:38,계란찜,1,7000
2025-03-26,22:42,계란찜,1,7000
2025-03-26,22:45,닭발,1,18000
2025-03-26,22:46,하이볼,1,7000
2025-03-26,22:47,김치전,1,15000
2025-03-26,22:48,맥주,1,5000
2025-03-26,22:52,김치전,1,15000
2025-03-26,23:02,소주,1,5000
2025-03-26,23:02,오돌뼈,1,17000
2025-03-26,23:08,오돌뼈,1,17000
2025-03-26,23:08,김치전,1,15000
2025-03-26,23:31,하이볼,1,7000
2025-03-26,23:32,소주,1,5000
2025-03-26,23:37,닭발,1,18000
2025-03-26,23:47,닭발,1,18000
2025-03-26,23:50,맥주,1,5000
2025-03-26,23:50,닭발,1,18000
2025-03-26,23:50,오돌뼈,1,17000
2025-03-27,19:14,소주,1,5000
2025-03-27,19:14,소주,1,5000
2025-03-27,19:29,소주,1,5000
2025-03-27,19:31,닭발,1,18000
2025-03-27,19:47,소주,1,5000
2025-03-27,19:54,소주,1,5000
2025-03-27,19:54,오돌뼈,1,17000
2025-03-27,20:01,김치전,1,15000
2025-03-27,20:03,소주,1,5000
2025-03-27,20:04,맥주,1,5000
2025-03-27,20:10,소주,1,5000
2025-03-27,20:14,오돌뼈,1,17000
2025-03-27,20:16,소주,1,5000
2025-03-27,20:19,하이볼,1,7000
2025-03-27,20:22,닭발,1,18000
2025-03-27,20:23,소주,1,5000
2025-03-27,20:24,소주,1,5000
2025-03-27,20:25,맥주,1,5000
2025-03-27,20:28,맥주,1,5000
2025-03-27,20:31,김치전,1,15000
2025-03-27,20:33,소주,1,5000
2025-03-27,20:37,소주,1,5000
2025-03-27,20:38,소주,1,5000
2025-03-27,20:40,맥주,1,5000
2025-03-27,20:40,하이볼,1,7000
2025-03-27,20:42,계란찜,1,7000
2025-03-27,20:42,계란찜,1,7000
2025-03-27,20:43,하이볼,1,7000
2025-03-27,20:45,닭발,1,18000
2025-03-27,20:46,맥주,1,5000
2025-03-27,20:51,김치전,1,15000
2025-03-27,20:53,김치전,1,15000
2025-03-27,20:56,맥주,1,5000
2025-03-27,20:59,맥주,1,5000
2025-03-27,21:00,소주,1,5000
2025-03-27,21:00,하이볼,1,7000
2025-03-27,21:01,맥주,1,5000
2025-03-27,21:03,맥주,1,5000
2025-03-27,21:04,오돌뼈,1,17000
2025-03-27,21:07,닭발,1,18000
2025-03-27,21:07,계란찜,1,7000
2025-03-27,21:08,맥주,1,5000
2025-03-27,21:08,오돌뼈,1,17000
2025-03-27,21:09,오돌뼈,1,17000
2025-03-27,21:12,소주,1,5000
2025-03-27,21:12,닭발,1,18000
2025-03-27,21:12,계란찜,1,7000
2025-03-27,21:19,김치전,1,15000
2025-03-27,21:21,오돌뼈,1,17000
2025-03-27,21:29,김치전,1,15000
2025-03-27,21:30,맥주,1,5000
2025-03-27,21:34,소주,1,5000
2025-03-27,21:36,소주,1,5000
2025-03-27,21:38,소주,1,5000
2025-03-27,21:40,김치전,1,15000
2025-03-27,21:43,계란찜,1,7000
2025-03-27,21:45,소주,1,5000
2025-03-27,21:47,닭발,1,18000
2025-03-27,21:50,맥주,1,5000
2025-03-27,21:54,하이볼,1,7000
2025-03-27,21:57,닭발,1,18000
2025-03-27,21:57,닭발,1,18000
2025-03-27,21:58,맥주,1,5000
2025-03-27,21:59,하이볼,1,7000
2025-03-27,22:01,하이볼,1,7000
2025-03-27,22:01,오돌뼈,1,17000
2025-03-27,22:02,소주,1,5000
2025-03-27,22:04,계란찜,1,7000
2025-03-27,22:06,소주,1,5000
2025-03-27,22:08,맥주,1,5000
2025-03-27,22:09,닭발,1,18000
2025-03-27,22:14,김치전,1,15000
2025-03-27,22:20,김치전,1,15000
2025-03-27,22:22,오돌뼈,1,17000
2025-03-27,22:23,맥주,1,5000
2025-03-27,22:24,닭발,1,18000
2025-03-27,22:27,오돌뼈,1,17000
2025-03-27,22:28,닭발,1,18000
2025-03-27,22:29,맥주,1,5000
2025-03-27,22:30,소주,1,5000
2025-03-27,22:30,맥주,1,5000
2025-03-27,22:31,소주,1,5000
2025-03-27,22:32,닭발,1,18000
2025-03-27,22:36,하이볼,1,7000
2025-03-27,22:37,하이볼,1,7000
2025-03-27,22:40,계란찜,1,7000
2025-03-27,22:41,소주,1,5000
2025-03-27,22:42,하이볼,1,7000
2025-03-27,22:42,오돌뼈,1,17000
2025-03-27,22:44,소주,1,5000
2025-03-27,22:48,맥주,1,5000
2025-03-27,22:49,맥주,1,5000
2025-03-27,22:50,소주,1,5000
2025-03-27,22:50,오돌뼈,1,17000
2025-03-27,22:53,맥주,1,5000
2025-03-27,22:58,닭발,1,18000
2025-03-27,23:02,맥주,1,5000
2025-03-27,23:05,하이볼,1,7000
2025-03-27,23:10,하이볼,1,7000
2025-03-27,23:11,닭발,1,18000
2025-03-27,23:13,김치전,1,15000
2025-03-27,23:50,닭발,1,18000
2025-03-27,23:50,계란찜,1,7000
2025-03-28,18:56,닭발,1,18000
2025-03-28,19:08,닭발,1,18000
2025-03-28,19:11,오돌뼈,1,17000
2025-03-28,19:16,맥주,1,5000
2025-03-28,19:18,오돌뼈,1,17000
2025-03-28,19:21,맥주,1,5000
2025-03-28,19:23,하이볼,1,7000
2025-03-28,19:25,맥주,1,5000
2025-03-28,19:35,맥주,1,5000
2025-03-28,19:39,소주,1,5000
2025-03-28,19:49,김치전,1,15000
2025-03-28,19:50,김치전,1,15000
2025-03-28,19:52,김치전,1,15000
2025-03-28,19:56,맥주,1,5000
2025-03-28,19:56,김치전,1,15000
2025-03-28,20:03,닭발,1,18000
2025-03-28,20:06,닭발,1,18000
2025-03-28,20:07,맥주,1,5000
2025-03-28,20:07,김치전,1,15000
2025-03-28,20:23,하이볼,1,7000
2025-03-28,20:25,오돌뼈,1,17000
2025-03-28,20:28,오돌뼈,1,17000
2025-03-28,20:33,소주,1,5000
2025-03-28,20:33,하이볼,1,7000
2025-03-28,20:36,오돌뼈,1,17000
2025-03-28,20:38,계란찜,1,7000
2025-03-28,20:42,맥주,1,5000
2025-03-28,20:43,소주,1,5000
2025-03-28,20:43,하이볼,1,7000
2025-03-28,20:43,하이볼,1,7000
2025-03-28,20:44,소주,1,5000
2025-03-28,20:44,오돌뼈,1,17000
2025-03-28,20:46,소주,1,5000
2025-03-28,20:52,소주,1,5000
2025-03-28,20:53,하이볼,1,7000
2025-03-28,20:53,닭발,1,18000
2025-03-28,20:56,소주,1,5000
2025-03-28,20:57,김치전,1,15000
2025-03-28,20:58,소주,1,5000
2025-03-28,20:58,닭발,1,18000
2025-03-28,20:59,오돌뼈,1,17000
2025-03-28,21:05,김치전,1,15000
2025-03-28,21:07,김치전,1,15000
2025-03-28,21:08,맥주,1,5000
2025-03-28,21:09,하이볼,1,7000
2025-03-28,21:11,소주,1,5000
2025-03-28,21:11,오돌뼈,1,17000
2025-03-28,21:12,닭발,1,18000
2025-03-28,21:13,맥주,1,5000
2025-03-28,21:16,소주,1,5000
2025-03-28,21:17,맥주,1,5000
2025-03-28,21:18,소주,1,5000
2025-03-28,21:18,소주,1,5000
2025-03-28,21:19,소주,1,5000
2025-03-28,21:23,오돌뼈,1,17000
2025-03-28,21:25,소주,1,5000
2025-03-28,21:25,오돌뼈,1,17000
2025-03-28,21:28,소주,1,5000
2025-03-28,21:28,소주,1,5000
2025-03-28,21:28,닭발,1,18000
2025-03-28,21:28,계란찜,1,7000
2025-03-28,21:30,소주,1,5000
2025-03-28,21:30,맥주,1,5000
2025-03-28,21:30,닭발,1,18000
2025-03-28,21:34,소주,1,5000
2025-03-28,21:38,맥주,1,5000
2025-03-28,21:40,맥주,1,5000
2025-03-28,21:41,계란찜,1,7000
2025-03-28,21:43,오돌뼈,1,17000
2025-03-28,21:46,소주,1,5000
2025-03-28,21:46,맥주,1,5000
2025-03-28,21:46,맥주,1,5000
2025-03-28,21:47,소주,1,5000
2025-03-28,21:48,김치전,1,15000
2025-03-28,21:48,계란찜,1,7000
2025-03-28,21:50,소주,1,5000
2025-03-28,21:50,계란찜,1,7000
2025-03-28,21:54,소주,1,5000
2025-03-28,21:54,하이볼,1,7000
2025-03-28,22:01,맥주,1,5000
2025-03-28,22:02,소주,1,5000
2025-03-28,22:06,맥주,1,5000
2025-03-28,22:06,계란찜,1,7000
2025-03-28,22:09,맥주,1,5000
2025-03-28,22:09,김치전,1,15000
2025-03-28,22:12,맥주,1,5000
2025-03-28,22:12,하이볼,1,7000
2025-03-28,22:15,소주,1,5000
2025-03-28,22:15,계란찜,1,7000
2025-03-28,22:16,소주,1,5000
2025-03-28,22:16,닭발,1,18000
2025-03-28,22:18,하이볼,1,7000
2025-03-28,22:19,계란찜,1,7000
2025-03-28,22:20,맥주,1,5000
2025-03-28,22:20,하이볼,1,7000
2025-03-28,22:24,김치전,1,15000
2025-03-28,22:25,닭발,1,18000
2025-03-28,22:27,맥주,1,5000
2025-03-28,22:28,맥주,1,5000
2025-03-28,22:28,하이볼,1,7000
2025-03-28,22:29,소주,1,5000
2025-03-28,22:29,맥주,1,5000
2025-03-28,22:29,닭발,1,18000
2025-03-28,22:29,닭발,1,18000
2025-03-28,22:29,계란찜,1,7000
2025-03-28,22:31,소주,1,5000
2025-03-28,22:37,소주,1,5000
2025-03-28,22:37,맥주,1,5000
2025-03-28,22:39,하이볼,1,7000
2025-03-28,22:40,맥주,1,5000
2025-03-28,22:40,오돌뼈,1,17000
2025-03-28,22:46,하이볼,1,7000
2025-03-28,22:47,소주,1,5000
2025-03-28,22:47,맥주,1,5000
2025-03-28,22:53,소주,1,5000
2025-03-28,22:54,하이볼,1,7000
2025-03-28,22:59,오돌뼈,1,17000
2025-03-28,23:00,소주,1,5000
2025-03-28,23:04,닭발,1,18000
2025-03-28,23:05,오돌뼈,1,17000
2025-03-28,23:12,오돌뼈,1,17000
2025-03-28,23:13,닭발,1,18000
2025-03-28,23:14,오돌뼈,1,17000
2025-03-28,23:21,닭발,1,18000
2025-03-28,23:24,하이볼,1,7000
2025-03-28,23:28,맥주,1,5000
2025-03-29,19:16,오돌뼈,1,17000
2025-03-29,19:36,닭발,1,18000
2025-03-29,19:41,하이볼,1,7000
2025-03-29,19:43,닭발,1,18000
2025-03-29,19:45,맥주,1,5000
2025-03-29,19:48,맥주,1,5000
2025-03-29,19:55,맥주,1,5000
2025-03-29,19:56,소주,1,5000
2025-03-29,20:01,소주,1,5000
2025-03-29,20:06,하이볼,1,7000
2025-03-29,20:08,맥주,1,5000
2025-03-29,20:12,닭발,1,18000
2025-03-29,20:13,소주,1,5000
2025-03-29,20:13,닭발,1,18000
2025-03-29,20:22,하이볼,1,7000
2025-03-29,20:25,소주,1,5000
2025-03-29,20:26,계란찜,1,7000
2025-03-29,20:30,소주,1,5000
2025-03-29,20:32,맥주,1,5000
2025-03-29,20:32,오돌뼈,1,17000
2025-03-29,20:35,소주,1,5000
2025-03-29,20:40,소주,1,5000
2025-03-29,20:41,김치전,1,15000
2025-03-29,20:42,소주,1,5000
2025-03-29,20:42,오돌뼈,1,17000
2025-03-29,20:49,하이볼,1,7000
2025-03-29,20:49,하이볼,1,7000
2025-03-29,20:51,오돌뼈,1,17000
2025-03-29,20:52,오돌뼈,1,17000
2025-03-29,20:54,맥주,1,5000
2025-03-29,20:57,하이볼,1,7000
2025-03-29,20:59,소주,1,5000
2025-03-29,20:59,맥주,1,5000
2025-03-29,21:00,닭발,1,18000
2025-03-29,21:01,오돌뼈,1,17000
2025-03-29,21:03,맥주,1,5000
2025-03-29,21:03,오돌뼈,1,17000
2025-03-29,21:06,소주,1,5000
2025-03-29,21:09,맥주,1,5000
2025-03-29,21:10,맥주,1,5000
2025-03-29,21:11,하이볼,1,7000
2025-03-29,21:12,하이볼,1,7000
2025-03-29,21:14,김치전,1,15000
2025-03-29,21:15,맥주,1,5000
2025-03-29,21:21,닭발,1,18000
2025-03-29,21:31,닭발,1,18000
2025-03-29,21:32,소주,1,5000
2025-03-29,21:32,맥주,1,5000
2025-03-29,21:32,맥주,1,5000
2025-03-29,21:33,맥주,1,5000
2025-03-29,21:33,맥주,1,5000
2025-03-29,21:34,소주,1,5000
2025-03-29,21:34,소주,1,5000
2025-03-29,21:38,계란찜,1,7000
2025-03-29,21:39,계란찜,1,7000
2025-03-29,21:40,소주,1,5000
2025-03-29,21:40,김치전,1,15000
2025-03-29,21:45,닭발,1,18000
2025-03-29,21:48,맥주,1,5000
2025-03-29,21:48,맥주,1,5000
2025-03-29,21:48,김치전,1,15000
2025-03-29,21:49,소주,1,5000
2025-03-29,21:49,맥주,1,5000
2025-03-29,21:49,닭발,1,18000
2025-03-29,21:49,오돌뼈,1,17000
2025-03-29,21:49,김치전,1,15000
2025-03-29,21:52,소주,1,5000
2025-03-29,21:52,김치전,1,15000
2025-03-29,21:54,맥주,1,5000
2025-03-29,21:54,닭발,1,18000
2025-03-29,21:55,소주,1,5000
2025-03-29,21:55,소주,1,5000
2025-03-29,21:56,소주,1,5000
2025-03-29,21:57,소주,1,5000
2025-03-29,21:57,하이볼,1,7000
2025-03-29,21:58,하이볼,1,7000
2025-03-29,22:05,맥주,1,5000
2025-03-29,22:06,소주,1,5000
2025-03-29,22:13,오돌뼈,1,17000
2025-03-29,22:13,계란찜,1,7000
2025-03-29,22:14,소주,1,5000
2025-03-29,22:18,맥주,1,5000
2025-03-29,22:18,하이볼,1,7000
2025-03-29,22:19,소주,1,5000
2025-03-29,22:20,오돌뼈,1,17000
2025-03-29,22:22,닭발,1,18000
2025-03-29,22:24,맥주,1,5000
2025-03-29,22:24,오돌뼈,1,17000
2025-03-29,22:28,맥주,1,5000
2025-03-29,22:30,맥주,1,5000
2025-03-29,22:33,계란찜,1,7000
2025-03-29,22:36,김치전,1,15000
2025-03-29,22:38,닭발,1,18000
2025-03-29,22:38,닭발,1,18000
2025-03-29,22:38,김치전,1,15000
2025-03-29,22:39,오돌뼈,1,17000
2025-03-29,22:42,맥주,1,5000
2025-03-29,22:42,하이볼,1,7000
2025-03-29,22:43,김치전,1,15000
2025-03-29,22:47,소주,1,5000
2025-03-29,22:49,오돌뼈,1,17000
2025-03-29,22:49,계란찜,1,7000
2025-03-29,22:50,소주,1,5000
2025-03-29,23:05,닭발,1,18000
2025-03-29,23:06,계란찜,1,7000
2025-03-29,23:07,김치전,1,15000
2025-03-29,23:27,소주,1,5000
2025-03-29,23:28,소주,1,5000
2025-03-29,23:32,소주,1,5000
2025-03-29,23:37,맥주,1,5000
2025-03-29,23:44,계란찜,1,7000
2025-03-30,18:52,소주,1,5000
2025-03-30,19:02,맥주,1,5000
2025-03-30,19:57,맥주,1,5000
2025-03-30,20:09,소주,1,5000
2025-03-30,20:21,소주,1,5000
2025-03-30,20:26,소주,1,5000
2025-03-30,20:31,맥주,1,5000
2025-03-30,20:33,계란찜,1,7000
2025-03-30,20:34,오돌뼈,1,17000
2025-03-30,20:34,계란찜,1,7000
2025-03-30,20:37,하이볼,1,7000
2025-03-30,20:38,맥주,1,5000
2025-03-30,20:45,소주,1,5000
2025-03-30,20:46,소주,1,5000
2025-03-30,20:47,계란찜,1,7000
2025-03-30,20:52,김치전,1,15000
2025-03-30,20:54,닭발,1,18000
2025-03-30,20:55,하이볼,1,7000
2025-03-30,20:59,소주,1,5000
2025-03-30,20:59,닭발,1,18000
2025-03-30,21:00,맥주,1,5000
2025-03-30,21:00,맥주,1,5000
2025-03-30,21:04,계란찜,1,7000
2025-03-30,21:05,닭발,1,18000
2025-03-30,21:09,오돌뼈,1,17000
2025-03-30,21:20,하이볼,1,7000
2025-03-30,21:21,하이볼,1,7000
2025-03-30,21:22,오돌뼈,1,17000
2025-03-30,21:26,소주,1,5000
2025-03-30,21:26,닭발,1,18000
2025-03-30,21:30,닭발,1,18000
2025-03-30,21:34,오돌뼈,1,17000
2025-03-30,21:36,닭발,1,18000
2025-03-30,21:43,맥주,1,5000
2025-03-30,21:44,하이볼,1,7000
2025-03-30,21:50,맥주,1,5000
2025-03-30,21:50,맥주,1,5000
2025-03-30,21:50,김치전,1,15000
2025-03-30,21:52,소주,1,5000
2025-03-30,21:56,오돌뼈,1,17000
2025-03-30,22:02,김치전,1,15000
2025-03-30,22:02,김치전,1,15000
2025-03-30,22:03,맥주,1,5000
2025-03-30,22:03,하이볼,1,7000
2025-03-30,22:08,하이볼,1,7000
2025-03-30,22:16,하이볼,1,7000
2025-03-30,22:27,김치전,1,15000
2025-03-30,22:29,소주,1,5000
2025-03-30,22:30,소주,1,5000
2025-03-30,22:30,닭발,1,18000
2025-03-30,22:36,맥주,1,5000
2025-03-30,22:40,하이볼,1,7000
2025-03-30,22:42,오돌뼈,1,17000
2025-03-30,22:44,소주,1,5000
2025-03-30,22:53,소주,1,5000
2025-03-30,22:56,맥주,1,5000
2025-03-30,23:10,맥주,1,5000
2025-03-30,23:17,소주,1,5000
2025-03-30,23:24,닭발,1,18000
2025-03-30,23:24,닭발,1,18000
2025-03-30,23:28,맥주,1,5000
2025-03-30,23:43,닭발,1,18000
2025-03-30,23:46,계란찜,1,7000
2025-03-30,23:50,소주,1,5000
2025-03-31,19:12,닭발,1,18000
2025-03-31,19:32,닭발,1,18000
2025-03-31,20:07,계란찜,1,7000
2025-03-31,20:09,소주,1,5000
2025-03-31,20:13,닭발,1,18000
2025-03-31,20:23,맥주,1,5000
2025-03-31,20:28,맥주,1,5000
2025-03-31,20:28,닭발,1,18000
2025-03-31,20:37,하이볼,1,7000
2025-03-31,20:40,맥주,1,5000
2025-03-31,20:40,오돌뼈,1,17000
2025-03-31,20:42,소주,1,5000
2025-03-31,20:46,김치전,1,15000
2025-03-31,20:49,오돌뼈,1,17000
2025-03-31,20:51,하이볼,1,7000
2025-03-31,20:54,계란찜,1,7000
2025-03-31,20:58,소주,1,5000
2025-03-31,21:03,소주,1,5000
2025-03-31,21:04,맥주,1,5000
2025-03-31,21:04,하이볼,1,7000
2025-03-31,21:10,김치전,1,15000
2025-03-31,21:13,소주,1,5000
2025-03-31,21:14,오돌뼈,1,17000
2025-03-31,21:14,계란찜,1,7000
2025-03-31,21:21,맥주,1,5000
2025-03-31,21:26,소주,1,5000
2025-03-31,21:26,하이볼,1,7000
2025-03-31,21:28,맥주,1,5000
2025-03-31,21:29,맥주,1,5000
2025-03-31,21:30,맥주,1,5000
2025-03-31,21:32,맥주,1,5000
2025-03-31,21:35,소주,1,5000
2025-03-31,21:36,소주,1,5000
2025-03-31,21:38,맥주,1,5000
2025-03-31,21:39,김치전,1,15000
2025-03-31,21:45,닭발,1,18000
2025-03-31,21:45,김치전,1,15000
2025-03-31,21:46,하이볼,1,7000
2025-03-31,21:47,김치전,1,15000
2025-03-31,21:50,소주,1,5000
2025-03-31,21:57,닭발,1,18000
2025-03-31,22:04,소주,1,5000
2025-03-31,22:04,닭발,1,18000
2025-03-31,22:10,김치전,1,15000
2025-03-31,22:15,맥주,1,5000
2025-03-31,22:20,맥주,1,5000
2025-03-31,22:22,맥주,1,5000
2025-03-31,22:23,맥주,1,5000
2025-03-31,22:27,맥주,1,5000
2025-03-31,22:29,하이볼,1,7000
2025-03-31,22:31,김치전,1,15000
2025-03-31,22:34,하이볼,1,7000
2025-03-31,22:36,소주,1,5000
2025-03-31,22:37,소주,1,5000
2025-03-31,22:40,맥주,1,5000
2025-03-31,22:51,오돌뼈,1,17000
2025-03-31,22:59,김치전,1,15000
2025-03-31,23:02,닭발,1,18000
2025-03-31,23:06,하이볼,1,7000
2025-03-31,23:10,소주,1,5000
2025-03-31,23:17,닭발,1,18000
2025-03-31,23:27,오돌뼈,1,17000
2025-03-31,23:37,계란찜,1,7000
2025-04-01,19:20,하이볼,1,7000
2025-04-01,19:31,닭발,1,18000
2025-04-01,19:43,맥주,1,5000
2025-04-01,19:46,맥주,1,5000
2025-04-01,19:52,소주,1,5000
2025-04-01,19:52,닭발,1,18000
2025-04-01,20:00,맥주,1,5000
2025-04-01,20:06,오돌뼈,1,17000
2025-04-01,20:18,소주,1,5000
2025-04-01,20:20,닭발,1,18000
2025-04-01,20:23,김치전,1,15000
2025-04-01,20:24,소주,1,5000
2025-04-01,20:26,소주,1,5000
2025-04-01,20:27,맥주,1,5000
2025-04-01,20:27,오돌뼈,1,17000
2025-04-01,20:28,맥주,1,5000
2025-04-01,20:34,오돌뼈,1,17000
2025-04-01,20:35,오돌뼈,1,17000
2025-04-01,20:39,맥주,1,5000
2025-04-01,20:40,소주,1,5000
2025-04-01,20:43,오돌뼈,1,17000
2025-04-01,20:43,김치전,1,15000
2025-04-01,20:46,맥주,1,5000
2025-04-01,20:50,소주,1,5000
2025-04-01,20:51,오돌뼈,1,17000
2025-04-01,20:53,닭발,1,18000
2025-04-01,20:54,오돌뼈,1,17000
2025-04-01,20:57,김치전,1,15000
2025-04-01,21:00,오돌뼈,1,17000
2025-04-01,21:01,맥주,1,5000
2025-04-01,21:02,소주,1,5000
2025-04-01,21:08,소주,1,5000
2025-04-01,21:10,소주,1,5000
2025-04-01,21:12,맥주,1,5000
2025-04-01,21:12,계란찜,1,7000
2025-04-01,21:14,소주,1,5000
2025-04-01,21:14,닭발,1,18000
2025-04-01,21:15,맥주,1,5000
2025-04-01,21:16,맥주,1,5000
2025-04-01,21:26,하이볼,1,7000
2025-04-01,21:34,김치전,1,15000
2025-04-01,21:36,소주,1,5000
2025-04-01,21:38,하이볼,1,7000
2025-04-01,21:38,하이볼,1,7000
2025-04-01,21:39,하이볼,1,7000
2025-04-01,21:42,소주,1,5000
2025-04-01,21:43,맥주,1,5000
2025-04-01,21:46,맥주,1,5000
2025-04-01,21:50,닭발,1,18000
2025-04-01,21:52,닭발,1,18000
2025-04-01,21:53,오돌뼈,1,17000
2025-04-01,21:54,소주,1,5000
2025-04-01,21:54,맥주,1,5000
2025-04-01,21:56,닭발,1,18000
2025-04-01,21:57,맥주,1,5000
2025-04-01,21:58,계란찜,1,7000
2025-04-01,22:00,하이볼,1,7000
2025-04-01,22:02,계란찜,1,7000
2025-04-01,22:04,맥주,1,5000
2025-04-01,22:06,소주,1,5000
2025-04-01,22:07,소주,1,5000
2025-04-01,22:10,계란찜,1,7000
2025-04-01,22:11,닭발,1,18000
2025-04-01,22:11,김치전,1,15000
2025-04-01,22:12,닭발,1,18000
2025-04-01,22:14,소주,1,5000
2025-04-01,22:15,소주,1,5000
2025-04-01,22:16,계란찜,1,7000
2025-04-01,22:17,하이볼,1,7000
2025-04-01,22:20,하이볼,1,7000
2025-04-01,22:24,김치전,1,15000
2025-04-01,22:25,계란찜,1,7000
2025-04-01,22:30,맥주,1,5000
2025-04-01,22:30,오돌뼈,1,17000
2025-04-01,22:34,맥주,1,5000
2025-04-01,22:37,김치전,1,15000
2025-04-01,22:43,소주,1,5000
2025-04-01,22:45,김치전,1,15000
2025-04-01,22:46,계란찜,1,7000
2025-04-01,22:51,계란찜,1,7000
2025-04-01,22:52,맥주,1,5000
2025-04-01,23:00,하이볼,1,7000
2025-04-01,23:01,닭발,1,18000
2025-04-01,23:14,계란찜,1,7000
2025-04-01,23:17,소주,1,5000
2025-04-01,23:22,하이볼,1,7000
2025-04-01,23:50,소주,1,5000
2025-04-02,18:58,닭발,1,18000
2025-04-02,19:19,소주,1,5000
2025-04-02,19:20,하이볼,1,7000
2025-04-02,19:22,하이볼,1,7000
2025-04-02,19:25,맥주,1,5000
2025-04-02,19:35,계란찜,1,7000
2025-04-02,19:35,계란찜,1,7000
2025-04-02,19:38,김치전,1,15000
2025-04-02,19:48,계란찜,1,7000
2025-04-02,19:49,맥주,1,5000
2025-04-02,19:51,맥주,1,5000
2025-04-02,19:51,오돌뼈,1,17000
2025-04-02,19:52,하이볼,1,7000
2025-04-02,19:52,오돌뼈,1,17000
2025-04-02,19:56,오돌뼈,1,17000
2025-04-02,19:58,닭발,1,18000
2025-04-02,20:07,김치전,1,15000
2025-04-02,20:08,맥주,1,5000
2025-04-02,20:08,닭발,1,18000
2025-04-02,20:18,소주,1,5000
2025-04-02,20:21,소주,1,5000
2025-04-02,20:21,계란찜,1,7000
2025-04-02,20:25,하이볼,1,7000
2025-04-02,20:29,소주,1,5000
2025-04-02,20:32,맥주,1,5000
2025-04-02,20:33,소주,1,5000
2025-04-02,20:36,맥주,1,5000
2025-04-02,20:38,닭발,1,18000
2025-04-02,20:39,계란찜,1,7000
2025-04-02,20:42,맥주,1,5000
2025-04-02,20:43,김치전,1,15000
2025-04-02,20:48,닭발,1,18000
2025-04-02,20:51,김치전,1,15000
2025-04-02,20:53,하이볼,1,7000
2025-04-02,20:53,계란찜,1,7000
2025-04-02,20:54,오돌뼈,1,17000
2025-04-02,20:55,맥주,1,5000
2025-04-02,20:59,소주,1,5000
2025-04-02,20:59,소주,1,5000
2025-04-02,21:01,맥주,1,5000
2025-04-02,21:02,닭발,1,18000
2025-04-02,21:08,소주,1,5000
2025-04-02,21:08,맥주,1,5000
2025-04-02,21:09,소주,1,5000
2025-04-02,21:16,소주,1,5000
2025-04-02,21:23,맥주,1,5000
2025-04-02,21:23,하이볼,1,7000
2025-04-02,21:24,소주,1,5000
2025-04-02,21:26,닭발,1,18000
2025-04-02,21:28,맥주,1,5000
2025-04-02,21:28,오돌뼈,1,17000
2025-04-02,21:34,닭발,1,18000
2025-04-02,21:35,소주,1,5000
2025-04-02,21:38,오돌뼈,1,17000
2025-04-02,21:43,소주,1,5000
2025-04-02,21:43,닭발,1,18000
2025-04-02,21:45,소주,1,5000
2025-04-02,21:46,오돌뼈,1,17000
2025-04-02,21:47,오돌뼈,1,17000
2025-04-02,21:48,김치전,1,15000
2025-04-02,21:50,닭발,1,18000
2025-04-02,21:52,하이볼,1,7000
2025-04-02,21:53,닭발,1,18000
2025-04-02,21:58,닭발,1,18000
2025-04-02,21:58,오돌뼈,1,17000
2025-04-02,22:04,소주,1,5000
2025-04-02,22:04,닭발,1,18000
2025-04-02,22:07,소주,1,5000
2025-04-02,22:08,소주,1,5000
2025-04-02,22:09,맥주,1,5000
2025-04-02,22:09,오돌뼈,1,17000
2025-04-02,22:10,소주,1,5000
2025-04-02,22:11,하이볼,1,7000
2025-04-02,22:12,하이볼,1,7000
2025-04-02,22:13,맥주,1,5000
2025-04-02,22:16,계란찜,1,7000
2025-04-02,22:17,닭발,1,18000
2025-04-02,22:19,소주,1,5000
2025-04-02,22:19,맥주,1,5000
2025-04-02,22:19,김치전,1,15000
2025-04-02,22:20,하이볼,1,7000
2025-04-02,22:21,맥주,1,5000
2025-04-02,22:24,맥주,1,5000
2025-04-02,22:25,소주,1,5000
2025-04-02,22:32,오돌뼈,1,17000
2025-04-02,22:35,하이볼,1,7000
2025-04-02,22:36,소주,1,5000
2025-04-02,22:36,하이볼,1,7000
2025-04-02,22:37,맥주,1,5000
2025-04-02,22:38,소주,1,5000
2025-04-02,22:41,맥주,1,5000
2025-04-02,22:41,맥주,1,5000
2025-04-02,22:45,계란찜,1,7000
2025-04-02,22:46,하이볼,1,7000
2025-04-02,22:51,오돌뼈,1,17000
2025-04-02,22:54,닭발,1,18000
2025-04-02,22:57,맥주,1,5000
2025-04-02,22:59,맥주,1,5000
2025-04-02,23:22,소주,1,5000
2025-04-03,19:05,오돌뼈,1,17000
2025-04-03,19:17,하이볼,1,7000
2025-04-03,19:26,맥주,1,5000
2025-04-03,19:32,오돌뼈,1,17000
2025-04-03,19:34,맥주,1,5000
2025-04-03,19:39,맥주,1,5000
2025-04-03,19:42,맥주,1,5000
2025-04-03,19:48,계란찜,1,7000
2025-04-03,19:49,소주,1,5000
2025-04-03,20:00,김치전,1,15000
2025-04-03,20:01,하이볼,1,7000
2025-04-03,20:03,맥주,1,5000
2025-04-03,20:03,계란찜,1,7000
2025-04-03,20:05,오돌뼈,1,17000
2025-04-03,20:07,김치전,1,15000
2025-04-03,20:11,소주,1,5000
2025-04-03,20:13,계란찜,1,7000
2025-04-03,20:14,맥주,1,5000
2025-04-03,20:16,김치전,1,15000
2025-04-03,20:23,하이볼,1,7000
2025-04-03,20:24,소주,1,5000
2025-04-03,20:25,소주,1,5000
2025-04-03,20:28,오돌뼈,1,17000
2025-04-03,20:32,소주,1,5000
2025-04-03,20:32,소주,1,5000
2025-04-03,20:33,소주,1,5000
2025-04-03,20:36,소주,1,5000
2025-04-03,20:37,맥주,1,5000
2025-04-03,20:40,소주,1,5000
2025-04-03,20:40,닭발,1,18000
2025-04-03,20:42,오돌뼈,1,17000
2025-04-03,20:43,맥주,1,5000
2025-04-03,20:44,오돌뼈,1,17000
2025-04-03,20:46,맥주,1,5000
2025-04-03,20:46,맥주,1,5000
2025-04-03,20:47,김치전,1,15000
2025-04-03,20:47,계란찜,1,7000
2025-04-03,20:49,맥주,1,5000
2025-04-03,20:52,계란찜,1,7000
2025-04-03,20:53,맥주,1,5000
2025-04-03,20:57,소주,1,5000
2025-04-03,20:57,맥주,1,5000
2025-04-03,20:58,계란찜,1,7000
2025-04-03,21:03,소주,1,5000
2025-04-03,21:03,닭발,1,18000
2025-04-03,21:07,소주,1,5000
2025-04-03,21:07,하이볼,1,7000
2025-04-03,21:08,하이볼,1,7000
2025-04-03,21:09,소주,1,5000
2025-04-03,21:09,소주,1,5000
2025-04-03,21:10,하이볼,1,7000
2025-04-03,21:10,하이볼,1,7000
2025-04-03,21:12,소주,1,5000
2025-04-03,21:14,오돌뼈,1,17000
2025-04-03,21:15,소주,1,5000
2025-04-03,21:16,소주,1,5000
2025-04-03,21:20,소주,1,5000
2025-04-03,21:23,맥주,1,5000
2025-04-03,21:24,김치전,1,15000
2025-04-03,21:25,하이볼,1,7000
2025-04-03,21:25,하이볼,1,7000
2025-04-03,21:26,닭발,1,18000
2025-04-03,21:27,맥주,1,5000
2025-04-03,21:28,소주,1,5000
2025-04-03,21:30,소주,1,5000
2025-04-03,21:30,맥주,1,5000
2025-04-03,21:30,닭발,1,18000
2025-04-03,21:31,맥주,1,5000
2025-04-03,21:32,소주,1,5000
2025-04-03,21:34,계란찜,1,7000
2025-04-03,21:36,소주,1,5000
2025-04-03,21:37,김치전,1,15000
2025-04-03,21:38,하이볼,1,7000
2025-04-03,21:39,하이볼,1,7000
2025-04-03,21:39,오돌뼈,1,17000
2025-04-03,21:39,계란찜,1,7000
2025-04-03,21:41,오돌뼈,1,17000
2025-04-03,21:41,계란찜,1,7000
2025-04-03,21:43,맥주,1,5000
2025-04-03,21:43,김치전,1,15000
2025-04-03,21:44,소주,1,5000
2025-04-03,21:44,하이볼,1,7000
2025-04-03,21:49,소주,1,5000
2025-04-03,21:52,소주,1,5000
2025-04-03,21:53,닭발,1,18000
2025-04-03,21:55,김치전,1,15000
2025-04-03,21:56,소주,1,5000
2025-04-03,21:56,소주,1,5000
2025-04-03,21:56,닭발,1,18000
2025-04-03,21:57,맥주,1,5000
2025-04-03,21:58,소주,1,5000
2025-04-03,21:58,닭발,1,18000
2025-04-03,22:00,맥주,1,5000
2025-04-03,22:05,김치전,1,15000
2025-04-03,22:07,하이볼,1,7000
2025-04-03,22:07,닭발,1,18000
2025-04-03,22:07,김치전,1,15000
2025-04-03,22:08,오돌뼈,1,17000
2025-04-03,22:08,계란찜,1,7000
2025-04-03,22:11,하이볼,1,7000
2025-04-03,22:11,하이볼,1,7000
2025-04-03,22:11,오돌뼈,1,17000
2025-04-03,22:12,맥주,1,5000
2025-04-03,22:13,닭발,1,18000
2025-04-03,22:17,맥주,1,5000
2025-04-03,22:19,맥주,1,5000
2025-04-03,22:22,소주,1,5000
2025-04-03,22:24,닭발,1,18000
2025-04-03,22:24,닭발,1,18000
2025-04-03,22:26,닭발,1,18000
2025-04-03,22:26,오돌뼈,1,17000
2025-04-03,22:29,맥주,1,5000
2025-04-03,22:33,소주,1,5000
2025-04-03,22:36,하이볼,1,7000
2025-04-03,22:47,맥주,1,5000
2025-04-03,22:48,오돌뼈,1,17000
2025-04-03,22:49,맥주,1,5000
2025-04-03,22:50,맥주,1,5000
2025-04-03,22:52,소주,1,5000
2025-04-03,22:56,닭발,1,18000
2025-04-03,23:00,닭발,1,18000
2025-04-03,23:03,닭발,1,18000
2025-04-03,23:04,소주,1,5000
2025-04-03,23:04,계란찜,1,7000
2025-04-03,23:05,김치전,1,15000
2025-04-03,23:05,김치전,1,15000
2025-04-03,23:15,오돌뼈,1,17000
2025-04-03,23:28,닭발,1,18000
2025-04-03,23:28,오돌뼈,1,17000
2025-04-03,23:38,계란찜,1,7000
2025-04-03,23:42,맥주,1,5000
2025-04-03,23:50,소주,1,5000
2025-04-04,19:34,맥주,1,5000
2025-04-04,19:36,소주,1,5000
2025-04-04,19:39,맥주,1,5000
2025-04-04,19:44,계란찜,1,7000
2025-04-04,19:45,소주,1,5000
2025-04-04,19:49,소주,1,5000
2025-04-04,19:54,소주,1,5000
2025-04-04,19:54,하이볼,1,7000
2025-04-04,19:57,소주,1,5000
2025-04-04,19:59,맥주,1,5000
2025-04-04,20:01,하이볼,1,7000
2025-04-04,20:02,닭발,1,18000
2025-04-04,20:02,오돌뼈,1,17000
2025-04-04,20:07,하이볼,1,7000
2025-04-04,20:10,맥주,1,5000
2025-04-04,20:13,계란찜,1,7000
2025-04-04,20:14,맥주,1,5000
2025-04-04,20:17,계란찜,1,7000
2025-04-04,20:18,소주,1,5000
2025-04-04,20:22,소주,1,5000
2025-04-04,20:22,오돌뼈,1,17000
2025-04-04,20:25,하이볼,1,7000
2025-04-04,20:28,맥주,1,5000
2025-04-04,20:29,하이볼,1,7000
2025-04-04,20:31,맥주,1,5000
2025-04-04,20:31,닭발,1,18000
2025-04-04,20:31,오돌뼈,1,17000
2025-04-04,20:34,계란찜,1,7000
2025-04-04,20:35,오돌뼈,1,17000
2025-04-04,20:36,맥주,1,5000
2025-04-04,20:39,소주,1,5000
2025-04-04,20:40,소주,1,5000
2025-04-04,20:40,소주,1,5000
2025-04-04,20:40,닭발,1,18000
2025-04-04,20:44,소주,1,5000
2025-04-04,20:47,닭발,1,18000
2025-04-04,20:48,계란찜,1,7000
2025-04-04,20:49,맥주,1,5000
2025-04-04,20:51,소주,1,5000
2025-04-04,20:51,맥주,1,5000
2025-04-04,20:53,맥주,1,5000
2025-04-04,20:53,하이볼,1,7000
2025-04-04,20:56,오돌뼈,1,17000
2025-04-04,20:57,소주,1,5000
2025-04-04,20:57,하이볼,1,7000
2025-04-04,20:59,하이볼,1,7000
2025-04-04,20:59,닭발,1,18000
2025-04-04,20:59,닭발,1,18000
2025-04-04,21:02,하이볼,1,7000
2025-04-04,21:04,소주,1,5000
2025-04-04,21:04,소주,1,5000
2025-04-04,21:06,소주,1,5000
2025-04-04,21:06,김치전,1,15000
2025-04-04,21:08,계란찜,1,7000
2025-04-04,21:09,하이볼,1,7000
2025-04-04,21:09,오돌뼈,1,17000
2025-04-04,21:10,소주,1,5000
2025-04-04,21:10,닭발,1,18000
2025-04-04,21:11,닭발,1,18000
2025-04-04,21:11,닭발,1,18000
2025-04-04,21:13,소주,1,5000
2025-04-04,21:13,계란찜,1,7000
2025-04-04,21:14,소주,1,5000
2025-04-04,21:14,소주,1,5000
2025-04-04,21:14,닭발,1,18000
2025-04-04,21:17,맥주,1,5000
2025-04-04,21:17,하이볼,1,7000
2025-04-04,21:17,오돌뼈,1,17000
2025-04-04,21:20,닭발,1,18000
2025-04-04,21:24,닭발,1,18000
2025-04-04,21:24,김치전,1,15000
2025-04-04,21:26,김치전,1,15000
2025-04-04,21:27,하이볼,1,7000
2025-04-04,21:27,하이볼,1,7000
2025-04-04,21:27,닭발,1,18000
2025-04-04,21:30,계란찜,1,7000
2025-04-04,21:32,계란찜,1,7000
2025-04-04,21:33,계란찜,1,7000
2025-04-04,21:36,맥주,1,5000
2025-04-04,21:39,오돌뼈,1,17000
2025-04-04,21:40,닭발,1,18000
2025-04-04,21:41,소주,1,5000
2025-04-04,21:41,오돌뼈,1,17000
2025-04-04,21:42,맥주,1,5000
2025-04-04,21:43,오돌뼈,1,17000
2025-04-04,21:46,소주,1,5000
2025-04-04,21:47,맥주,1,5000
2025-04-04,21:51,소주,1,5000
2025-04-04,21:51,김치전,1,15000
2025-04-04,21:52,소주,1,5000
2025-04-04,21:52,맥주,1,5000
2025-04-04,21:56,김치전,1,15000
2025-04-04,21:57,김치전,1,15000
2025-04-04,21:58,맥주,1,5000
2025-04-04,21:59,하이볼,1,7000
2025-04-04,21:59,계란찜,1,7000
2025-04-04,22:05,소주,1,5000
2025-04-04,22:08,하이볼,1,7000
2025-04-04,22:08,김치전,1,15000
2025-04-04,22:09,소주,1,5000
2025-04-04,22:10,맥주,1,5000
2025-04-04,22:10,맥주,1,5000
2025-04-04,22:12,맥주,1,5000
2025-04-04,22:13,소주,1,5000
2025-04-04,22:14,맥주,1,5000
2025-04-04,22:20,하이볼,1,7000
2025-04-04,22:26,맥주,1,5000
2025-04-04,22:30,맥주,1,5000
2025-04-04,22:32,맥주,1,5000
2025-04-04,22:34,소주,1,5000
2025-04-04,22:34,오돌뼈,1,17000
2025-04-04,22:35,계란찜,1,7000
2025-04-04,22:36,오돌뼈,1,17000
2025-04-04,22:37,맥주,1,5000
2025-04-04,22:38,맥주,1,5000
2025-04-04,22:47,하이볼,1,7000
2025-04-04,22:51,맥주,1,5000
2025-04-04,22:51,닭발,1,18000
2025-04-04,22:51,닭발,1,18000
2025-04-04,22:53,닭발,1,18000
2025-04-04,22:56,맥주,1,5000
2025-04-04,22:57,맥주,1,5000
2025-04-04,23:00,맥주,1,5000
2025-04-04,23:03,소주,1,5000
2025-04-04,23:04,오돌뼈,1,17000
2025-04-04,23:04,오돌뼈,1,17000
2025-04-04,23:12,소주,1,5000
2025-04-04,23:16,맥주,1,5000
2025-04-04,23:18,오돌뼈,1,17000
2025-04-04,23:19,소주,1,5000
2025-04-04,23:26,김치전,1,15000
2025-04-04,23:28,소주,1,5000
2025-04-04,23:28,김치전,1,15000
2025-04-04,23:29,소주,1,5000
2025-04-04,23:37,맥주,1,5000
2025-04-04,23:37,닭발,1,18000
2025-04-04,23:47,하이볼,1,7000
2025-04-04,23:50,소주,1,5000
2025-04-04,23:50,계란찜,1,7000
2025-04-05,19:02,닭발,1,18000
2025-04-05,19:11,김치전,1,15000
2025-04-05,19:15,맥주,1,5000
2025-04-05,19:19,맥주,1,5000
2025-04-05,19:25,맥주,1,5000
2025-04-05,19:33,오돌뼈,1,17000
2025-04-05,19:35,소주,1,5000
2025-04-05,19:35,계란찜,1,7000
2025-04-05,19:42,소주,1,5000
2025-04-05,19:54,닭발,1,18000
2025-04-05,19:55,오돌뼈,1,17000
2025-04-05,19:56,하이볼,1,7000
2025-04-05,19:57,하이볼,1,7000
2025-04-05,19:57,하이볼,1,7000
2025-04-05,20:03,닭발,1,18000
2025-04-05,20:03,김치전,1,15000
2025-04-05,20:04,소주,1,5000
2025-04-05,20:16,김치전,1,15000
2025-04-05,20:18,오돌뼈,1,17000
2025-04-05,20:19,맥주,1,5000
2025-04-05,20:22,소주,1,5000
2025-04-05,20:23,맥주,1,5000
2025-04-05,20:27,소주,1,5000
2025-04-05,20:29,맥주,1,5000
2025-04-05,20:29,계란찜,1,7000
2025-04-05,20:32,소주,1,5000
2025-04-05,20:32,맥주,1,5000
2025-04-05,20:35,김치전,1,15000
2025-04-05,20:37,오돌뼈,1,17000
2025-04-05,20:38,오돌뼈,1,17000
2025-04-05,20:39,맥주,1,5000
2025-04-05,20:43,하이볼,1,7000
2025-04-05,20:43,하이볼,1,7000
2025-04-05,20:44,닭발,1,18000
2025-04-05,20:45,김치전,1,15000
2025-04-05,20:51,하이볼,1,7000
2025-04-05,20:53,하이볼,1,7000
2025-04-05,20:55,소주,1,5000
2025-04-05,20:55,계란찜,1,7000
2025-04-05,20:58,맥주,1,5000
2025-04-05,21:04,맥주,1,5000
2025-04-05,21:06,소주,1,5000
2025-04-05,21:06,닭발,1,18000
2025-04-05,21:06,계란찜,1,7000
2025-04-05,21:07,소주,1,5000
2025-04-05,21:09,하이볼,1,7000
2025-04-05,21:10,하이볼,1,7000
2025-04-05,21:12,소주,1,5000
2025-04-05,21:12,오돌뼈,1,17000
2025-04-05,21:14,소주,1,5000
2025-04-05,21:14,오돌뼈,1,17000
2025-04-05,21:15,닭발,1,18000
2025-04-05,21:19,소주,1,5000
2025-04-05,21:21,닭발,1,18000
2025-04-05,21:22,소주,1,5000
2025-04-05,21:23,맥주,1,5000
2025-04-05,21:24,소주,1,5000
2025-04-05,21:24,맥주,1,5000
2025-04-05,21:25,닭발,1,18000
2025-04-05,21:25,김치전,1,15000
2025-04-05,21:27,오돌뼈,1,17000
2025-04-05,21:28,맥주,1,5000
2025-04-05,21:32,소주,1,5000
2025-04-05,21:33,닭발,1,18000
2025-04-05,21:36,계란찜,1,7000
2025-04-05,21:37,닭발,1,18000
2025-04-05,21:40,소주,1,5000
2025-04-05,21:43,맥주,1,5000
2025-04-05,21:45,김치전,1,15000
2025-04-05,21:47,소주,1,5000
2025-04-05,21:47,오돌뼈,1,17000
2025-04-05,21:48,소주,1,5000
2025-04-05,21:48,맥주,1,5000
2025-04-05,21:51,하이볼,1,7000
2025-04-05,21:57,소주,1,5000
2025-04-05,21:58,계란찜,1,7000
2025-04-05,21:59,닭발,1,18000
2025-04-05,22:01,소주,1,5000
2025-04-05,22:01,맥주,1,5000
2025-04-05,22:01,하이볼,1,7000
2025-04-05,22:03,맥주,1,5000
2025-04-05,22:05,소주,1,5000
2025-04-05,22:06,김치전,1,15000
2025-04-05,22:10,맥주,1,5000
2025-04-05,22:12,닭발,1,18000
2025-04-05,22:12,김치전,1,15000
2025-04-05,22:12,계란찜,1,7000
2025-04-05,22:13,김치전,1,15000
2025-04-05,22:14,소주,1,5000
2025-04-05,22:22,소주,1,5000
2025-04-05,22:22,닭발,1,18000
2025-04-05,22:34,닭발,1,18000
2025-04-05,22:34,닭발,1,18000
2025-04-05,22:34,오돌뼈,1,17000
2025-04-05,22:38,오돌뼈,1,17000
2025-04-05,22:39,소주,1,5000
2025-04-05,22:40,맥주,1,5000
2025-04-05,22:42,소주,1,5000
2025-04-05,22:45,닭발,1,18000
2025-04-05,22:46,오돌뼈,1,17000
2025-04-05,22:54,하이볼,1,7000
2025-04-05,22:57,맥주,1,5000
2025-04-05,22:57,김치전,1,15000
2025-04-05,22:57,김치전,1,15000
2025-04-05,23:02,맥주,1,5000
2025-04-05,23:02,하이볼,1,7000
2025-04-05,23:11,계란찜,1,7000
2025-04-05,23:15,맥주,1,5000
2025-04-05,23:22,맥주,1,5000
2025-04-05,23:24,닭발,1,18000
2025-04-05,23:36,하이볼,1,7000
2025-04-05,23:39,소주,1,5000
2025-04-05,23:47,소주,1,5000
2025-04-05,23:50,맥주,1,5000
2025-04-05,23:50,오돌뼈,1,17000
2025-04-06,19:31,하이볼,1,7000
2025-04-06,19:54,닭발,1,18000
2025-04-06,19:55,닭발,1,18000
2025-04-06,19:58,맥주,1,5000
2025-04-06,19:59,소주,1,5000
2025-04-06,19:59,계란찜,1,7000
2025-04-06,20:06,소주,1,5000
2025-04-06,20:07,김치전,1,15000
2025-04-06,20:11,닭발,1,18000
2025-04-06,20:13,소주,1,5000
2025-04-06,20:17,닭발,1,18000
2025-04-06,20:25,김치전,1,15000
2025-04-06,20:29,계란찜,1,7000
2025-04-06,20:52,하이볼,1,7000
2025-04-06,20:52,하이볼,1,7000
2025-04-06,20:55,계란찜,1,7000
2025-04-06,20:56,맥주,1,5000
2025-04-06,21:01,하이볼,1,7000
2025-04-06,21:03,닭발,1,18000
2025-04-06,21:11,소주,1,5000
2025-04-06,21:11,맥주,1,5000
2025-04-06,21:12,오돌뼈,1,17000
2025-04-06,21:14,소주,1,5000
2025-04-06,21:14,계란찜,1,7000
2025-04-06,21:16,김치전,1,15000
2025-04-06,21:17,소주,1,5000
2025-04-06,21:22,맥주,1,5000
2025-04-06,21:30,소주,1,5000
2025-04-06,21:31,하이볼,1,7000
2025-04-06,21:33,소주,1,5000
2025-04-06,21:35,소주,1,5000
2025-04-06,21:39,소주,1,5000
2025-04-06,21:43,맥주,1,5000
2025-04-06,21:44,맥주,1,5000
2025-04-06,21:50,맥주,1,5000
2025-04-06,21:52,계란찜,1,7000
2025-04-06,21:54,소주,1,5000
2025-04-06,21:55,닭발,1,18000
2025-04-06,21:55,오돌뼈,1,17000
2025-04-06,21:57,닭발,1,18000
2025-04-06,22:02,오돌뼈,1,17000
2025-04-06,22:04,맥주,1,5000
2025-04-06,22:06,맥주,1,5000
2025-04-06,22:11,김치전,1,15000
2025-04-06,22:17,소주,1,5000
2025-04-06,22:18,닭발,1,18000
2025-04-06,22:34,소주,1,5000
2025-04-06,22:35,맥주,1,5000
2025-04-06,22:49,맥주,1,5000
2025-04-06,22:56,맥주,1,5000
2025-04-06,23:00,하이볼,1,7000
2025-04-06,23:05,오돌뼈,1,17000
2025-04-06,23:14,소주,1,5000
2025-04-07,19:20,소주,1,5000
2025-04-07,19:20,맥주,1,5000
2025-04-07,19:25,맥주,1,5000
2025-04-07,19:34,계란찜,1,7000
2025-04-07,20:00,소주,1,5000
2025-04-07,20:06,맥주,1,5000
2025-04-07,20:07,오돌뼈,1,17000
2025-04-07,20:09,소주,1,5000
2025-04-07,20:19,하이볼,1,7000
2025-04-07,20:21,오돌뼈,1,17000
2025-04-07,20:22,소주,1,5000
2025-04-07,20:22,오돌뼈,1,17000
2025-04-07,20:29,맥주,1,5000
2025-04-07,20:29,김치전,1,15000
2025-04-07,20:32,소주,1,5000
2025-04-07,20:32,소주,1,5000
2025-04-07,20:32,하이볼,1,7000
2025-04-07,20:34,맥주,1,5000
2025-04-07,20:35,김치전,1,15000
2025-04-07,20:43,맥주,1,5000
2025-04-07,20:45,닭발,1,18000
2025-04-07,20:46,소주,1,5000
2025-04-07,20:47,소주,1,5000
2025-04-07,20:54,하이볼,1,7000
2025-04-07,20:57,소주,1,5000
2025-04-07,20:57,계란찜,1,7000
2025-04-07,20:58,김치전,1,15000
2025-04-07,21:02,맥주,1,5000
2025-04-07,21:05,맥주,1,5000
2025-04-07,21:09,오돌뼈,1,17000
2025-04-07,21:10,하이볼,1,7000
2025-04-07,21:11,오돌뼈,1,17000
2025-04-07,21:12,닭발,1,18000
2025-04-07,21:23,하이볼,1,7000
2025-04-07,21:24,닭발,1,18000
2025-04-07,21:26,김치전,1,15000
2025-04-07,21:27,오돌뼈,1,17000
2025-04-07,21:28,맥주,1,5000
2025-04-07,21:29,하이볼,1,7000
2025-04-07,21:30,닭발,1,18000
2025-04-07,21:33,맥주,1,5000
2025-04-07,21:36,닭발,1,18000
2025-04-07,21:37,계란찜,1,7000
2025-04-07,21:38,하이볼,1,7000
2025-04-07,21:42,맥주,1,5000
2025-04-07,21:42,김치전,1,15000
2025-04-07,21:43,맥주,1,5000
2025-04-07,21:45,소주,1,5000
2025-04-07,21:48,소주,1,5000
2025-04-07,21:48,맥주,1,5000
2025-04-07,21:52,소주,1,5000
2025-04-07,21:53,소주,1,5000
2025-04-07,21:56,소주,1,5000
2025-04-07,22:02,소주,1,5000
2025-04-07,22:11,맥주,1,5000
2025-04-07,22:12,소주,1,5000
2025-04-07,22:18,닭발,1,18000
2025-04-07,22:19,닭발,1,18000
2025-04-07,22:20,계란찜,1,7000
2025-04-07,22:21,닭발,1,18000
2025-04-07,22:23,계란찜,1,7000
2025-04-07,22:26,맥주,1,5000
2025-04-07,22:28,맥주,1,5000
2025-04-07,22:30,소주,1,5000
2025-04-07,22:30,닭발,1,18000
2025-04-07,22:48,닭발,1,18000
2025-04-07,22:50,맥주,1,5000
2025-04-07,22:50,하이볼,1,7000
2025-04-07,22:52,하이볼,1,7000
2025-04-07,22:57,소주,1,5000
2025-04-07,23:03,맥주,1,5000
2025-04-07,23:08,소주,1,5000
2025-04-07,23:08,계란찜,1,7000
2025-04-07,23:09,맥주,1,5000
2025-04-07,23:09,계란찜,1,7000
2025-04-07,23:38,소주,1,5000
2025-04-07,23:48,오돌뼈,1,17000
2025-04-07,23:50,맥주,1,5000
2025-04-07,23:50,닭발,1,18000
2025-04-07,23:50,오돌뼈,1,17000
2025-04-08,19:02,맥주,1,5000
2025-04-08,19:28,소주,1,5000
2025-04-08,19:31,소주,1,5000
2025-04-08,19:34,오돌뼈,1,17000
2025-04-08,19:43,소주,1,5000
2025-04-08,19:50,맥주,1,5000
2025-04-08,20:01,맥주,1,5000
2025-04-08,20:01,하이볼,1,7000
2025-04-08,20:03,오돌뼈,1,17000
2025-04-08,20:05,소주,1,5000
2025-04-08,20:07,맥주,1,5000
2025-04-08,20:07,김치전,1,15000
2025-04-08,20:09,소주,1,5000
2025-04-08,20:14,오돌뼈,1,17000
2025-04-08,20:15,닭발,1,18000
2025-04-08,20:18,하이볼,1,7000
2025-04-08,20:23,소주,1,5000
2025-04-08,20:25,하이볼,1,7000
2025-04-08,20:31,맥주,1,5000
2025-04-08,20:32,닭발,1,18000
2025-04-08,20:34,맥주,1,5000
2025-04-08,20:36,소주,1,5000
2025-04-08,20:36,계란찜,1,7000
2025-04-08,20:38,소주,1,5000
2025-04-08,20:39,김치전,1,15000
2025-04-08,20:45,소주,1,5000
2025-04-08,20:46,하이볼,1,7000
2025-04-08,20:49,하이볼,1,7000
2025-04-08,20:50,소주,1,5000
2025-04-08,20:55,맥주,1,5000
2025-04-08,20:57,소주,1,5000
2025-04-08,20:58,맥주,1,5000
2025-04-08,21:00,맥주,1,5000
2025-04-08,21:01,계란찜,1,7000
2025-04-08,21:11,맥주,1,5000
2025-04-08,21:14,하이볼,1,7000
2025-04-08,21:14,하이볼,1,7000
2025-04-08,21:15,소주,1,5000
2025-04-08,21:15,맥주,1,5000
2025-04-08,21:16,맥주,1,5000
2025-04-08,21:16,김치전,1,15000
2025-04-08,21:17,오돌뼈,1,17000
2025-04-08,21:18,맥주,1,5000
2025-04-08,21:18,하이볼,1,7000
2025-04-08,21:27,맥주,1,5000
2025-04-08,21:27,닭발,1,18000
2025-04-08,21:28,소주,1,5000
2025-04-08,21:29,맥주,1,5000
2025-04-08,21:33,소주,1,5000
2025-04-08,21:34,닭발,1,18000
2025-04-08,21:34,김치전,1,15000
2025-04-08,21:39,맥주,1,5000
2025-04-08,21:41,오돌뼈,1,17000
2025-04-08,21:46,소주,1,5000
2025-04-08,21:51,하이볼,1,7000
2025-04-08,21:52,맥주,1,5000
2025-04-08,21:53,소주,1,5000
2025-04-08,21:54,계란찜,1,7000
2025-04-08,21:58,닭발,1,18000
2025-04-08,21:59,하이볼,1,7000
2025-04-08,22:00,오돌뼈,1,17000
2025-04-08,22:01,소주,1,5000
2025-04-08,22:01,계란찜,1,7000
2025-04-08,22:04,소주,1,5000
2025-04-08,22:06,닭발,1,18000
2025-04-08,22:06,오돌뼈,1,17000
2025-04-08,22:06,김치전,1,15000
2025-04-08,22:07,소주,1,5000
2025-04-08,22:08,소주,1,5000
2025-04-08,22:08,김치전,1,15000
2025-04-08,22:09,닭발,1,18000
2025-04-08,22:11,계란찜,1,7000
2025-04-08,22:13,닭발,1,18000
2025-04-08,22:14,닭발,1,18000
2025-04-08,22:17,맥주,1,5000
2025-04-08,22:17,닭발,1,18000
2025-04-08,22:23,하이볼,1,7000
2025-04-08,22:29,소주,1,5000
2025-04-08,22:30,소주,1,5000
2025-04-08,22:30,맥주,1,5000
2025-04-08,22:34,김치전,1,15000
2025-04-08,22:39,맥주,1,5000
2025-04-08,22:47,소주,1,5000
2025-04-08,22:48,하이볼,1,7000
2025-04-08,22:57,오돌뼈,1,17000
2025-04-08,22:58,소주,1,5000
2025-04-08,23:03,계란찜,1,7000
2025-04-08,23:06,오돌뼈,1,17000
2025-04-08,23:10,맥주,1,5000
2025-04-08,23:16,김치전,1,15000
2025-04-08,23:18,하이볼,1,7000
2025-04-08,23:21,닭발,1,18000
2025-04-08,23:24,하이볼,1,7000
2025-04-09,19:27,소주,1,5000
2025-04-09,19:37,소주,1,5000
2025-04-09,19:38,하이볼,1,7000
2025-04-09,19:45,하이볼,1,7000
2025-04-09,19:45,닭발,1,18000
2025-04-09,19:47,계란찜,1,7000
2025-04-09,20:06,맥주,1,5000
2025-04-09,20:06,닭발,1,18000
2025-04-09,20:09,맥주,1,5000
2025-04-09,20:13,하이볼,1,7000
2025-04-09,20:15,맥주,1,5000
2025-04-09,20:15,닭발,1,18000
2025-04-09,20:20,소주,1,5000
2025-04-09,20:25,김치전,1,15000
2025-04-09,20:27,소주,1,5000
2025-04-09,20:27,맥주,1,5000
2025-04-09,20:27,오돌뼈,1,17000
2025-04-09,20:30,계란찜,1,7000
2025-04-09,20:33,닭발,1,18000
2025-04-09,20:34,소주,1,5000
2025-04-09,20:42,계란찜,1,7000
2025-04-09,20:46,맥주,1,5000
2025-04-09,20:47,소주,1,5000
2025-04-09,20:48,소주,1,5000
2025-04-09,20:49,계란찜,1,7000
2025-04-09,20:50,맥주,1,5000
2025-04-09,20:52,맥주,1,5000
2025-04-09,20:52,맥주,1,5000
2025-04-09,20:52,맥주,1,5000
2025-04-09,20:52,맥주,1,5000
2025-04-09,20:54,닭발,1,18000
2025-04-09,20:55,닭발,1,18000
2025-04-09,20:56,소주,1,5000
2025-04-09,20:58,오돌뼈,1,17000
2025-04-09,20:59,맥주,1,5000
2025-04-09,21:00,하이볼,1,7000
2025-04-09,21:01,오돌뼈,1,17000
2025-04-09,21:02,하이볼,1,7000
2025-04-09,21:04,오돌뼈,1,17000
2025-04-09,21:08,소주,1,5000
2025-04-09,21:08,소주,1,5000
2025-04-09,21:09,닭발,1,18000
2025-04-09,21:11,닭발,1,18000
2025-04-09,21:13,닭발,1,18000
2025-04-09,21:15,소주,1,5000
2025-04-09,21:16,김치전,1,15000
2025-04-09,21:19,닭발,1,18000
2025-04-09,21:20,계란찜,1,7000
2025-04-09,21:21,계란찜,1,7000
2025-04-09,21:23,닭발,1,18000
2025-04-09,21:24,맥주,1,5000
2025-04-09,21:25,김치전,1,15000
2025-04-09,21:28,닭발,1,18000
2025-04-09,21:32,소주,1,5000
2025-04-09,21:32,김치전,1,15000
2025-04-09,21:33,오돌뼈,1,17000
2025-04-09,21:34,하이볼,1,7000
2025-04-09,21:34,계란찜,1,7000
2025-04-09,21:35,맥주,1,5000
2025-04-09,21:39,소주,1,5000
2025-04-09,21:39,하이볼,1,7000
2025-04-09,21:39,닭발,1,18000
2025-04-09,21:43,하이볼,1,7000
2025-04-09,21:43,오돌뼈,1,17000
2025-04-09,21:45,계란찜,1,7000
2025-04-09,21:46,소주,1,5000
2025-04-09,21:46,소주,1,5000
2025-04-09,21:47,하이볼,1,7000
2025-04-09,21:48,오돌뼈,1,17000
2025-04-09,21:49,맥주,1,5000
2025-04-09,21:50,닭발,1,18000
2025-04-09,21:52,김치전,1,15000
2025-04-09,21:53,오돌뼈,1,17000
2025-04-09,21:56,소주,1,5000
2025-04-09,21:57,맥주,1,5000
2025-04-09,21:59,소주,1,5000
2025-04-09,22:01,닭발,1,18000
2025-04-09,22:02,맥주,1,5000
2025-04-09,22:04,소주,1,5000
2025-04-09,22:07,닭발,1,18000
2025-04-09,22:08,소주,1,5000
2025-04-09,22:08,하이볼,1,7000
2025-04-09,22:12,맥주,1,5000
2025-04-09,22:12,맥주,1,5000
2025-04-09,22:15,닭발,1,18000
2025-04-09,22:17,맥주,1,5000
2025-04-09,22:18,맥주,1,5000
2025-04-09,22:18,오돌뼈,1,17000
2025-04-09,22:19,소주,1,5000
2025-04-09,22:21,김치전,1,15000
2025-04-09,22:28,소주,1,5000
2025-04-09,22:35,닭발,1,18000
2025-04-09,22:37,소주,1,5000
2025-04-09,22:39,맥주,1,5000
2025-04-09,22:43,오돌뼈,1,17000
2025-04-09,22:44,김치전,1,15000
2025-04-09,22:47,계란찜,1,7000
2025-04-09,22:49,하이볼,1,7000
2025-04-09,22:51,소주,1,5000
2025-04-09,22:52,맥주,1,5000
2025-04-09,22:53,오돌뼈,1,17000
2025-04-09,22:56,소주,1,5000
2025-04-09,22:57,소주,1,5000
2025-04-09,23:03,하이볼,1,7000
2025-04-09,23:10,닭발,1,18000
2025-04-09,23:13,소주,1,5000
2025-04-09,23:13,김치전,1,15000
2025-04-09,23:15,소주,1,5000
2025-04-09,23:18,소주,1,5000
2025-04-09,23:20,하이볼,1,7000
2025-04-09,23:25,닭발,1,18000
2025-04-09,23:30,김치전,1,15000
2025-04-09,23:30,계란찜,1,7000
2025-04-09,23:45,맥주,1,5000
2025-04-09,23:48,맥주,1,5000
2025-04-09,23:48,오돌뼈,1,17000
2025-04-09,23:49,소주,1,5000
2025-04-09,23:50,소주,1,5000
2025-04-10,19:00,맥주,1,5000
2025-04-10,19:05,하이볼,1,7000
2025-04-10,19:34,소주,1,5000
2025-04-10,19:47,닭발,1,18000
2025-04-10,19:57,계란찜,1,7000
2025-04-10,20:05,닭발,1,18000
2025-04-10,20:06,닭발,1,18000
2025-04-10,20:06,계란찜,1,7000
2025-04-10,20:08,계란찜,1,7000
2025-04-10,20:11,닭발,1,18000
2025-04-10,20:12,소주,1,5000
2025-04-10,20:14,소주,1,5000
2025-04-10,20:14,맥주,1,5000
2025-04-10,20:17,맥주,1,5000
2025-04-10,20:18,맥주,1,5000
2025-04-10,20:18,닭발,1,18000
2025-04-10,20:18,오돌뼈,1,17000
2025-04-10,20:21,소주,1,5000
2025-04-10,20:23,맥주,1,5000
2025-04-10,20:25,소주,1,5000
2025-04-10,20:29,하이볼,1,7000
2025-04-10,20:31,하이볼,1,7000
2025-04-10,20:31,오돌뼈,1,17000
2025-04-10,20:32,소주,1,5000
2025-04-10,20:33,오돌뼈,1,17000
2025-04-10,20:34,소주,1,5000
2025-04-10,20:34,닭발,1,18000
2025-04-10,20:35,오돌뼈,1,17000
2025-04-10,20:37,오돌뼈,1,17000
2025-04-10,20:38,하이볼,1,7000
2025-04-10,20:40,맥주,1,5000
2025-04-10,20:42,소주,1,5000
2025-04-10,20:42,김치전,1,15000
2025-04-10,20:45,소주,1,5000
2025-04-10,20:47,소주,1,5000
2025-04-10,20:51,계란찜,1,7000
2025-04-10,20:53,소주,1,5000
2025-04-10,20:53,하이볼,1,7000
2025-04-10,20:53,오돌뼈,1,17000
2025-04-10,20:57,계란찜,1,7000
2025-04-10,20:58,닭발,1,18000
2025-04-10,20:59,김치전,1,15000
2025-04-10,21:02,맥주,1,5000
2025-04-10,21:02,맥주,1,5000
2025-04-10,21:06,오돌뼈,1,17000
2025-04-10,21:07,하이볼,1,7000
2025-04-10,21:08,소주,1,5000
2025-04-10,21:08,김치전,1,15000
2025-04-10,21:11,하이볼,1,7000
2025-04-10,21:13,소주,1,5000
2025-04-10,21:13,하이볼,1,7000
2025-04-10,21:14,닭발,1,18000
2025-04-10,21:14,계란찜,1,7000
2025-04-10,21:15,맥주,1,5000
2025-04-10,21:15,닭발,1,18000
2025-04-10,21:16,맥주,1,5000
2025-04-10,21:16,닭발,1,18000
2025-04-10,21:16,닭발,1,18000
2025-04-10,21:17,소주,1,5000
2025-04-10,21:17,닭발,1,18000
2025-04-10,21:19,소주,1,5000
2025-04-10,21:20,소주,1,5000
2025-04-10,21:20,김치전,1,15000
2025-04-10,21:22,맥주,1,5000
2025-04-10,21:24,계란찜,1,7000
2025-04-10,21:25,소주,1,5000
2025-04-10,21:31,소주,1,5000
2025-04-10,21:31,소주,1,5000
2025-04-10,21:33,소주,1,5000
2025-04-10,21:33,계란찜,1,7000
2025-04-10,21:34,하이볼,1,7000
2025-04-10,21:35,맥주,1,5000
2025-04-10,21:35,맥주,1,5000
2025-04-10,21:35,맥주,1,5000
2025-04-10,21:36,하이볼,1,7000
2025-04-10,21:36,김치전,1,15000
2025-04-10,21:37,닭발,1,18000
2025-04-10,21:37,계란찜,1,7000
2025-04-10,21:41,맥주,1,5000
2025-04-10,21:42,소주,1,5000
2025-04-10,21:43,소주,1,5000
2025-04-10,21:44,오돌뼈,1,17000
2025-04-10,21:47,맥주,1,5000
2025-04-10,21:51,맥주,1,5000
2025-04-10,21:53,맥주,1,5000
2025-04-10,21:53,맥주,1,5000
2025-04-10,21:56,닭발,1,18000
2025-04-10,21:57,김치전,1,15000
2025-04-10,22:08,소주,1,5000
2025-04-10,22:09,하이볼,1,7000
2025-04-10,22:09,김치전,1,15000
2025-04-10,22:13,맥주,1,5000
2025-04-10,22:14,소주,1,5000
2025-04-10,22:14,오돌뼈,1,17000
2025-04-10,22:16,맥주,1,5000
2025-04-10,22:17,하이볼,1,7000
2025-04-10,22:18,맥주,1,5000
2025-04-10,22:18,오돌뼈,1,17000
2025-04-10,22:19,맥주,1,5000
2025-04-10,22:29,오돌뼈,1,17000
2025-04-10,22:32,소주,1,5000
2025-04-10,22:34,닭발,1,18000
2025-04-10,22:39,맥주,1,5000
2025-04-10,22:40,소주,1,5000
2025-04-10,22:45,소주,1,5000
2025-04-10,22:45,소주,1,5000
2025-04-10,22:47,닭발,1,18000
2025-04-10,22:51,소주,1,5000
2025-04-10,22:51,계란찜,1,7000
2025-04-10,22:57,계란찜,1,7000
2025-04-10,22:59,소주,1,5000
2025-04-10,23:00,맥주,1,5000
2025-04-10,23:08,소주,1,5000
2025-04-10,23:08,닭발,1,18000
2025-04-10,23:15,하이볼,1,7000
2025-04-10,23:15,오돌뼈,1,17000
2025-04-10,23:16,오돌뼈,1,17000
2025-04-10,23:25,김치전,1,15000
2025-04-11,19:11,하이볼,1,7000
2025-04-11,19:18,소주,1,5000
2025-04-11,19:29,소주,1,5000
2025-04-11,19:35,맥주,1,5000
2025-04-11,19:40,소주,1,5000
2025-04-11,19:48,맥주,1,5000
2025-04-11,19:51,오돌뼈,1,17000
2025-04-11,19:53,김치전,1,15000
2025-04-11,19:55,소주,1,5000
2025-04-11,19:56,소주,1,5000
2025-04-11,19:57,닭발,1,18000
2025-04-11,19:59,오돌뼈,1,17000
2025-04-11,20:01,소주,1,5000
2025-04-11,20:05,닭발,1,18000
2025-04-11,20:07,소주,1,5000
2025-04-11,20:08,소주,1,5000
2025-04-11,20:16,김치전,1,15000
2025-04-11,20:19,소주,1,5000
2025-04-11,20:22,소주,1,5000
2025-04-11,20:22,김치전,1,15000
2025-04-11,20:25,소주,1,5000
2025-04-11,20:25,계란찜,1,7000
2025-04-11,20:28,닭발,1,18000
2025-04-11,20:28,오돌뼈,1,17000
2025-04-11,20:29,소주,1,5000
2025-04-11,20:29,닭발,1,18000
2025-04-11,20:30,닭발,1,18000
2025-04-11,20:30,오돌뼈,1,17000
2025-04-11,20:31,맥주,1,5000
2025-04-11,20:31,맥주,1,5000
2025-04-11,20:31,오돌뼈,1,17000
2025-04-11,20:32,맥주,1,5000
2025-04-11,20:33,맥주,1,5000
2025-04-11,20:33,하이볼,1,7000
2025-04-11,20:34,맥주,1,5000
2025-04-11,20:34,닭발,1,18000
2025-04-11,20:38,하이볼,1,7000
2025-04-11,20:38,닭발,1,18000
2025-04-11,20:39,소주,1,5000
2025-04-11,20:41,맥주,1,5000
2025-04-11,20:42,하이볼,1,7000
2025-04-11,20:44,닭발,1,18000
2025-04-11,20:48,소주,1,5000
2025-04-11,20:48,오돌뼈,1,17000
2025-04-11,20:51,오돌뼈,1,17000
2025-04-11,20:52,맥주,1,5000
2025-04-11,20:53,하이볼,1,7000
2025-04-11,20:54,맥주,1,5000
2025-04-11,20:54,김치전,1,15000
2025-04-11,20:54,계란찜,1,7000
2025-04-11,20:55,소주,1,5000
2025-04-11,20:56,맥주,1,5000
2025-04-11,20:57,맥주,1,5000
2025-04-11,21:00,소주,1,5000
2025-04-11,21:02,김치전,1,15000
2025-04-11,21:03,맥주,1,5000
2025-04-11,21:04,계란찜,1,7000
2025-04-11,21:05,닭발,1,18000
2025-04-11,21:08,닭발,1,18000
2025-04-11,21:08,계란찜,1,7000
2025-04-11,21:13,소주,1,5000
2025-04-11,21:16,하이볼,1,7000
2025-04-11,21:17,소주,1,5000
2025-04-11,21:20,하이볼,1,7000
2025-04-11,21:21,소주,1,5000
2025-04-11,21:22,맥주,1,5000
2025-04-11,21:23,맥주,1,5000
2025-04-11,21:24,닭발,1,18000
2025-04-11,21:28,소주,1,5000
2025-04-11,21:28,소주,1,5000
2025-04-11,21:29,맥주,1,5000
2025-04-11,21:29,맥주,1,5000
2025-04-11,21:29,하이볼,1,7000
2025-04-11,21:29,계란찜,1,7000
2025-04-11,21:36,소주,1,5000
2025-04-11,21:36,오돌뼈,1,17000
2025-04-11,21:37,맥주,1,5000
2025-04-11,21:39,소주,1,5000
2025-04-11,21:42,맥주,1,5000
2025-04-11,21:43,계란찜,1,7000
2025-04-11,21:44,김치전,1,15000
2025-04-11,21:45,소주,1,5000
2025-04-11,21:45,김치전,1,15000
2025-04-11,21:48,맥주,1,5000
2025-04-11,21:48,하이볼,1,7000
2025-04-11,21:49,맥주,1,5000
2025-04-11,21:50,닭발,1,18000
2025-04-11,21:51,하이볼,1,7000
2025-04-11,21:51,닭발,1,18000
2025-04-11,21:52,닭발,1,18000
2025-04-11,21:53,소주,1,5000
2025-04-11,21:53,하이볼,1,7000
2025-04-11,21:56,맥주,1,5000
2025-04-11,21:56,맥주,1,5000
2025-04-11,22:00,오돌뼈,1,17000
2025-04-11,22:02,김치전,1,15000
2025-04-11,22:06,닭발,1,18000
2025-04-11,22:07,소주,1,5000
2025-04-11,22:07,닭발,1,18000
2025-04-11,22:08,하이볼,1,7000
2025-04-11,22:08,김치전,1,15000
2025-04-11,22:10,소주,1,5000
2025-04-11,22:10,소주,1,5000
2025-04-11,22:10,김치전,1,15000
2025-04-11,22:12,맥주,1,5000
2025-04-11,22:13,닭발,1,18000
2025-04-11,22:14,계란찜,1,7000
2025-04-11,22:15,하이볼,1,7000
2025-04-11,22:16,소주,1,5000
2025-04-11,22:17,김치전,1,15000
2025-04-11,22:19,김치전,1,15000
2025-04-11,22:20,하이볼,1,7000
2025-04-11,22:20,하이볼,1,7000
2025-04-11,22:22,맥주,1,5000
2025-04-11,22:23,소주,1,5000
2025-04-11,22:23,맥주,1,5000
2025-04-11,22:26,소주,1,5000
2025-04-11,22:27,하이볼,1,7000
2025-04-11,22:29,소주,1,5000
2025-04-11,22:30,오돌뼈,1,17000
2025-04-11,22:31,소주,1,5000
2025-04-11,22:31,계란찜,1,7000
2025-04-11,22:34,하이볼,1,7000
2025-04-11,22:35,맥주,1,5000
2025-04-11,22:42,맥주,1,5000
2025-04-11,22:44,소주,1,5000
2025-04-11,22:48,오돌뼈,1,17000
2025-04-11,22:48,계란찜,1,7000
2025-04-11,22:51,오돌뼈,1,17000
2025-04-11,22:52,오돌뼈,1,17000
2025-04-11,22:53,하이볼,1,7000
2025-04-11,22:55,김치전,1,15000
2025-04-11,22:59,오돌뼈,1,17000
2025-04-11,23:01,소주,1,5000
2025-04-11,23:04,맥주,1,5000
2025-04-11,23:08,닭발,1,18000
2025-04-11,23:09,계란찜,1,7000
2025-04-11,23:17,김치전,1,15000
2025-04-11,23:38,맥주,1,5000
2025-04-11,23:44,소주,1,5000
2025-04-11,23:50,맥주,1,5000
2025-04-11,23:50,맥주,1,5000
2025-04-12,19:27,맥주,1,5000
2025-04-12,19:36,소주,1,5000
2025-04-12,19:36,계란찜,1,7000
2025-04-12,19:43,소주,1,5000
2025-04-12,19:43,맥주,1,5000
2025-04-12,19:46,맥주,1,5000
2025-04-12,19:49,하이볼,1,7000
2025-04-12,20:05,하이볼,1,7000
2025-04-12,20:09,소주,1,5000
2025-04-12,20:10,김치전,1,15000
2025-04-12,20:15,소주,1,5000
2025-04-12,20:20,닭발,1,18000
2025-04-12,20:27,소주,1,5000
2025-04-12,20:28,닭발,1,18000
2025-04-12,20:28,닭발,1,18000
2025-04-12,20:29,소주,1,5000
2025-04-12,20:29,맥주,1,5000
2025-04-12,20:30,맥주,1,5000
2025-04-12,20:31,김치전,1,15000
2025-04-12,20:32,닭발,1,18000
2025-04-12,20:33,소주,1,5000
2025-04-12,20:34,오돌뼈,1,17000
2025-04-12,20:34,계란찜,1,7000
2025-04-12,20:36,소주,1,5000
2025-04-12,20:39,맥주,1,5000
2025-04-12,20:40,하이볼,1,7000
2025-04-12,20:41,하이볼,1,7000
2025-04-12,20:43,오돌뼈,1,17000
2025-04-12,20:44,맥주,1,5000
2025-04-12,20:46,계란찜,1,7000
2025-04-12,20:47,김치전,1,15000
2025-04-12,20:52,계란찜,1,7000
2025-04-12,20:54,맥주,1,5000
2025-04-12,21:00,맥주,1,5000
2025-04-12,21:01,맥주,1,5000
2025-04-12,21:02,소주,1,5000
2025-04-12,21:02,김치전,1,15000
2025-04-12,21:04,계란찜,1,7000
2025-04-12,21:06,소주,1,5000
2025-04-12,21:06,닭발,1,18000
2025-04-12,21:06,김치전,1,15000
2025-04-12,21:08,소주,1,5000
2025-04-12,21:08,오돌뼈,1,17000
2025-04-12,21:11,오돌뼈,1,17000
2025-04-12,21:12,맥주,1,5000
2025-04-12,21:16,계란찜,1,7000
2025-04-12,21:17,닭발,1,18000
2025-04-12,21:18,닭발,1,18000
2025-04-12,21:18,오돌뼈,1,17000
2025-04-12,21:19,맥주,1,5000
2025-04-12,21:19,하이볼,1,7000
2025-04-12,21:19,닭발,1,18000
2025-04-12,21:20,소주,1,5000
2025-04-12,21:23,오돌뼈,1,17000
2025-04-12,21:24,소주,1,5000
2025-04-12,21:26,하이볼,1,7000
2025-04-12,21:26,오돌뼈,1,17000
2025-04-12,21:27,맥주,1,5000
2025-04-12,21:29,하이볼,1,7000
2025-04-12,21:29,닭발,1,18000
2025-04-12,21:29,오돌뼈,1,17000
2025-04-12,21:32,하이볼,1,7000
2025-04-12,21:32,닭발,1,18000
2025-04-12,21:33,계란찜,1,7000
2025-04-12,21:34,김치전,1,15000
2025-04-12,21:35,소주,1,5000
2025-04-12,21:41,맥주,1,5000
2025-04-12,21:41,오돌뼈,1,17000
2025-04-12,21:45,계란찜,1,7000
2025-04-12,21:46,계란찜,1,7000
2025-04-12,21:49,소주,1,5000
2025-04-12,21:50,맥주,1,5000
2025-04-12,21:51,맥주,1,5000
2025-04-12,21:51,하이볼,1,7000
2025-04-12,21:51,김치전,1,15000
2025-04-12,21:56,닭발,1,18000
2025-04-12,21:56,닭발,1,18000
2025-04-12,21:56,계란찜,1,7000
2025-04-12,22:00,닭발,1,18000
2025-04-12,22:04,맥주,1,5000
2025-04-12,22:05,하이볼,1,7000
2025-04-12,22:06,오돌뼈,1,17000
2025-04-12,22:07,맥주,1,5000
2025-04-12,22:08,맥주,1,5000
2025-04-12,22:08,맥주,1,5000
2025-04-12,22:09,김치전,1,15000
2025-04-12,22:12,김치전,1,15000
2025-04-12,22:13,소주,1,5000
2025-04-12,22:13,맥주,1,5000
2025-04-12,22:13,하이볼,1,7000
2025-04-12,22:15,맥주,1,5000
2025-04-12,22:15,닭발,1,18000
2025-04-12,22:16,하이볼,1,7000
2025-04-12,22:17,소주,1,5000
2025-04-12,22:17,맥주,1,5000
2025-04-12,22:18,김치전,1,15000
2025-04-12,22:20,소주,1,5000
2025-04-12,22:24,소주,1,5000
2025-04-12,22:24,하이볼,1,7000
2025-04-12,22:25,소주,1,5000
2025-04-12,22:29,소주,1,5000
2025-04-12,22:31,오돌뼈,1,17000
2025-04-12,22:32,소주,1,5000
2025-04-12,22:34,맥주,1,5000
2025-04-12,22:35,맥주,1,5000
2025-04-12,22:39,맥주,1,5000
2025-04-12,22:43,하이볼,1,7000
2025-04-12,22:47,소주,1,5000
2025-04-12,22:47,소주,1,5000
2025-04-12,22:49,소주,1,5000
2025-04-12,22:50,닭발,1,18000
2025-04-12,22:51,소주,1,5000
2025-04-12,22:51,오돌뼈,1,17000
2025-04-12,22:56,소주,1,5000
2025-04-12,22:56,맥주,1,5000
2025-04-12,22:58,소주,1,5000
2025-04-12,23:00,닭발,1,18000
2025-04-12,23:03,소주,1,5000
2025-04-12,23:06,닭발,1,18000
2025-04-12,23:15,소주,1,5000
2025-04-12,23:15,하이볼,1,7000
2025-04-12,23:16,맥주,1,5000
2025-04-12,23:17,닭발,1,18000
2025-04-12,23:18,소주,1,5000
2025-04-12,23:20,오돌뼈,1,17000
2025-04-12,23:21,맥주,1,5000
2025-04-12,23:37,닭발,1,18000
2025-04-12,23:50,하이볼,1,7000
2025-04-12,23:50,닭발,1,18000
2025-04-13,18:56,김치전,1,15000
2025-04-13,19:45,소주,1,5000
2025-04-13,19:49,소주,1,5000
2025-04-13,19:56,오돌뼈,1,17000
2025-04-13,20:00,맥주,1,5000
2025-04-13,20:01,김치전,1,15000
2025-04-13,20:14,닭발,1,18000
2025-04-13,20:21,하이볼,1,7000
2025-04-13,20:30,하이볼,1,7000
2025-04-13,20:32,소주,1,5000
2025-04-13,20:32,김치전,1,15000
2025-04-13,20:40,맥주,1,5000
2025-04-13,20:42,닭발,1,18000
2025-04-13,20:46,닭발,1,18000
2025-04-13,20:52,소주,1,5000
2025-04-13,20:57,맥주,1,5000
2025-04-13,20:57,하이볼,1,7000
2025-04-13,21:02,소주,1,5000
2025-04-13,21:02,김치전,1,15000
2025-04-13,21:07,닭발,1,18000
2025-04-13,21:07,김치전,1,15000
2025-04-13,21:09,하이볼,1,7000
2025-04-13,21:16,맥주,1,5000
2025-04-13,21:16,맥주,1,5000
2025-04-13,21:19,소주,1,5000
2025-04-13,21:19,소주,1,5000
2025-04-13,21:23,김치전,1,15000
2025-04-13,21:24,하이볼,1,7000
2025-04-13,21:26,계란찜,1,7000
2025-04-13,21:28,계란찜,1,7000
2025-04-13,21:32,맥주,1,5000
2025-04-13,21:36,맥주,1,5000
2025-04-13,21:41,맥주,1,5000
2025-04-13,21:44,계란찜,1,7000
2025-04-13,21:46,맥주,1,5000
2025-04-13,21:46,계란찜,1,7000
2025-04-13,21:53,오돌뼈,1,17000
2025-04-13,21:57,소주,1,5000
2025-04-13,22:03,김치전,1,15000
2025-04-13,22:06,계란찜,1,7000
2025-04-13,22:07,계란찜,1,7000
2025-04-13,22:14,맥주,1,5000
2025-04-13,22:18,닭발,1,18000
2025-04-13,22:20,오돌뼈,1,17000
2025-04-13,22:22,소주,1,5000
2025-04-13,22:28,닭발,1,18000
2025-04-13,22:32,소주,1,5000
2025-04-13,22:35,하이볼,1,7000
2025-04-13,22:36,소주,1,5000
2025-04-13,22:38,소주,1,5000
2025-04-13,22:44,닭발,1,18000
2025-04-13,22:46,맥주,1,5000
2025-04-13,22:47,닭발,1,18000
2025-04-13,22:56,하이볼,1,7000
2025-04-13,22:59,오돌뼈,1,17000
2025-04-13,23:02,닭발,1,18000
2025-04-13,23:18,계란찜,1,7000
2025-04-13,23:23,김치전,1,15000
2025-04-13,23:45,맥주,1,5000
2025-04-14,19:24,소주,1,5000
2025-04-14,19:27,맥주,1,5000
2025-04-14,19:33,맥주,1,5000
2025-04-14,19:41,소주,1,5000
2025-04-14,19:45,김치전,1,15000
2025-04-14,19:59,소주,1,5000
2025-04-14,20:08,소주,1,5000
2025-04-14,20:09,소주,1,5000
2025-04-14,20:16,소주,1,5000
2025-04-14,20:29,소주,1,5000
2025-04-14,20:33,맥주,1,5000
2025-04-14,20:35,맥주,1,5000
2025-04-14,20:35,맥주,1,5000
2025-04-14,20:39,하이볼,1,7000
2025-04-14,20:45,맥주,1,5000
2025-04-14,20:49,소주,1,5000
2025-04-14,20:50,맥주,1,5000
2025-04-14,20:50,맥주,1,5000
2025-04-14,20:50,계란찜,1,7000
2025-04-14,20:56,닭발,1,18000
2025-04-14,20:57,소주,1,5000
2025-04-14,20:59,소주,1,5000
2025-04-14,21:04,닭발,1,18000
2025-04-14,21:05,닭발,1,18000
2025-04-14,21:12,맥주,1,5000
2025-04-14,21:13,김치전,1,15000
2025-04-14,21:15,오돌뼈,1,17000
2025-04-14,21:16,계란찜,1,7000
2025-04-14,21:17,맥주,1,5000
2025-04-14,21:19,소주,1,5000
2025-04-14,21:19,오돌뼈,1,17000
2025-04-14,21:23,맥주,1,5000
2025-04-14,21:28,소주,1,5000
2025-04-14,21:30,오돌뼈,1,17000
2025-04-14,21:31,하이볼,1,7000
2025-04-14,21:40,오돌뼈,1,17000
2025-04-14,21:41,하이볼,1,7000
2025-04-14,21:41,하이볼,1,7000
2025-04-14,21:41,김치전,1,15000
2025-04-14,21:45,맥주,1,5000
2025-04-14,21:45,김치전,1,15000
2025-04-14,21:46,닭발,1,18000
2025-04-14,21:47,오돌뼈,1,17000
2025-04-14,21:53,김치전,1,15000
2025-04-14,22:05,하이볼,1,7000
2025-04-14,22:13,닭발,1,18000
2025-04-14,22:13,김치전,1,15000
2025-04-14,22:16,맥주,1,5000
2025-04-14,22:16,계란찜,1,7000
2025-04-14,22:27,소주,1,5000
2025-04-14,22:28,맥주,1,5000
2025-04-14,22:35,하이볼,1,7000
2025-04-14,22:36,계란찜,1,7000
2025-04-14,22:46,하이볼,1,7000
2025-04-14,23:07,오돌뼈,1,17000
2025-04-14,23:09,오돌뼈,1,17000
2025-04-14,23:50,하이볼,1,7000
2025-04-15,18:58,하이볼,1,7000
2025-04-15,19:10,오돌뼈,1,17000
2025-04-15,19:17,김치전,1,15000
2025-04-15,19:43,닭발,1,18000
2025-04-15,19:48,하이볼,1,7000
2025-04-15,19:56,소주,1,5000
2025-04-15,20:00,하이볼,1,7000
2025-04-15,20:03,닭발,1,18000
2025-04-15,20:06,소주,1,5000
2025-04-15,20:10,소주,1,5000
2025-04-15,20:11,하이볼,1,7000
2025-04-15,20:13,소주,1,5000
2025-04-15,20:13,오돌뼈,1,17000
2025-04-15,20:14,소주,1,5000
2025-04-15,20:17,소주,1,5000
2025-04-15,20:18,오돌뼈,1,17000
2025-04-15,20:19,닭발,1,18000
2025-04-15,20:25,닭발,1,18000
2025-04-15,20:29,하이볼,1,7000
2025-04-15,20:30,맥주,1,5000
2025-04-15,20:30,하이볼,1,7000
2025-04-15,20:30,오돌뼈,1,17000
2025-04-15,20:33,맥주,1,5000
2025-04-15,20:35,맥주,1,5000
2025-04-15,20:35,닭발,1,18000
2025-04-15,20:39,소주,1,5000
2025-04-15,20:42,계란찜,1,7000
2025-04-15,20:45,닭발,1,18000
2025-04-15,20:47,소주,1,5000
2025-04-15,20:49,하이볼,1,7000
2025-04-15,20:53,맥주,1,5000
2025-04-15,21:01,소주,1,5000
2025-04-15,21:06,닭발,1,18000
2025-04-15,21:07,소주,1,5000
2025-04-15,21:07,하이볼,1,7000
2025-04-15,21:08,소주,1,5000
2025-04-15,21:09,맥주,1,5000
2025-04-15,21:14,소주,1,5000
2025-04-15,21:14,오돌뼈,1,17000
2025-04-15,21:15,소주,1,5000
2025-04-15,21:16,소주,1,5000
2025-04-15,21:17,하이볼,1,7000
2025-04-15,21:18,오돌뼈,1,17000
2025-04-15,21:20,맥주,1,5000
2025-04-15,21:21,맥주,1,5000
2025-04-15,21:22,계란찜,1,7000
2025-04-15,21:27,소주,1,5000
2025-04-15,21:28,소주,1,5000
2025-04-15,21:28,계란찜,1,7000
2025-04-15,21:38,하이볼,1,7000
2025-04-15,21:42,맥주,1,5000
2025-04-15,21:42,맥주,1,5000
2025-04-15,21:42,계란찜,1,7000
2025-04-15,21:44,맥주,1,5000
2025-04-15,21:48,김치전,1,15000
2025-04-15,21:49,소주,1,5000
2025-04-15,21:49,김치전,1,15000
2025-04-15,21:49,김치전,1,15000
2025-04-15,21:50,김치전,1,15000
2025-04-15,21:50,계란찜,1,7000
2025-04-15,21:53,소주,1,5000
2025-04-15,21:53,맥주,1,5000
2025-04-15,21:55,오돌뼈,1,17000
2025-04-15,21:56,소주,1,5000
2025-04-15,21:57,소주,1,5000
2025-04-15,21:58,소주,1,5000
2025-04-15,21:59,김치전,1,15000
2025-04-15,22:05,오돌뼈,1,17000
2025-04-15,22:06,맥주,1,5000
2025-04-15,22:14,소주,1,5000
2025-04-15,22:16,소주,1,5000
2025-04-15,22:20,맥주,1,5000
2025-04-15,22:23,하이볼,1,7000
2025-04-15,22:24,소주,1,5000
2025-04-15,22:24,닭발,1,18000
2025-04-15,22:29,맥주,1,5000
2025-04-15,22:29,맥주,1,5000
2025-04-15,22:31,오돌뼈,1,17000
2025-04-15,22:34,맥주,1,5000
2025-04-15,22:35,김치전,1,15000
2025-04-15,22:36,맥주,1,5000
2025-04-15,22:37,김치전,1,15000
2025-04-15,22:38,계란찜,1,7000
2025-04-15,22:41,닭발,1,18000
2025-04-15,22:50,맥주,1,5000
2025-04-15,23:02,김치전,1,15000
2025-04-15,23:04,맥주,1,5000
2025-04-15,23:06,계란찜,1,7000
2025-04-15,23:12,닭발,1,18000
2025-04-15,23:20,맥주,1,5000
2025-04-15,23:34,계란찜,1,7000
2025-04-15,23:37,하이볼,1,7000
2025-04-15,23:38,소주,1,5000
2025-04-15,23:41,닭발,1,18000
2025-04-15,23:44,소주,1,5000
2025-04-16,18:41,오돌뼈,1,17000
2025-04-16,18:54,맥주,1,5000
2025-04-16,19:10,소주,1,5000
2025-04-16,19:14,계란찜,1,7000
2025-04-16,19:29,소주,1,5000
2025-04-16,19:44,소주,1,5000
2025-04-16,19:45,김치전,1,15000
2025-04-16,20:06,맥주,1,5000
2025-04-16,20:07,김치전,1,15000
2025-04-16,20:12,오돌뼈,1,17000
2025-04-16,20:14,소주,1,5000
2025-04-16,20:18,닭발,1,18000
2025-04-16,20:20,오돌뼈,1,17000
2025-04-16,20:22,맥주,1,5000
2025-04-16,20:23,닭발,1,18000
2025-04-16,20:27,하이볼,1,7000
2025-04-16,20:33,계란찜,1,7000
2025-04-16,20:35,닭발,1,18000
2025-04-16,20:36,맥주,1,5000
2025-04-16,20:36,하이볼,1,7000
2025-04-16,20:36,하이볼,1,7000
2025-04-16,20:40,소주,1,5000
2025-04-16,20:40,오돌뼈,1,17000
2025-04-16,20:40,오돌뼈,1,17000
2025-04-16,20:43,김치전,1,15000
2025-04-16,20:45,맥주,1,5000
2025-04-16,20:47,맥주,1,5000
2025-04-16,20:47,오돌뼈,1,17000
2025-04-16,20:48,김치전,1,15000
2025-04-16,20:51,계란찜,1,7000
2025-04-16,20:52,맥주,1,5000
2025-04-16,20:54,오돌뼈,1,17000
2025-04-16,20:58,맥주,1,5000
2025-04-16,21:07,맥주,1,5000
2025-04-16,21:07,맥주,1,5000
2025-04-16,21:07,오돌뼈,1,17000
2025-04-16,21:08,계란찜,1,7000
2025-04-16,21:09,오돌뼈,1,17000
2025-04-16,21:10,소주,1,5000
2025-04-16,21:14,소주,1,5000
2025-04-16,21:18,김치전,1,15000
2025-04-16,21:23,소주,1,5000
2025-04-16,21:23,닭발,1,18000
2025-04-16,21:23,닭발,1,18000
2025-04-16,21:24,맥주,1,5000
2025-04-16,21:26,소주,1,5000
2025-04-16,21:29,오돌뼈,1,17000
2025-04-16,21:30,하이볼,1,7000
2025-04-16,21:33,계란찜,1,7000
2025-04-16,21:34,맥주,1,5000
2025-04-16,21:37,계란찜,1,7000
2025-04-16,21:40,닭발,1,18000
2025-04-16,21:43,닭발,1,18000
2025-04-16,21:44,김치전,1,15000
2025-04-16,21:45,소주,1,5000
2025-04-16,21:45,소주,1,5000
2025-04-16,21:47,맥주,1,5000
2025-04-16,21:50,닭발,1,18000
2025-04-16,21:54,하이볼,1,7000
2025-04-16,21:54,닭발,1,18000
2025-04-16,21:54,오돌뼈,1,17000
2025-04-16,22:01,김치전,1,15000
2025-04-16,22:03,소주,1,5000
2025-04-16,22:07,맥주,1,5000
2025-04-16,22:08,닭발,1,18000
2025-04-16,22:15,소주,1,5000
2025-04-16,22:15,닭발,1,18000
2025-04-16,22:16,닭발,1,18000
2025-04-16,22:18,김치전,1,15000
2025-04-16,22:19,소주,1,5000
2025-04-16,22:19,맥주,1,5000
2025-04-16,22:20,소주,1,5000
2025-04-16,22:26,맥주,1,5000
2025-04-16,22:27,오돌뼈,1,17000
2025-04-16,22:28,김치전,1,15000
2025-04-16,22:30,소주,1,5000
2025-04-16,22:31,하이볼,1,7000
2025-04-16,22:33,소주,1,5000
2025-04-16,22:35,소주,1,5000
2025-04-16,22:36,오돌뼈,1,17000
2025-04-16,22:42,하이볼,1,7000
2025-04-16,22:44,닭발,1,18000
2025-04-16,22:45,맥주,1,5000
2025-04-16,22:51,소주,1,5000
2025-04-16,22:57,맥주,1,5000
2025-04-16,23:10,소주,1,5000
2025-04-16,23:17,소주,1,5000
2025-04-16,23:29,하이볼,1,7000
2025-04-16,23:37,맥주,1,5000
2025-04-16,23:40,하이볼,1,7000
2025-04-16,23:42,맥주,1,5000
2025-04-16,23:45,맥주,1,5000
2025-04-16,23:50,맥주,1,5000
2025-04-17,18:58,김치전,1,15000
2025-04-17,19:12,닭발,1,18000
2025-04-17,19:26,소주,1,5000
2025-04-17,19:47,오돌뼈,1,17000
2025-04-17,19:49,맥주,1,5000
2025-04-17,19:54,하이볼,1,7000
2025-04-17,20:02,소주,1,5000
2025-04-17,20:13,계란찜,1,7000
2025-04-17,20:19,소주,1,5000
2025-04-17,20:19,맥주,1,5000
2025-04-17,20:19,오돌뼈,1,17000
2025-04-17,20:22,맥주,1,5000
2025-04-17,20:23,소주,1,5000
2025-04-17,20:24,닭발,1,18000
2025-04-17,20:26,소주,1,5000
2025-04-17,20:28,하이볼,1,7000
2025-04-17,20:29,맥주,1,5000
2025-04-17,20:30,오돌뼈,1,17000
2025-04-17,20:30,오돌뼈,1,17000
2025-04-17,20:36,맥주,1,5000
2025-04-17,20:40,김치전,1,15000
2025-04-17,20:42,닭발,1,18000
2025-04-17,20:46,닭발,1,18000
2025-04-17,20:46,닭발,1,18000
2025-04-17,20:51,맥주,1,5000
2025-04-17,20:52,김치전,1,15000
2025-04-17,20:54,닭발,1,18000
2025-04-17,20:58,닭발,1,18000
2025-04-17,21:01,소주,1,5000
2025-04-17,21:02,소주,1,5000
2025-04-17,21:03,소주,1,5000
2025-04-17,21:05,닭발,1,18000
2025-04-17,21:07,소주,1,5000
2025-04-17,21:09,맥주,1,5000
2025-04-17,21:10,오돌뼈,1,17000
2025-04-17,21:15,소주,1,5000
2025-04-17,21:17,소주,1,5000
2025-04-17,21:17,소주,1,5000
2025-04-17,21:19,소주,1,5000
2025-04-17,21:19,계란찜,1,7000
2025-04-17,21:20,소주,1,5000
2025-04-17,21:25,맥주,1,5000
2025-04-17,21:27,하이볼,1,7000
2025-04-17,21:28,하이볼,1,7000
2025-04-17,21:31,맥주,1,5000
2025-04-17,21:32,소주,1,5000
2025-04-17,21:32,맥주,1,5000
2025-04-17,21:33,계란찜,1,7000
2025-04-17,21:34,맥주,1,5000
2025-04-17,21:35,닭발,1,18000
2025-04-17,21:36,소주,1,5000
2025-04-17,21:37,닭발,1,18000
2025-04-17,21:43,닭발,1,18000
2025-04-17,21:44,맥주,1,5000
2025-04-17,21:48,맥주,1,5000
2025-04-17,21:49,맥주,1,5000
2025-04-17,21:50,김치전,1,15000
2025-04-17,21:53,맥주,1,5000
2025-04-17,21:54,소주,1,5000
2025-04-17,21:54,오돌뼈,1,17000
2025-04-17,21:54,계란찜,1,7000
2025-04-17,21:55,오돌뼈,1,17000
2025-04-17,21:56,닭발,1,18000
2025-04-17,21:57,하이볼,1,7000
2025-04-17,21:59,김치전,1,15000
2025-04-17,22:00,맥주,1,5000
2025-04-17,22:07,소주,1,5000
2025-04-17,22:07,김치전,1,15000
2025-04-17,22:08,하이볼,1,7000
2025-04-17,22:08,오돌뼈,1,17000
2025-04-17,22:12,맥주,1,5000
2025-04-17,22:12,오돌뼈,1,17000
2025-04-17,22:13,소주,1,5000
2025-04-17,22:14,하이볼,1,7000
2025-04-17,22:15,하이볼,1,7000
2025-04-17,22:16,소주,1,5000
2025-04-17,22:17,김치전,1,15000
2025-04-17,22:18,오돌뼈,1,17000
2025-04-17,22:18,오돌뼈,1,17000
2025-04-17,22:18,김치전,1,15000
2025-04-17,22:22,하이볼,1,7000
2025-04-17,22:24,소주,1,5000
2025-04-17,22:25,맥주,1,5000
2025-04-17,22:26,맥주,1,5000
2025-04-17,22:26,계란찜,1,7000
2025-04-17,22:32,소주,1,5000
2025-04-17,22:40,소주,1,5000
2025-04-17,22:45,하이볼,1,7000
2025-04-17,22:46,맥주,1,5000
2025-04-17,22:47,닭발,1,18000
2025-04-17,22:53,하이볼,1,7000
2025-04-17,23:05,소주,1,5000
2025-04-17,23:17,계란찜,1,7000
2025-04-17,23:30,맥주,1,5000
2025-04-17,23:39,닭발,1,18000
2025-04-17,23:40,소주,1,5000
2025-04-17,23:47,하이볼,1,7000
2025-04-17,23:50,소주,1,5000
2025-04-18,18:56,오돌뼈,1,17000
2025-04-18,19:07,계란찜,1,7000
2025-04-18,19:59,소주,1,5000
2025-04-18,20:15,계란찜,1,7000
2025-04-18,20:17,닭발,1,18000
2025-04-18,20:21,맥주,1,5000
2025-04-18,20:21,오돌뼈,1,17000
2025-04-18,20:28,맥주,1,5000
2025-04-18,20:28,맥주,1,5000
2025-04-18,20:31,소주,1,5000
2025-04-18,20:34,소주,1,5000
2025-04-18,20:35,하이볼,1,7000
2025-04-18,20:44,닭발,1,18000
2025-04-18,20:47,소주,1,5000
2025-04-18,20:47,오돌뼈,1,17000
2025-04-18,20:51,김치전,1,15000
2025-04-18,20:52,맥주,1,5000
2025-04-18,20:54,소주,1,5000
2025-04-18,20:56,소주,1,5000
2025-04-18,20:58,맥주,1,5000
2025-04-18,21:00,소주,1,5000
2025-04-18,21:00,맥주,1,5000
2025-04-18,21:01,맥주,1,5000
2025-04-18,21:02,계란찜,1,7000
2025-04-18,21:03,맥주,1,5000
2025-04-18,21:05,맥주,1,5000
2025-04-18,21:07,하이볼,1,7000
2025-04-18,21:09,소주,1,5000
2025-04-18,21:09,맥주,1,5000
2025-04-18,21:10,소주,1,5000
2025-04-18,21:12,닭발,1,18000
2025-04-18,21:15,오돌뼈,1,17000
2025-04-18,21:16,김치전,1,15000
2025-04-18,21:16,김치전,1,15000
2025-04-18,21:19,닭발,1,18000
2025-04-18,21:22,소주,1,5000
2025-04-18,21:22,오돌뼈,1,17000
2025-04-18,21:25,소주,1,5000
2025-04-18,21:27,닭발,1,18000
2025-04-18,21:28,하이볼,1,7000
2025-04-18,21:29,소주,1,5000
2025-04-18,21:30,하이볼,1,7000
2025-04-18,21:31,계란찜,1,7000
2025-04-18,21:32,하이볼,1,7000
2025-04-18,21:32,하이볼,1,7000
2025-04-18,21:32,닭발,1,18000
2025-04-18,21:33,하이볼,1,7000
2025-04-18,21:34,소주,1,5000
2025-04-18,21:34,맥주,1,5000
2025-04-18,21:36,하이볼,1,7000
2025-04-18,21:37,오돌뼈,1,17000
2025-04-18,21:39,김치전,1,15000
2025-04-18,21:43,닭발,1,18000
2025-04-18,21:46,하이볼,1,7000
2025-04-18,21:47,계란찜,1,7000
2025-04-18,21:49,맥주,1,5000
2025-04-18,21:49,오돌뼈,1,17000
2025-04-18,21:49,오돌뼈,1,17000
2025-04-18,21:51,닭발,1,18000
2025-04-18,21:53,닭발,1,18000
2025-04-18,21:54,소주,1,5000
2025-04-18,21:54,맥주,1,5000
2025-04-18,21:59,소주,1,5000
2025-04-18,22:00,계란찜,1,7000
2025-04-18,22:01,소주,1,5000
2025-04-18,22:02,소주,1,5000
2025-04-18,22:02,맥주,1,5000
2025-04-18,22:03,닭발,1,18000
2025-04-18,22:13,계란찜,1,7000
2025-04-18,22:14,맥주,1,5000
2025-04-18,22:18,김치전,1,15000
2025-04-18,22:19,닭발,1,18000
2025-04-18,22:22,닭발,1,18000
2025-04-18,22:26,소주,1,5000
2025-04-18,22:37,하이볼,1,7000
2025-04-18,22:37,김치전,1,15000
2025-04-18,22:39,맥주,1,5000
2025-04-18,22:39,계란찜,1,7000
2025-04-18,22:40,맥주,1,5000
2025-04-18,22:41,하이볼,1,7000
2025-04-18,22:56,계란찜,1,7000
2025-04-18,22:57,닭발,1,18000
2025-04-18,22:58,소주,1,5000
2025-04-18,23:01,김치전,1,15000
2025-04-18,23:17,소주,1,5000
2025-04-18,23:17,김치전,1,15000
2025-04-18,23:21,김치전,1,15000
2025-04-18,23:29,맥주,1,5000
2025-04-18,23:30,소주,1,5000
2025-04-18,23:32,맥주,1,5000
2025-04-18,23:44,오돌뼈,1,17000
2025-04-18,23:50,맥주,1,5000
2025-04-18,23:50,오돌뼈,1,17000
2025-04-19,19:10,하이볼,1,7000
2025-04-19,19:22,맥주,1,5000
2025-04-19,19:42,하이볼,1,7000
2025-04-19,19:52,맥주,1,5000
2025-04-19,19:56,하이볼,1,7000
2025-04-19,19:59,소주,1,5000
2025-04-19,20:00,김치전,1,15000
2025-04-19,20:03,닭발,1,18000
2025-04-19,20:05,오돌뼈,1,17000
2025-04-19,20:08,소주,1,5000
2025-04-19,20:08,오돌뼈,1,17000
2025-04-19,20:11,소주,1,5000
2025-04-19,20:12,소주,1,5000
2025-04-19,20:12,하이볼,1,7000
2025-04-19,20:16,소주,1,5000
2025-04-19,20:16,김치전,1,15000
2025-04-19,20:18,김치전,1,15000
2025-04-19,20:19,닭발,1,18000
2025-04-19,20:24,소주,1,5000
2025-04-19,20:29,김치전,1,15000
2025-04-19,20:30,소주,1,5000
2025-04-19,20:30,하이볼,1,7000
2025-04-19,20:31,소주,1,5000
2025-04-19,20:39,소주,1,5000
2025-04-19,20:45,맥주,1,5000
2025-04-19,20:46,김치전,1,15000
2025-04-19,20:48,하이볼,1,7000
2025-04-19,20:50,맥주,1,5000
2025-04-19,20:50,하이볼,1,7000
2025-04-19,20:51,하이볼,1,7000
2025-04-19,20:52,계란찜,1,7000
2025-04-19,20:53,오돌뼈,1,17000
2025-04-19,20:54,맥주,1,5000
2025-04-19,20:55,닭발,1,18000
2025-04-19,20:57,김치전,1,15000
2025-04-19,20:57,김치전,1,15000
2025-04-19,20:57,계란찜,1,7000
2025-04-19,21:03,소주,1,5000
2025-04-19,21:03,하이볼,1,7000
2025-04-19,21:04,소주,1,5000
2025-04-19,21:04,하이볼,1,7000
2025-04-19,21:04,닭발,1,18000
2025-04-19,21:06,소주,1,5000
2025-04-19,21:06,소주,1,5000
2025-04-19,21:07,소주,1,5000
2025-04-19,21:09,맥주,1,5000
2025-04-19,21:10,맥주,1,5000
2025-04-19,21:13,계란찜,1,7000
2025-04-19,21:14,하이볼,1,7000
2025-04-19,21:16,하이볼,1,7000
2025-04-19,21:17,오돌뼈,1,17000
2025-04-19,21:18,닭발,1,18000
2025-04-19,21:19,소주,1,5000
2025-04-19,21:19,닭발,1,18000
2025-04-19,21:19,닭발,1,18000
2025-04-19,21:20,하이볼,1,7000
2025-04-19,21:20,오돌뼈,1,17000
2025-04-19,21:22,소주,1,5000
2025-04-19,21:24,소주,1,5000
2025-04-19,21:25,김치전,1,15000
2025-04-19,21:27,오돌뼈,1,17000
2025-04-19,21:28,맥주,1,5000
2025-04-19,21:28,맥주,1,5000
2025-04-19,21:29,소주,1,5000
2025-04-19,21:30,오돌뼈,1,17000
2025-04-19,21:32,맥주,1,5000
2025-04-19,21:33,맥주,1,5000
2025-04-19,21:33,닭발,1,18000
2025-04-19,21:34,소주,1,5000
2025-04-19,21:35,오돌뼈,1,17000
2025-04-19,21:37,오돌뼈,1,17000
2025-04-19,21:37,김치전,1,15000
2025-04-19,21:38,맥주,1,5000
2025-04-19,21:39,김치전,1,15000
2025-04-19,21:40,김치전,1,15000
2025-04-19,21:42,하이볼,1,7000
2025-04-19,21:47,오돌뼈,1,17000
2025-04-19,21:48,소주,1,5000
2025-04-19,21:48,맥주,1,5000
2025-04-19,21:49,김치전,1,15000
2025-04-19,21:51,오돌뼈,1,17000
2025-04-19,21:52,오돌뼈,1,17000
2025-04-19,21:56,맥주,1,5000
2025-04-19,21:57,계란찜,1,7000
2025-04-19,21:58,닭발,1,18000
2025-04-19,22:06,소주,1,5000
2025-04-19,22:07,계란찜,1,7000
2025-04-19,22:09,소주,1,5000
2025-04-19,22:11,오돌뼈,1,17000
2025-04-19,22:14,닭발,1,18000
2025-04-19,22:15,닭발,1,18000
2025-04-19,22:15,계란찜,1,7000
2025-04-19,22:16,계란찜,1,7000
2025-04-19,22:17,맥주,1,5000
2025-04-19,22:18,소주,1,5000
2025-04-19,22:21,김치전,1,15000
2025-04-19,22:23,소주,1,5000
2025-04-19,22:24,닭발,1,18000
2025-04-19,22:26,맥주,1,5000
2025-04-19,22:29,소주,1,5000
2025-04-19,22:30,맥주,1,5000
2025-04-19,22:31,맥주,1,5000
2025-04-19,22:35,하이볼,1,7000
2025-04-19,22:38,소주,1,5000
2025-04-19,22:39,오돌뼈,1,17000
2025-04-19,22:40,닭발,1,18000
2025-04-19,22:41,닭발,1,18000
2025-04-19,22:41,계란찜,1,7000
2025-04-19,22:42,맥주,1,5000
2025-04-19,22:45,계란찜,1,7000
2025-04-19,22:46,계란찜,1,7000
2025-04-19,22:49,소주,1,5000
2025-04-19,22:49,맥주,1,5000
2025-04-19,22:51,맥주,1,5000
2025-04-19,22:52,닭발,1,18000
2025-04-19,22:55,계란찜,1,7000
2025-04-19,23:00,맥주,1,5000
2025-04-19,23:08,하이볼,1,7000
2025-04-19,23:09,소주,1,5000
2025-04-19,23:19,소주,1,5000
2025-04-19,23:25,맥주,1,5000
2025-04-19,23:25,맥주,1,5000
2025-04-20,19:22,하이볼,1,7000
2025-04-20,19:39,하이볼,1,7000
2025-04-20,19:50,소주,1,5000
2025-04-20,19:51,소주,1,5000
2025-04-20,19:57,계란찜,1,7000
2025-04-20,20:12,소주,1,5000
2025-04-20,20:18,계란찜,1,7000
2025-04-20,20:19,소주,1,5000
2025-04-20,20:21,소주,1,5000
2025-04-20,20:24,맥주,1,5000
2025-04-20,20:26,하이볼,1,7000
2025-04-20,20:36,소주,1,5000
2025-04-20,20:40,김치전,1,15000
2025-04-20,20:49,하이볼,1,7000
2025-04-20,20:50,맥주,1,5000
2025-04-20,20:50,닭발,1,18000
2025-04-20,21:00,맥주,1,5000
2025-04-20,21:02,소주,1,5000
2025-04-20,21:06,맥주,1,5000
2025-04-20,21:06,하이볼,1,7000
2025-04-20,21:18,맥주,1,5000
2025-04-20,21:18,김치전,1,15000
2025-04-20,21:19,오돌뼈,1,17000
2025-04-20,21:22,소주,1,5000
2025-04-20,21:27,맥주,1,5000
2025-04-20,21:29,닭발,1,18000
2025-04-20,21:30,소주,1,5000
2025-04-20,21:32,계란찜,1,7000
2025-04-20,21:33,맥주,1,5000
2025-04-20,21:34,소주,1,5000
2025-04-20,21:39,오돌뼈,1,17000
2025-04-20,21:40,오돌뼈,1,17000
2025-04-20,21:42,소주,1,5000
2025-04-20,21:43,소주,1,5000
2025-04-20,21:44,김치전,1,15000
2025-04-20,21:45,맥주,1,5000
2025-04-20,21:57,맥주,1,5000
2025-04-20,21:58,닭발,1,18000
2025-04-20,22:00,김치전,1,15000
2025-04-20,22:02,오돌뼈,1,17000
2025-04-20,22:06,소주,1,5000
2025-04-20,22:06,김치전,1,15000
2025-04-20,22:09,닭발,1,18000
2025-04-20,22:10,소주,1,5000
2025-04-20,22:12,김치전,1,15000
2025-04-20,22:31,맥주,1,5000
2025-04-20,22:31,닭발,1,18000
2025-04-20,22:35,하이볼,1,7000
2025-04-20,22:50,닭발,1,18000
2025-04-20,22:56,소주,1,5000
2025-04-20,23:27,하이볼,1,7000
2025-04-20,23:32,닭발,1,18000
2025-04-20,23:50,김치전,1,15000
2025-04-21,19:13,계란찜,1,7000
2025-04-21,19:42,오돌뼈,1,17000
2025-04-21,19:53,맥주,1,5000
2025-04-21,19:57,오돌뼈,1,17000
2025-04-21,20:12,맥주,1,5000
2025-04-21,20:16,맥주,1,5000
2025-04-21,20:28,하이볼,1,7000
2025-04-21,20:30,소주,1,5000
2025-04-21,20:34,소주,1,5000
2025-04-21,20:40,소주,1,5000
2025-04-21,20:40,맥주,1,5000
2025-04-21,20:43,맥주,1,5000
2025-04-21,20:45,닭발,1,18000
2025-04-21,20:46,계란찜,1,7000
2025-04-21,20:50,하이볼,1,7000
2025-04-21,20:57,맥주,1,5000
2025-04-21,20:58,오돌뼈,1,17000
2025-04-21,20:59,소주,1,5000
2025-04-21,21:01,맥주,1,5000
2025-04-21,21:01,맥주,1,5000
2025-04-21,21:10,소주,1,5000
2025-04-21,21:13,소주,1,5000
2025-04-21,21:13,닭발,1,18000
2025-04-21,21:17,김치전,1,15000
2025-04-21,21:18,맥주,1,5000
2025-04-21,21:20,계란찜,1,7000
2025-04-21,21:29,하이볼,1,7000
2025-04-21,21:33,소주,1,5000
2025-04-21,21:35,하이볼,1,7000
2025-04-21,21:36,소주,1,5000
2025-04-21,21:37,닭발,1,18000
2025-04-21,21:39,김치전,1,15000
2025-04-21,21:45,김치전,1,15000
2025-04-21,21:55,닭발,1,18000
2025-04-21,22:02,하이볼,1,7000
2025-04-21,22:04,맥주,1,5000
2025-04-21,22:25,맥주,1,5000
2025-04-21,22:32,소주,1,5000
2025-04-21,22:37,맥주,1,5000
2025-04-21,22:48,맥주,1,5000
2025-04-21,22:50,소주,1,5000
2025-04-21,22:52,하이볼,1,7000
2025-04-21,22:56,하이볼,1,7000
2025-04-21,23:09,소주,1,5000
2025-04-21,23:10,계란찜,1,7000
2025-04-21,23:14,계란찜,1,7000
2025-04-21,23:16,닭발,1,18000
2025-04-21,23:25,하이볼,1,7000
2025-04-21,23:27,소주,1,5000
2025-04-21,23:44,김치전,1,15000
2025-04-22,19:39,김치전,1,15000
2025-04-22,19:49,소주,1,5000
2025-04-22,19:53,오돌뼈,1,17000
2025-04-22,20:06,맥주,1,5000
2025-04-22,20:13,김치전,1,15000
2025-04-22,20:22,계란찜,1,7000
2025-04-22,20:26,소주,1,5000
2025-04-22,20:33,하이볼,1,7000
2025-04-22,20:37,하이볼,1,7000
2025-04-22,20:41,소주,1,5000
2025-04-22,20:41,계란찜,1,7000
2025-04-22,20:42,맥주,1,5000
2025-04-22,20:43,맥주,1,5000
2025-04-22,20:43,오돌뼈,1,17000
2025-04-22,20:45,닭발,1,18000
2025-04-22,20:48,닭발,1,18000
2025-04-22,20:51,맥주,1,5000
2025-04-22,20:51,맥주,1,5000
2025-04-22,20:52,소주,1,5000
2025-04-22,20:54,닭발,1,18000
2025-04-22,21:01,맥주,1,5000
2025-04-22,21:03,닭발,1,18000
2025-04-22,21:05,소주,1,5000
2025-04-22,21:05,소주,1,5000
2025-04-22,21:07,소주,1,5000
2025-04-22,21:13,맥주,1,5000
2025-04-22,21:14,맥주,1,5000
2025-04-22,21:15,오돌뼈,1,17000
2025-04-22,21:25,소주,1,5000
2025-04-22,21:26,맥주,1,5000
2025-04-22,21:32,소주,1,5000
2025-04-22,21:33,하이볼,1,7000
2025-04-22,21:35,닭발,1,18000
2025-04-22,21:38,소주,1,5000
2025-04-22,21:46,김치전,1,15000
2025-04-22,21:47,김치전,1,15000
2025-04-22,21:50,오돌뼈,1,17000
2025-04-22,21:54,닭발,1,18000
2025-04-22,22:06,닭발,1,18000
2025-04-22,22:18,맥주,1,5000
2025-04-22,22:20,김치전,1,15000
2025-04-22,22:27,맥주,1,5000
2025-04-22,22:28,맥주,1,5000
2025-04-22,22:29,맥주,1,5000
2025-04-22,22:35,소주,1,5000
2025-04-22,22:36,계란찜,1,7000
2025-04-22,22:43,계란찜,1,7000
2025-04-22,22:46,맥주,1,5000
2025-04-22,22:47,소주,1,5000
2025-04-22,22:59,소주,1,5000
2025-04-22,23:10,소주,1,5000
2025-04-22,23:44,소주,1,5000
2025-04-22,23:46,오돌뼈,1,17000
2025-04-22,23:50,김치전,1,15000
2025-04-23,18:44,계란찜,1,7000
2025-04-23,20:03,하이볼,1,7000
2025-04-23,20:11,소주,1,5000
2025-04-23,20:11,김치전,1,15000
2025-04-23,20:14,소주,1,5000
2025-04-23,20:15,맥주,1,5000
2025-04-23,20:17,닭발,1,18000
2025-04-23,20:19,계란찜,1,7000
2025-04-23,20:20,닭발,1,18000
2025-04-23,20:27,하이볼,1,7000
2025-04-23,20:29,계란찜,1,7000
2025-04-23,20:32,오돌뼈,1,17000
2025-04-23,20:36,닭발,1,18000
2025-04-23,20:41,소주,1,5000
2025-04-23,20:47,하이볼,1,7000
2025-04-23,20:47,닭발,1,18000
2025-04-23,20:49,김치전,1,15000
2025-04-23,20:50,오돌뼈,1,17000
2025-04-23,20:56,하이볼,1,7000
2025-04-23,21:00,김치전,1,15000
2025-04-23,21:02,맥주,1,5000
2025-04-23,21:03,소주,1,5000
2025-04-23,21:10,김치전,1,15000
2025-04-23,21:13,하이볼,1,7000
2025-04-23,21:14,오돌뼈,1,17000
2025-04-23,21:15,맥주,1,5000
2025-04-23,21:15,하이볼,1,7000
2025-04-23,21:15,계란찜,1,7000
2025-04-23,21:18,소주,1,5000
2025-04-23,21:23,맥주,1,5000
2025-04-23,21:23,맥주,1,5000
2025-04-23,21:27,소주,1,5000
2025-04-23,21:27,소주,1,5000
2025-04-23,21:28,맥주,1,5000
2025-04-23,21:28,계란찜,1,7000
2025-04-23,21:32,닭발,1,18000
2025-04-23,21:35,소주,1,5000
2025-04-23,21:38,계란찜,1,7000
2025-04-23,21:42,소주,1,5000
2025-04-23,21:46,맥주,1,5000
2025-04-23,21:46,맥주,1,5000
2025-04-23,21:47,소주,1,5000
2025-04-23,21:51,맥주,1,5000
2025-04-23,21:51,오돌뼈,1,17000
2025-04-23,21:55,오돌뼈,1,17000
2025-04-23,21:58,맥주,1,5000
2025-04-23,22:04,오돌뼈,1,17000
2025-04-23,22:10,소주,1,5000
2025-04-23,22:12,김치전,1,15000
2025-04-23,22:24,닭발,1,18000
2025-04-23,22:25,오돌뼈,1,17000
2025-04-23,22:26,소주,1,5000
2025-04-23,22:26,맥주,1,5000
2025-04-23,22:30,닭발,1,18000
2025-04-23,22:44,계란찜,1,7000
2025-04-23,22:48,소주,1,5000
2025-04-23,22:54,맥주,1,5000
2025-04-23,22:58,하이볼,1,7000
2025-04-23,23:00,소주,1,5000
2025-04-23,23:05,소주,1,5000
2025-04-23,23:28,하이볼,1,7000
2025-04-23,23:38,소주,1,5000
2025-04-23,23:50,닭발,1,18000
2025-04-24,18:52,닭발,1,18000
2025-04-24,19:28,오돌뼈,1,17000
2025-04-24,19:43,오돌뼈,1,17000
2025-04-24,19:49,하이볼,1,7000
2025-04-24,19:58,오돌뼈,1,17000
2025-04-24,20:04,소주,1,5000
2025-04-24,20:05,김치전,1,15000
2025-04-24,20:18,맥주,1,5000
2025-04-24,20:21,오돌뼈,1,17000
2025-04-24,20:22,계란찜,1,7000
2025-04-24,20:25,소주,1,5000
2025-04-24,20:28,맥주,1,5000
2025-04-24,20:30,맥주,1,5000
2025-04-24,20:31,김치전,1,15000
2025-04-24,20:32,오돌뼈,1,17000
2025-04-24,20:33,소주,1,5000
2025-04-24,20:37,맥주,1,5000
2025-04-24,20:41,맥주,1,5000
2025-04-24,20:42,닭발,1,18000
2025-04-24,20:43,소주,1,5000
2025-04-24,20:46,닭발,1,18000
2025-04-24,20:47,하이볼,1,7000
2025-04-24,20:48,닭발,1,18000
2025-04-24,20:49,맥주,1,5000
2025-04-24,20:49,닭발,1,18000
2025-04-24,20:51,김치전,1,15000
2025-04-24,20:53,소주,1,5000
2025-04-24,20:54,소주,1,5000
2025-04-24,20:56,하이볼,1,7000
2025-04-24,20:59,맥주,1,5000
2025-04-24,21:01,소주,1,5000
2025-04-24,21:01,오돌뼈,1,17000
2025-04-24,21:02,하이볼,1,7000
2025-04-24,21:06,맥주,1,5000
2025-04-24,21:09,소주,1,5000
2025-04-24,21:13,하이볼,1,7000
2025-04-24,21:17,맥주,1,5000
2025-04-24,21:19,김치전,1,15000
2025-04-24,21:21,소주,1,5000
2025-04-24,21:21,맥주,1,5000
2025-04-24,21:24,소주,1,5000
2025-04-24,21:26,맥주,1,5000
2025-04-24,21:27,닭발,1,18000
2025-04-24,21:28,맥주,1,5000
2025-04-24,21:28,계란찜,1,7000
2025-04-24,21:29,소주,1,5000
2025-04-24,21:32,김치전,1,15000
2025-04-24,21:34,맥주,1,5000
2025-04-24,21:34,오돌뼈,1,17000
2025-04-24,21:38,맥주,1,5000
2025-04-24,21:42,하이볼,1,7000
2025-04-24,21:46,하이볼,1,7000
2025-04-24,21:49,소주,1,5000
2025-04-24,21:51,계란찜,1,7000
2025-04-24,21:54,맥주,1,5000
2025-04-24,21:55,닭발,1,18000
2025-04-24,21:57,맥주,1,5000
2025-04-24,21:57,맥주,1,5000
2025-04-24,21:58,닭발,1,18000
2025-04-24,21:59,닭발,1,18000
2025-04-24,22:00,오돌뼈,1,17000
2025-04-24,22:02,맥주,1,5000
2025-04-24,22:12,소주,1,5000
2025-04-24,22:14,맥주,1,5000
2025-04-24,22:14,계란찜,1,7000
2025-04-24,22:19,계란찜,1,7000
2025-04-24,22:22,소주,1,5000
2025-04-24,22:24,닭발,1,18000
2025-04-24,22:25,소주,1,5000
2025-04-24,22:26,닭발,1,18000
2025-04-24,22:33,소주,1,5000
2025-04-24,22:38,소주,1,5000
2025-04-24,22:40,하이볼,1,7000
2025-04-24,22:46,소주,1,5000
2025-04-24,22:48,소주,1,5000
2025-04-24,22:50,하이볼,1,7000
2025-04-24,22:55,소주,1,5000
2025-04-24,22:56,김치전,1,15000
2025-04-24,22:57,김치전,1,15000
2025-04-24,23:05,오돌뼈,1,17000
2025-04-24,23:21,김치전,1,15000
2025-04-24,23:25,계란찜,1,7000
2025-04-24,23:28,소주,1,5000
2025-04-25,18:46,하이볼,1,7000
2025-04-25,18:57,소주,1,5000
2025-04-25,19:00,맥주,1,5000
2025-04-25,19:19,맥주,1,5000
2025-04-25,19:28,맥주,1,5000
2025-04-25,19:35,소주,1,5000
2025-04-25,19:37,맥주,1,5000
2025-04-25,19:37,닭발,1,18000
2025-04-25,19:51,맥주,1,5000
2025-04-25,20:04,닭발,1,18000
2025-04-25,20:05,맥주,1,5000
2025-04-25,20:11,맥주,1,5000
2025-04-25,20:15,김치전,1,15000
2025-04-25,20:18,소주,1,5000
2025-04-25,20:22,소주,1,5000
2025-04-25,20:23,하이볼,1,7000
2025-04-25,20:24,맥주,1,5000
2025-04-25,20:27,맥주,1,5000
2025-04-25,20:28,하이볼,1,7000
2025-04-25,20:28,김치전,1,15000
2025-04-25,20:31,오돌뼈,1,17000
2025-04-25,20:32,소주,1,5000
2025-04-25,20:37,소주,1,5000
2025-04-25,20:37,닭발,1,18000
2025-04-25,20:41,소주,1,5000
2025-04-25,20:43,닭발,1,18000
2025-04-25,20:45,소주,1,5000
2025-04-25,20:47,계란찜,1,7000
2025-04-25,20:48,소주,1,5000
2025-04-25,20:48,맥주,1,5000
2025-04-25,20:50,계란찜,1,7000
2025-04-25,20:52,김치전,1,15000
2025-04-25,20:54,닭발,1,18000
2025-04-25,20:59,하이볼,1,7000
2025-04-25,20:59,하이볼,1,7000
2025-04-25,21:00,오돌뼈,1,17000
2025-04-25,21:06,소주,1,5000
2025-04-25,21:07,맥주,1,5000
2025-04-25,21:09,맥주,1,5000
2025-04-25,21:09,오돌뼈,1,17000
2025-04-25,21:16,소주,1,5000
2025-04-25,21:19,소주,1,5000
2025-04-25,21:19,맥주,1,5000
2025-04-25,21:21,소주,1,5000
2025-04-25,21:22,오돌뼈,1,17000
2025-04-25,21:27,소주,1,5000
2025-04-25,21:27,맥주,1,5000
2025-04-25,21:29,소주,1,5000
2025-04-25,21:30,소주,1,5000
2025-04-25,21:30,닭발,1,18000
2025-04-25,21:30,오돌뼈,1,17000
2025-04-25,21:33,김치전,1,15000
2025-04-25,21:35,닭발,1,18000
2025-04-25,21:38,맥주,1,5000
2025-04-25,21:38,오돌뼈,1,17000
2025-04-25,21:39,맥주,1,5000
2025-04-25,21:41,맥주,1,5000
2025-04-25,21:43,계란찜,1,7000
2025-04-25,21:46,닭발,1,18000
2025-04-25,21:47,김치전,1,15000
2025-04-25,21:50,닭발,1,18000
2025-04-25,21:52,계란찜,1,7000
2025-04-25,21:53,소주,1,5000
2025-04-25,21:55,맥주,1,5000
2025-04-25,21:59,오돌뼈,1,17000
2025-04-25,22:00,맥주,1,5000
2025-04-25,22:00,오돌뼈,1,17000
2025-04-25,22:01,하이볼,1,7000
2025-04-25,22:01,김치전,1,15000
2025-04-25,22:02,김치전,1,15000
2025-04-25,22:03,김치전,1,15000
2025-04-25,22:04,소주,1,5000
2025-04-25,22:04,맥주,1,5000
2025-04-25,22:16,하이볼,1,7000
2025-04-25,22:23,하이볼,1,7000
2025-04-25,22:25,계란찜,1,7000
2025-04-25,22:26,맥주,1,5000
2025-04-25,22:27,닭발,1,18000
2025-04-25,22:33,닭발,1,18000
2025-04-25,22:33,닭발,1,18000
2025-04-25,22:33,오돌뼈,1,17000
2025-04-25,22:41,맥주,1,5000
2025-04-25,22:41,계란찜,1,7000
2025-04-25,22:44,소주,1,5000
2025-04-25,22:49,맥주,1,5000
2025-04-25,22:49,오돌뼈,1,17000
2025-04-25,22:50,소주,1,5000
2025-04-25,22:53,소주,1,5000
2025-04-25,23:04,맥주,1,5000
2025-04-25,23:09,계란찜,1,7000
2025-04-25,23:10,소주,1,5000
2025-04-25,23:10,하이볼,1,7000
2025-04-25,23:13,김치전,1,15000
2025-04-25,23:21,김치전,1,15000
2025-04-25,23:33,소주,1,5000
2025-04-25,23:34,계란찜,1,7000
2025-04-25,23:50,소주,1,5000
2025-04-25,23:50,하이볼,1,7000
2025-04-25,23:50,닭발,1,18000
2025-04-26,19:00,김치전,1,15000
2025-04-26,19:07,맥주,1,5000
2025-04-26,19:17,김치전,1,15000
2025-04-26,19:23,오돌뼈,1,17000
2025-04-26,19:26,닭발,1,18000
2025-04-26,19:28,소주,1,5000
2025-04-26,19:31,맥주,1,5000
2025-04-26,19:33,닭발,1,18000
2025-04-26,19:34,맥주,1,5000
2025-04-26,19:36,닭발,1,18000
2025-04-26,19:38,소주,1,5000
2025-04-26,19:43,소주,1,5000
2025-04-26,19:46,맥주,1,5000
2025-04-26,19:53,오돌뼈,1,17000
2025-04-26,19:57,하이볼,1,7000
2025-04-26,19:59,소주,1,5000
2025-04-26,20:01,하이볼,1,7000
2025-04-26,20:03,맥주,1,5000
2025-04-26,20:15,김치전,1,15000
2025-04-26,20:17,맥주,1,5000
2025-04-26,20:18,하이볼,1,7000
2025-04-26,20:18,닭발,1,18000
2025-04-26,20:18,오돌뼈,1,17000
2025-04-26,20:20,하이볼,1,7000
2025-04-26,20:23,맥주,1,5000
2025-04-26,20:23,하이볼,1,7000
2025-04-26,20:25,하이볼,1,7000
2025-04-26,20:27,맥주,1,5000
2025-04-26,20:28,닭발,1,18000
2025-04-26,20:29,계란찜,1,7000
2025-04-26,20:29,계란찜,1,7000
2025-04-26,20:31,하이볼,1,7000
2025-04-26,20:34,맥주,1,5000
2025-04-26,20:35,맥주,1,5000
2025-04-26,20:36,소주,1,5000
2025-04-26,20:36,김치전,1,15000
2025-04-26,20:37,맥주,1,5000
2025-04-26,20:38,하이볼,1,7000
2025-04-26,20:39,소주,1,5000
2025-04-26,20:41,닭발,1,18000
2025-04-26,20:45,오돌뼈,1,17000
2025-04-26,20:46,김치전,1,15000
2025-04-26,20:47,소주,1,5000
2025-04-26,20:47,맥주,1,5000
2025-04-26,20:49,김치전,1,15000
2025-04-26,20:50,맥주,1,5000
2025-04-26,20:50,계란찜,1,7000
2025-04-26,20:51,계란찜,1,7000
2025-04-26,20:54,계란찜,1,7000
2025-04-26,20:55,소주,1,5000
2025-04-26,20:57,닭발,1,18000
2025-04-26,20:58,맥주,1,5000
2025-04-26,21:01,계란찜,1,7000
2025-04-26,21:02,맥주,1,5000
2025-04-26,21:06,닭발,1,18000
2025-04-26,21:06,오돌뼈,1,17000
2025-04-26,21:07,맥주,1,5000
2025-04-26,21:11,소주,1,5000
2025-04-26,21:11,소주,1,5000
2025-04-26,21:13,소주,1,5000
2025-04-26,21:13,하이볼,1,7000
2025-04-26,21:15,하이볼,1,7000
2025-04-26,21:16,소주,1,5000
2025-04-26,21:16,소주,1,5000
2025-04-26,21:16,오돌뼈,1,17000
2025-04-26,21:17,소주,1,5000
2025-04-26,21:19,하이볼,1,7000
2025-04-26,21:20,소주,1,5000
2025-04-26,21:23,김치전,1,15000
2025-04-26,21:24,맥주,1,5000
2025-04-26,21:25,오돌뼈,1,17000
2025-04-26,21:27,소주,1,5000
2025-04-26,21:29,맥주,1,5000
2025-04-26,21:30,맥주,1,5000
2025-04-26,21:31,계란찜,1,7000
2025-04-26,21:36,오돌뼈,1,17000
2025-04-26,21:36,오돌뼈,1,17000
2025-04-26,21:39,소주,1,5000
2025-04-26,21:40,맥주,1,5000
2025-04-26,21:41,하이볼,1,7000
2025-04-26,21:42,닭발,1,18000
2025-04-26,21:43,하이볼,1,7000
2025-04-26,21:44,닭발,1,18000
2025-04-26,21:44,김치전,1,15000
2025-04-26,21:49,소주,1,5000
2025-04-26,21:50,하이볼,1,7000
2025-04-26,21:50,오돌뼈,1,17000
2025-04-26,21:51,소주,1,5000
2025-04-26,21:51,맥주,1,5000
2025-04-26,21:51,맥주,1,5000
2025-04-26,21:52,소주,1,5000
2025-04-26,21:52,하이볼,1,7000
2025-04-26,21:54,소주,1,5000
2025-04-26,21:54,소주,1,5000
2025-04-26,21:54,소주,1,5000
2025-04-26,21:55,오돌뼈,1,17000
2025-04-26,22:01,김치전,1,15000
2025-04-26,22:04,소주,1,5000
2025-04-26,22:05,닭발,1,18000
2025-04-26,22:09,소주,1,5000
2025-04-26,22:11,김치전,1,15000
2025-04-26,22:14,닭발,1,18000
2025-04-26,22:15,닭발,1,18000
2025-04-26,22:15,닭발,1,18000
2025-04-26,22:16,소주,1,5000
2025-04-26,22:17,오돌뼈,1,17000
2025-04-26,22:24,맥주,1,5000
2025-04-26,22:25,계란찜,1,7000
2025-04-26,22:26,맥주,1,5000
2025-04-26,22:27,소주,1,5000
2025-04-26,22:29,맥주,1,5000
2025-04-26,22:30,김치전,1,15000
2025-04-26,22:37,닭발,1,18000
2025-04-26,22:38,맥주,1,5000
2025-04-26,22:38,하이볼,1,7000
2025-04-26,22:39,계란찜,1,7000
2025-04-26,22:47,소주,1,5000
2025-04-26,22:48,소주,1,5000
2025-04-26,22:50,닭발,1,18000
2025-04-26,22:54,소주,1,5000
2025-04-26,22:54,김치전,1,15000
2025-04-26,22:57,맥주,1,5000
2025-04-26,23:03,오돌뼈,1,17000
2025-04-26,23:10,소주,1,5000
2025-04-26,23:11,계란찜,1,7000
2025-04-26,23:12,오돌뼈,1,17000
2025-04-26,23:12,계란찜,1,7000
2025-04-26,23:13,닭발,1,18000
2025-04-26,23:26,오돌뼈,1,17000
2025-04-26,23:27,맥주,1,5000
2025-04-26,23:32,맥주,1,5000
2025-04-26,23:39,닭발,1,18000
2025-04-26,23:41,소주,1,5000
2025-04-26,23:50,맥주,1,5000
2025-04-26,23:50,맥주,1,5000
2025-04-26,23:50,계란찜,1,7000
2025-04-27,18:56,계란찜,1,7000
2025-04-27,19:20,오돌뼈,1,17000
2025-04-27,19:39,하이볼,1,7000
2025-04-27,19:40,맥주,1,5000
2025-04-27,19:41,소주,1,5000
2025-04-27,19:44,오돌뼈,1,17000
2025-04-27,19:49,닭발,1,18000
2025-04-27,20:03,하이볼,1,7000
2025-04-27,20:06,계란찜,1,7000
2025-04-27,20:08,닭발,1,18000
2025-04-27,20:12,김치전,1,15000
2025-04-27,20:16,소주,1,5000
2025-04-27,20:32,맥주,1,5000
2025-04-27,20:34,소주,1,5000
2025-04-27,20:35,맥주,1,5000
2025-04-27,20:36,닭발,1,18000
2025-04-27,20:38,맥주,1,5000
2025-04-27,20:43,소주,1,5000
2025-04-27,20:44,소주,1,5000
2025-04-27,20:44,맥주,1,5000
2025-04-27,20:45,김치전,1,15000
2025-04-27,20:46,소주,1,5000
2025-04-27,20:51,하이볼,1,7000
2025-04-27,20:53,맥주,1,5000
2025-04-27,20:54,맥주,1,5000
2025-04-27,20:55,닭발,1,18000
2025-04-27,20:57,오돌뼈,1,17000
2025-04-27,20:57,오돌뼈,1,17000
2025-04-27,21:00,맥주,1,5000
2025-04-27,21:03,김치전,1,15000
2025-04-27,21:05,계란찜,1,7000
2025-04-27,21:09,소주,1,5000
2025-04-27,21:09,맥주,1,5000
2025-04-27,21:14,맥주,1,5000
2025-04-27,21:27,닭발,1,18000
2025-04-27,21:27,김치전,1,15000
2025-04-27,21:29,하이볼,1,7000
2025-04-27,21:35,닭발,1,18000
2025-04-27,21:38,맥주,1,5000
2025-04-27,21:38,하이볼,1,7000
2025-04-27,21:41,하이볼,1,7000
2025-04-27,21:48,닭발,1,18000
2025-04-27,21:48,오돌뼈,1,17000
2025-04-27,21:52,닭발,1,18000
2025-04-27,21:54,닭발,1,18000
2025-04-27,22:03,소주,1,5000
2025-04-27,22:03,오돌뼈,1,17000
2025-04-27,22:04,소주,1,5000
2025-04-27,22:10,소주,1,5000
2025-04-27,22:14,하이볼,1,7000
2025-04-27,22:15,하이볼,1,7000
2025-04-27,22:17,하이볼,1,7000
2025-04-27,22:20,오돌뼈,1,17000
2025-04-27,22:21,맥주,1,5000
2025-04-27,22:29,소주,1,5000
2025-04-27,22:47,소주,1,5000
2025-04-27,23:00,소주,1,5000
2025-04-27,23:02,맥주,1,5000
2025-04-27,23:05,맥주,1,5000
2025-04-27,23:29,계란찜,1,7000
2025-04-28,18:49,오돌뼈,1,17000
2025-04-28,18:53,소주,1,5000
2025-04-28,19:15,닭발,1,18000
2025-04-28,19:33,맥주,1,5000
2025-04-28,19:33,맥주,1,5000
2025-04-28,19:33,오돌뼈,1,17000
2025-04-28,19:58,닭발,1,18000
2025-04-28,19:58,오돌뼈,1,17000
2025-04-28,20:12,오돌뼈,1,17000
2025-04-28,20:20,맥주,1,5000
2025-04-28,20:20,맥주,1,5000
2025-04-28,20:23,맥주,1,5000
2025-04-28,20:26,소주,1,5000
2025-04-28,20:26,김치전,1,15000
2025-04-28,20:28,하이볼,1,7000
2025-04-28,20:37,소주,1,5000
2025-04-28,20:38,닭발,1,18000
2025-04-28,20:44,하이볼,1,7000
2025-04-28,20:44,닭발,1,18000
2025-04-28,20:48,닭발,1,18000
2025-04-28,20:50,오돌뼈,1,17000
2025-04-28,20:52,소주,1,5000
2025-04-28,20:55,계란찜,1,7000
2025-04-28,20:56,김치전,1,15000
2025-04-28,20:58,소주,1,5000
2025-04-28,20:58,맥주,1,5000
2025-04-28,21:03,맥주,1,5000
2025-04-28,21:06,김치전,1,15000
2025-04-28,21:07,소주,1,5000
2025-04-28,21:07,김치전,1,15000
2025-04-28,21:09,맥주,1,5000
2025-04-28,21:09,계란찜,1,7000
2025-04-28,21:11,소주,1,5000
2025-04-28,21:13,소주,1,5000
2025-04-28,21:14,닭발,1,18000
2025-04-28,21:15,맥주,1,5000
2025-04-28,21:18,맥주,1,5000
2025-04-28,21:19,닭발,1,18000
2025-04-28,21:24,오돌뼈,1,17000
2025-04-28,21:27,소주,1,5000
2025-04-28,21:29,하이볼,1,7000
2025-04-28,21:30,소주,1,5000
2025-04-28,21:32,소주,1,5000
2025-04-28,21:36,소주,1,5000
2025-04-28,21:39,소주,1,5000
2025-04-28,21:40,오돌뼈,1,17000
2025-04-28,21:42,오돌뼈,1,17000
2025-04-28,21:43,하이볼,1,7000
2025-04-28,21:45,맥주,1,5000
2025-04-28,21:46,하이볼,1,7000
2025-04-28,21:50,계란찜,1,7000
2025-04-28,21:52,맥주,1,5000
2025-04-28,21:55,오돌뼈,1,17000
2025-04-28,21:56,소주,1,5000
2025-04-28,21:56,소주,1,5000
2025-04-28,21:57,닭발,1,18000
2025-04-28,22:00,소주,1,5000
2025-04-28,22:04,맥주,1,5000
2025-04-28,22:05,소주,1,5000
2025-04-28,22:06,맥주,1,5000
2025-04-28,22:11,맥주,1,5000
2025-04-28,22:13,계란찜,1,7000
2025-04-28,22:14,닭발,1,18000
2025-04-28,22:15,소주,1,5000
2025-04-28,22:16,맥주,1,5000
2025-04-28,22:17,소주,1,5000
2025-04-28,22:19,소주,1,5000
2025-04-28,22:20,소주,1,5000
2025-04-28,22:20,하이볼,1,7000
2025-04-28,22:21,계란찜,1,7000
2025-04-28,22:25,계란찜,1,7000
2025-04-28,22:28,계란찜,1,7000
2025-04-28,22:31,김치전,1,15000
2025-04-28,22:34,하이볼,1,7000
2025-04-28,22:39,김치전,1,15000
2025-04-28,22:41,맥주,1,5000
2025-04-28,22:43,오돌뼈,1,17000
2025-04-28,22:44,맥주,1,5000
2025-04-28,22:49,닭발,1,18000
2025-04-28,22:55,소주,1,5000
2025-04-28,22:56,김치전,1,15000
2025-04-28,22:59,닭발,1,18000
2025-04-28,23:00,하이볼,1,7000
2025-04-28,23:13,소주,1,5000
2025-04-28,23:13,닭발,1,18000
2025-04-28,23:14,맥주,1,5000
2025-04-28,23:15,김치전,1,15000
2025-04-28,23:24,김치전,1,15000
2025-04-28,23:27,맥주,1,5000
2025-04-28,23:41,하이볼,1,7000
2025-04-28,23:50,소주,1,5000
2025-04-28,23:50,하이볼,1,7000
2025-04-29,18:52,소주,1,5000
2025-04-29,19:04,하이볼,1,7000
2025-04-29,19:13,맥주,1,5000
2025-04-29,19:23,맥주,1,5000
2025-04-29,19:23,하이볼,1,7000
2025-04-29,19:50,맥주,1,5000
2025-04-29,19:50,맥주,1,5000
2025-04-29,19:51,김치전,1,15000
2025-04-29,19:54,소주,1,5000
2025-04-29,19:57,오돌뼈,1,17000
2025-04-29,20:02,닭발,1,18000
2025-04-29,20:07,맥주,1,5000
2025-04-29,20:09,소주,1,5000
2025-04-29,20:11,김치전,1,15000
2025-04-29,20:18,맥주,1,5000
2025-04-29,20:18,김치전,1,15000
2025-04-29,20:20,하이볼,1,7000
2025-04-29,20:22,하이볼,1,7000
2025-04-29,20:25,맥주,1,5000
2025-04-29,20:29,하이볼,1,7000
2025-04-29,20:30,하이볼,1,7000
2025-04-29,20:34,소주,1,5000
2025-04-29,20:35,소주,1,5000
2025-04-29,20:36,맥주,1,5000
2025-04-29,20:37,하이볼,1,7000
2025-04-29,20:40,닭발,1,18000
2025-04-29,20:40,닭발,1,18000
2025-04-29,20:44,소주,1,5000
2025-04-29,20:44,김치전,1,15000
2025-04-29,20:46,소주,1,5000
2025-04-29,20:48,김치전,1,15000
2025-04-29,20:52,닭발,1,18000
2025-04-29,20:55,김치전,1,15000
2025-04-29,20:56,김치전,1,15000
2025-04-29,20:57,계란찜,1,7000
2025-04-29,20:58,닭발,1,18000
2025-04-29,20:59,닭발,1,18000
2025-04-29,21:01,맥주,1,5000
2025-04-29,21:01,계란찜,1,7000
2025-04-29,21:03,소주,1,5000
2025-04-29,21:04,맥주,1,5000
2025-04-29,21:06,하이볼,1,7000
2025-04-29,21:08,맥주,1,5000
2025-04-29,21:10,맥주,1,5000
2025-04-29,21:11,맥주,1,5000
2025-04-29,21:12,소주,1,5000
2025-04-29,21:12,하이볼,1,7000
2025-04-29,21:15,맥주,1,5000
2025-04-29,21:15,김치전,1,15000
2025-04-29,21:18,소주,1,5000
2025-04-29,21:19,닭발,1,18000
2025-04-29,21:19,닭발,1,18000
2025-04-29,21:24,오돌뼈,1,17000
2025-04-29,21:26,맥주,1,5000
2025-04-29,21:29,소주,1,5000
2025-04-29,21:29,소주,1,5000
2025-04-29,21:30,소주,1,5000
2025-04-29,21:30,닭발,1,18000
2025-04-29,21:31,닭발,1,18000
2025-04-29,21:34,소주,1,5000
2025-04-29,21:35,맥주,1,5000
2025-04-29,21:36,오돌뼈,1,17000
2025-04-29,21:38,소주,1,5000
2025-04-29,21:38,김치전,1,15000
2025-04-29,21:42,소주,1,5000
2025-04-29,21:47,닭발,1,18000
2025-04-29,21:49,맥주,1,5000
2025-04-29,21:49,계란찜,1,7000
2025-04-29,21:51,오돌뼈,1,17000
2025-04-29,21:54,소주,1,5000
2025-04-29,21:54,하이볼,1,7000
2025-04-29,21:56,소주,1,5000
2025-04-29,21:57,맥주,1,5000
2025-04-29,21:58,닭발,1,18000
2025-04-29,21:59,계란찜,1,7000
2025-04-29,22:14,맥주,1,5000
2025-04-29,22:14,오돌뼈,1,17000
2025-04-29,22:15,맥주,1,5000
2025-04-29,22:18,소주,1,5000
2025-04-29,22:21,소주,1,5000
2025-04-29,22:24,맥주,1,5000
2025-04-29,22:26,닭발,1,18000
2025-04-29,22:28,오돌뼈,1,17000
2025-04-29,22:29,계란찜,1,7000
2025-04-29,22:31,소주,1,5000
2025-04-29,22:34,하이볼,1,7000
2025-04-29,22:35,오돌뼈,1,17000
2025-04-29,22:36,하이볼,1,7000
2025-04-29,22:38,하이볼,1,7000
2025-04-29,22:41,김치전,1,15000
2025-04-29,22:43,소주,1,5000
2025-04-29,22:43,소주,1,5000
2025-04-29,22:44,소주,1,5000
2025-04-29,22:45,소주,1,5000
2025-04-29,22:52,오돌뼈,1,17000
2025-04-29,22:53,소주,1,5000
2025-04-29,22:56,오돌뼈,1,17000
2025-04-29,22:57,닭발,1,18000
2025-04-29,23:06,닭발,1,18000
2025-04-29,23:07,맥주,1,5000
2025-04-29,23:17,계란찜,1,7000
2025-04-29,23:21,오돌뼈,1,17000
2025-04-29,23:21,계란찜,1,7000
2025-04-29,23:25,하이볼,1,7000
2025-04-29,23:46,닭발,1,18000
2025-04-29,23:50,소주,1,5000
2025-04-30,18:47,하이볼,1,7000
2025-04-30,19:09,소주,1,5000
2025-04-30,19:28,맥주,1,5000
2025-04-30,19:31,소주,1,5000
2025-04-30,19:33,오돌뼈,1,17000
2025-04-30,19:36,오돌뼈,1,17000
2025-04-30,19:38,김치전,1,15000
2025-04-30,19:39,소주,1,5000
2025-04-30,19:41,김치전,1,15000
2025-04-30,19:45,계란찜,1,7000
2025-04-30,19:50,맥주,1,5000
2025-04-30,19:54,하이볼,1,7000
2025-04-30,19:55,닭발,1,18000
2025-04-30,20:03,소주,1,5000
2025-04-30,20:03,하이볼,1,7000
2025-04-30,20:04,닭발,1,18000
2025-04-30,20:12,하이볼,1,7000
2025-04-30,20:13,소주,1,5000
2025-04-30,20:16,소주,1,5000
2025-04-30,20:16,하이볼,1,7000
2025-04-30,20:16,계란찜,1,7000
2025-04-30,20:19,닭발,1,18000
2025-04-30,20:22,하이볼,1,7000
2025-04-30,20:24,계란찜,1,7000
2025-04-30,20:27,소주,1,5000
2025-04-30,20:28,하이볼,1,7000
2025-04-30,20:30,오돌뼈,1,17000
2025-04-30,20:31,소주,1,5000
2025-04-30,20:33,계란찜,1,7000
2025-04-30,20:34,맥주,1,5000
2025-04-30,20:37,닭발,1,18000
2025-04-30,20:38,소주,1,5000
2025-04-30,20:38,맥주,1,5000
2025-04-30,20:43,맥주,1,5000
2025-04-30,20:44,닭발,1,18000
2025-04-30,20:44,오돌뼈,1,17000
2025-04-30,20:45,하이볼,1,7000
2025-04-30,20:46,오돌뼈,1,17000
2025-04-30,20:50,닭발,1,18000
2025-04-30,20:53,하이볼,1,7000
2025-04-30,20:56,닭발,1,18000
2025-04-30,20:56,오돌뼈,1,17000
2025-04-30,20:57,소주,1,5000
2025-04-30,20:57,닭발,1,18000
2025-04-30,20:57,오돌뼈,1,17000
2025-04-30,20:58,소주,1,5000
2025-04-30,20:59,닭발,1,18000
2025-04-30,20:59,오돌뼈,1,17000
2025-04-30,21:00,오돌뼈,1,17000
2025-04-30,21:00,계란찜,1,7000
2025-04-30,21:03,맥주,1,5000
2025-04-30,21:05,맥주,1,5000
2025-04-30,21:06,하이볼,1,7000
2025-04-30,21:07,닭발,1,18000
2025-04-30,21:09,소주,1,5000
2025-04-30,21:10,오돌뼈,1,17000
2025-04-30,21:11,소주,1,5000
2025-04-30,21:11,닭발,1,18000
2025-04-30,21:12,소주,1,5000
2025-04-30,21:12,소주,1,5000
2025-04-30,21:12,닭발,1,18000
2025-04-30,21:13,계란찜,1,7000
2025-04-30,21:15,맥주,1,5000
2025-04-30,21:15,하이볼,1,7000
2025-04-30,21:16,맥주,1,5000
2025-04-30,21:16,맥주,1,5000
2025-04-30,21:18,하이볼,1,7000
2025-04-30,21:19,소주,1,5000
2025-04-30,21:20,계란찜,1,7000
2025-04-30,21:24,맥주,1,5000
2025-04-30,21:24,맥주,1,5000
2025-04-30,21:26,맥주,1,5000
2025-04-30,21:27,소주,1,5000
2025-04-30,21:27,하이볼,1,7000
2025-04-30,21:28,소주,1,5000
2025-04-30,21:29,소주,1,5000
2025-04-30,21:29,하이볼,1,7000
2025-04-30,21:30,하이볼,1,7000
2025-04-30,21:32,소주,1,5000
2025-04-30,21:32,소주,1,5000
2025-04-30,21:32,김치전,1,15000
2025-04-30,21:33,맥주,1,5000
2025-04-30,21:34,맥주,1,5000
2025-04-30,21:34,맥주,1,5000
2025-04-30,21:34,하이볼,1,7000
2025-04-30,21:34,닭발,1,18000
2025-04-30,21:38,김치전,1,15000
2025-04-30,21:38,김치전,1,15000
2025-04-30,21:39,맥주,1,5000
2025-04-30,21:39,닭발,1,18000
2025-04-30,21:41,닭발,1,18000
2025-04-30,21:42,소주,1,5000
2025-04-30,21:42,닭발,1,18000
2025-04-30,21:45,맥주,1,5000
2025-04-30,21:45,김치전,1,15000
2025-04-30,21:45,김치전,1,15000
2025-04-30,21:50,계란찜,1,7000
2025-04-30,21:52,소주,1,5000
2025-04-30,21:52,계란찜,1,7000
2025-04-30,21:56,소주,1,5000
2025-04-30,21:56,맥주,1,5000
2025-04-30,21:57,오돌뼈,1,17000
2025-04-30,21:58,소주,1,5000
2025-04-30,21:58,오돌뼈,1,17000
2025-04-30,21:59,소주,1,5000
2025-04-30,22:00,김치전,1,15000
2025-04-30,22:06,계란찜,1,7000
2025-04-30,22:12,소주,1,5000
2025-04-30,22:12,소주,1,5000
2025-04-30,22:13,맥주,1,5000
2025-04-30,22:14,맥주,1,5000
2025-04-30,22:19,오돌뼈,1,17000
2025-04-30,22:24,김치전,1,15000
2025-04-30,22:25,김치전,1,15000
2025-04-30,22:29,맥주,1,5000
2025-04-30,22:30,소주,1,5000
2025-04-30,22:32,소주,1,5000
2025-04-30,22:33,하이볼,1,7000
2025-04-30,22:34,소주,1,5000
2025-04-30,22:35,오돌뼈,1,17000
2025-04-30,22:37,맥주,1,5000
2025-04-30,22:44,소주,1,5000
2025-04-30,22:46,맥주,1,5000
2025-04-30,22:47,소주,1,5000
2025-04-30,22:47,김치전,1,15000
2025-04-30,22:48,맥주,1,5000
2025-04-30,22:50,하이볼,1,7000
2025-04-30,22:51,맥주,1,5000
2025-04-30,22:52,맥주,1,5000
2025-04-30,22:56,맥주,1,5000
2025-04-30,23:07,맥주,1,5000
2025-04-30,23:09,맥주,1,5000
2025-04-30,23:11,소주,1,5000
2025-04-30,23:12,소주,1,5000
2025-04-30,23:12,닭발,1,18000
2025-04-30,23:13,맥주,1,5000
2025-04-30,23:14,닭발,1,18000
2025-04-30,23:27,소주,1,5000
2025-04-30,23:27,소주,1,5000
2025-04-30,23:32,김치전,1,15000
2025-04-30,23:34,소주,1,5000
2025-04-30,23:40,맥주,1,5000
2025-04-30,23:49,하이볼,1,7000
2025-04-30,23:50,오돌뼈,1,17000
2025-04-30,23:50,계란찜,1,7000
2025-05-01,18:55,닭발,1,18000
2025-05-01,19:10,소주,1,5000
2025-05-01,19:13,계란찜,1,7000
2025-05-01,19:25,맥주,1,5000
2025-05-01,19:31,김치전,1,15000
2025-05-01,19:40,오돌뼈,1,17000
2025-05-01,19:41,맥주,1,5000
2025-05-01,19:47,맥주,1,5000
2025-05-01,19:47,맥주,1,5000
2025-05-01,19:48,소주,1,5000
2025-05-01,19:51,소주,1,5000
2025-05-01,19:52,맥주,1,5000
2025-05-01,19:52,오돌뼈,1,17000
2025-05-01,19:53,오돌뼈,1,17000
2025-05-01,19:56,소주,1,5000
2025-05-01,19:58,소주,1,5000
2025-05-01,19:59,계란찜,1,7000
2025-05-01,20:02,닭발,1,18000
2025-05-01,20:08,소주,1,5000
2025-05-01,20:10,닭발,1,18000
2025-05-01,20:11,소주,1,5000
2025-05-01,20:14,맥주,1,5000
2025-05-01,20:17,오돌뼈,1,17000
2025-05-01,20:19,김치전,1,15000
2025-05-01,20:21,소주,1,5000
2025-05-01,20:23,소주,1,5000
2025-05-01,20:23,닭발,1,18000
2025-05-01,20:25,오돌뼈,1,17000
2025-05-01,20:33,소주,1,5000
2025-05-01,20:34,맥주,1,5000
2025-05-01,20:34,닭발,1,18000
2025-05-01,20:35,하이볼,1,7000
2025-05-01,20:35,닭발,1,18000
2025-05-01,20:37,김치전,1,15000
2025-05-01,20:43,소주,1,5000
2025-05-01,20:43,맥주,1,5000
2025-05-01,20:54,하이볼,1,7000
2025-05-01,20:54,하이볼,1,7000
2025-05-01,20:54,닭발,1,18000
2025-05-01,20:56,맥주,1,5000
2025-05-01,20:56,계란찜,1,7000
2025-05-01,20:57,소주,1,5000
2025-05-01,20:57,맥주,1,5000
2025-05-01,20:58,소주,1,5000
2025-05-01,21:00,하이볼,1,7000
2025-05-01,21:01,소주,1,5000
2025-05-01,21:03,닭발,1,18000
2025-05-01,21:04,닭발,1,18000
2025-05-01,21:05,오돌뼈,1,17000
2025-05-01,21:08,오돌뼈,1,17000
2025-05-01,21:08,오돌뼈,1,17000
2025-05-01,21:09,맥주,1,5000
2025-05-01,21:09,하이볼,1,7000
2025-05-01,21:10,하이볼,1,7000
2025-05-01,21:11,소주,1,5000
2025-05-01,21:11,김치전,1,15000
2025-05-01,21:12,계란찜,1,7000
2025-05-01,21:14,닭발,1,18000
2025-05-01,21:14,계란찜,1,7000
2025-05-01,21:15,소주,1,5000
2025-05-01,21:15,맥주,1,5000
2025-05-01,21:16,하이볼,1,7000
2025-05-01,21:16,김치전,1,15000
2025-05-01,21:17,맥주,1,5000
2025-05-01,21:17,맥주,1,5000
2025-05-01,21:18,소주,1,5000
2025-05-01,21:21,김치전,1,15000
2025-05-01,21:22,소주,1,5000
2025-05-01,21:24,맥주,1,5000
2025-05-01,21:27,맥주,1,5000
2025-05-01,21:28,소주,1,5000
2025-05-01,21:30,닭발,1,18000
2025-05-01,21:31,소주,1,5000
2025-05-01,21:31,맥주,1,5000
2025-05-01,21:32,맥주,1,5000
2025-05-01,21:32,닭발,1,18000
2025-05-01,21:33,닭발,1,18000
2025-05-01,21:33,닭발,1,18000
2025-05-01,21:34,소주,1,5000
2025-05-01,21:36,하이볼,1,7000
2025-05-01,21:36,오돌뼈,1,17000
2025-05-01,21:40,소주,1,5000
2025-05-01,21:41,소주,1,5000
2025-05-01,21:42,소주,1,5000
2025-05-01,21:42,소주,1,5000
2025-05-01,21:42,오돌뼈,1,17000
2025-05-01,21:43,오돌뼈,1,17000
2025-05-01,21:45,맥주,1,5000
2025-05-01,21:46,맥주,1,5000
2025-05-01,21:46,하이볼,1,7000
2025-05-01,21:46,하이볼,1,7000
2025-05-01,21:48,맥주,1,5000
2025-05-01,21:51,계란찜,1,7000
2025-05-01,21:53,닭발,1,18000
2025-05-01,21:54,소주,1,5000
2025-05-01,21:54,하이볼,1,7000
2025-05-01,21:56,계란찜,1,7000
2025-05-01,21:57,맥주,1,5000
2025-05-01,21:57,닭발,1,18000
2025-05-01,21:57,닭발,1,18000
2025-05-01,21:57,오돌뼈,1,17000
2025-05-01,22:01,하이볼,1,7000
2025-05-01,22:01,계란찜,1,7000
2025-05-01,22:01,계란찜,1,7000
2025-05-01,22:02,소주,1,5000
2025-05-01,22:03,소주,1,5000
2025-05-01,22:05,맥주,1,5000
2025-05-01,22:07,하이볼,1,7000
2025-05-01,22:07,김치전,1,15000
2025-05-01,22:08,오돌뼈,1,17000
2025-05-01,22:08,김치전,1,15000
2025-05-01,22:10,하이볼,1,7000
2025-05-01,22:11,김치전,1,15000
2025-05-01,22:13,맥주,1,5000
2025-05-01,22:13,닭발,1,18000
2025-05-01,22:18,소주,1,5000
2025-05-01,22:18,맥주,1,5000
2025-05-01,22:20,맥주,1,5000
2025-05-01,22:21,소주,1,5000
2025-05-01,22:32,하이볼,1,7000
2025-05-01,22:32,오돌뼈,1,17000
2025-05-01,22:33,맥주,1,5000
2025-05-01,22:36,소주,1,5000
2025-05-01,22:37,닭발,1,18000
2025-05-01,22:38,소주,1,5000
2025-05-01,22:38,맥주,1,5000
2025-05-01,22:39,계란찜,1,7000
2025-05-01,22:42,맥주,1,5000
2025-05-01,22:42,오돌뼈,1,17000
2025-05-01,22:50,하이볼,1,7000
2025-05-01,22:53,계란찜,1,7000
2025-05-01,22:56,소주,1,5000
2025-05-01,22:56,하이볼,1,7000
2025-05-01,22:59,맥주,1,5000
2025-05-01,22:59,계란찜,1,7000
2025-05-01,23:03,하이볼,1,7000
2025-05-01,23:05,소주,1,5000
2025-05-01,23:06,하이볼,1,7000
2025-05-01,23:13,닭발,1,18000
2025-05-01,23:14,맥주,1,5000
2025-05-01,23:17,닭발,1,18000
2025-05-01,23:18,소주,1,5000
2025-05-01,23:25,소주,1,5000
2025-05-01,23:42,계란찜,1,7000
2025-05-01,23:45,소주,1,5000
2025-05-01,23:50,김치전,1,15000
2025-05-01,23:50,김치전,1,15000
2025-05-02,18:55,소주,1,5000
2025-05-02,19:08,닭발,1,18000
2025-05-02,19:09,계란찜,1,7000
2025-05-02,19:12,하이볼,1,7000
2025-05-02,19:13,오돌뼈,1,17000
2025-05-02,19:15,김치전,1,15000
2025-05-02,19:17,하이볼,1,7000
2025-05-02,19:25,오돌뼈,1,17000
2025-05-02,19:28,계란찜,1,7000
2025-05-02,19:30,맥주,1,5000
2025-05-02,19:32,소주,1,5000
2025-05-02,19:32,닭발,1,18000
2025-05-02,19:33,맥주,1,5000
2025-05-02,19:34,김치전,1,15000
2025-05-02,19:46,소주,1,5000
2025-05-02,19:50,김치전,1,15000
2025-05-02,19:56,닭발,1,18000
2025-05-02,19:58,소주,1,5000
2025-05-02,20:00,닭발,1,18000
2025-05-02,20:01,맥주,1,5000
2025-05-02,20:04,오돌뼈,1,17000
2025-05-02,20:07,소주,1,5000
2025-05-02,20:07,닭발,1,18000
2025-05-02,20:08,맥주,1,5000
2025-05-02,20:11,오돌뼈,1,17000
2025-05-02,20:12,소주,1,5000
2025-05-02,20:12,김치전,1,15000
2025-05-02,20:14,김치전,1,15000
2025-05-02,20:15,소주,1,5000
2025-05-02,20:15,닭발,1,18000
2025-05-02,20:17,맥주,1,5000
2025-05-02,20:19,소주,1,5000
2025-05-02,20:21,소주,1,5000
2025-05-02,20:21,계란찜,1,7000
2025-05-02,20:24,소주,1,5000
2025-05-02,20:25,맥주,1,5000
2025-05-02,20:26,소주,1,5000
2025-05-02,20:27,맥주,1,5000
2025-05-02,20:29,맥주,1,5000
2025-05-02,20:29,닭발,1,18000
2025-05-02,20:30,소주,1,5000
2025-05-02,20:30,소주,1,5000
2025-05-02,20:33,소주,1,5000
2025-05-02,20:36,소주,1,5000
2025-05-02,20:38,소주,1,5000
2025-05-02,20:39,소주,1,5000
2025-05-02,20:40,맥주,1,5000
2025-05-02,20:40,하이볼,1,7000
2025-05-02,20:41,닭발,1,18000
2025-05-02,20:41,계란찜,1,7000
2025-05-02,20:42,맥주,1,5000
2025-05-02,20:43,소주,1,5000
2025-05-02,20:43,닭발,1,18000
2025-05-02,20:43,닭발,1,18000
2025-05-02,20:44,하이볼,1,7000
2025-05-02,20:44,계란찜,1,7000
2025-05-02,20:48,하이볼,1,7000
2025-05-02,20:48,오돌뼈,1,17000
2025-05-02,20:49,닭발,1,18000
2025-05-02,20:49,닭발,1,18000
2025-05-02,20:49,계란찜,1,7000
2025-05-02,20:50,소주,1,5000
2025-05-02,20:51,맥주,1,5000
2025-05-02,20:51,김치전,1,15000
2025-05-02,20:52,소주,1,5000
2025-05-02,20:54,닭발,1,18000
2025-05-02,20:55,맥주,1,5000
2025-05-02,20:59,하이볼,1,7000
2025-05-02,20:59,닭발,1,18000
2025-05-02,21:02,소주,1,5000
2025-05-02,21:02,맥주,1,5000
2025-05-02,21:02,오돌뼈,1,17000
2025-05-02,21:02,오돌뼈,1,17000
2025-05-02,21:02,김치전,1,15000
2025-05-02,21:05,소주,1,5000
2025-05-02,21:05,하이볼,1,7000
2025-05-02,21:06,닭발,1,18000
2025-05-02,21:07,김치전,1,15000
2025-05-02,21:10,하이볼,1,7000
2025-05-02,21:10,오돌뼈,1,17000
2025-05-02,21:11,하이볼,1,7000
2025-05-02,21:11,닭발,1,18000
2025-05-02,21:14,소주,1,5000
2025-05-02,21:16,오돌뼈,1,17000
2025-05-02,21:16,오돌뼈,1,17000
2025-05-02,21:17,맥주,1,5000
2025-05-02,21:18,맥주,1,5000
2025-05-02,21:18,계란찜,1,7000
2025-05-02,21:19,오돌뼈,1,17000
2025-05-02,21:20,맥주,1,5000
2025-05-02,21:21,맥주,1,5000
2025-05-02,21:22,소주,1,5000
2025-05-02,21:23,닭발,1,18000
2025-05-02,21:24,소주,1,5000
2025-05-02,21:25,하이볼,1,7000
2025-05-02,21:27,맥주,1,5000
2025-05-02,21:28,닭발,1,18000
2025-05-02,21:30,맥주,1,5000
2025-05-02,21:30,닭발,1,18000
2025-05-02,21:30,김치전,1,15000
2025-05-02,21:31,소주,1,5000
2025-05-02,21:31,맥주,1,5000
2025-05-02,21:31,오돌뼈,1,17000
2025-05-02,21:31,계란찜,1,7000
2025-05-02,21:32,닭발,1,18000
2025-05-02,21:32,닭발,1,18000
2025-05-02,21:32,김치전,1,15000
2025-05-02,21:33,소주,1,5000
2025-05-02,21:33,맥주,1,5000
2025-05-02,21:34,계란찜,1,7000
2025-05-02,21:35,김치전,1,15000
2025-05-02,21:37,소주,1,5000
2025-05-02,21:38,소주,1,5000
2025-05-02,21:39,오돌뼈,1,17000
2025-05-02,21:42,소주,1,5000
2025-05-02,21:43,맥주,1,5000
2025-05-02,21:44,계란찜,1,7000
2025-05-02,21:45,맥주,1,5000
2025-05-02,21:45,하이볼,1,7000
2025-05-02,21:47,하이볼,1,7000
2025-05-02,21:48,소주,1,5000
2025-05-02,21:49,김치전,1,15000
2025-05-02,21:50,맥주,1,5000
2025-05-02,21:51,소주,1,5000
2025-05-02,21:52,맥주,1,5000
2025-05-02,21:52,오돌뼈,1,17000
2025-05-02,21:54,하이볼,1,7000
2025-05-02,21:55,소주,1,5000
2025-05-02,21:55,맥주,1,5000
2025-05-02,21:56,김치전,1,15000
2025-05-02,21:58,소주,1,5000
2025-05-02,21:58,하이볼,1,7000
2025-05-02,22:00,소주,1,5000
2025-05-02,22:00,소주,1,5000
2025-05-02,22:01,하이볼,1,7000
2025-05-02,22:02,소주,1,5000
2025-05-02,22:02,하이볼,1,7000
2025-05-02,22:03,계란찜,1,7000
2025-05-02,22:04,소주,1,5000
2025-05-02,22:04,맥주,1,5000
2025-05-02,22:04,계란찜,1,7000
2025-05-02,22:05,하이볼,1,7000
2025-05-02,22:05,계란찜,1,7000
2025-05-02,22:07,맥주,1,5000
2025-05-02,22:07,맥주,1,5000
2025-05-02,22:08,소주,1,5000
2025-05-02,22:08,맥주,1,5000
2025-05-02,22:08,김치전,1,15000
2025-05-02,22:08,계란찜,1,7000
2025-05-02,22:09,맥주,1,5000
2025-05-02,22:10,소주,1,5000
2025-05-02,22:11,하이볼,1,7000
2025-05-02,22:12,오돌뼈,1,17000
2025-05-02,22:13,소주,1,5000
2025-05-02,22:13,맥주,1,5000
2025-05-02,22:13,김치전,1,15000
2025-05-02,22:14,닭발,1,18000
2025-05-02,22:17,소주,1,5000
2025-05-02,22:18,하이볼,1,7000
2025-05-02,22:19,맥주,1,5000
2025-05-02,22:19,닭발,1,18000
2025-05-02,22:22,맥주,1,5000
2025-05-02,22:25,하이볼,1,7000
2025-05-02,22:26,맥주,1,5000
2025-05-02,22:28,오돌뼈,1,17000
2025-05-02,22:33,소주,1,5000
2025-05-02,22:33,맥주,1,5000
2025-05-02,22:34,소주,1,5000
2025-05-02,22:34,닭발,1,18000
2025-05-02,22:35,소주,1,5000
2025-05-02,22:36,맥주,1,5000
2025-05-02,22:37,하이볼,1,7000
2025-05-02,22:37,하이볼,1,7000
2025-05-02,22:37,김치전,1,15000
2025-05-02,22:38,닭발,1,18000
2025-05-02,22:39,오돌뼈,1,17000
2025-05-02,22:40,소주,1,5000
2025-05-02,22:40,김치전,1,15000
2025-05-02,22:40,김치전,1,15000
2025-05-02,22:42,맥주,1,5000
2025-05-02,22:43,맥주,1,5000
2025-05-02,22:44,맥주,1,5000
2025-05-02,22:52,닭발,1,18000
2025-05-02,22:52,닭발,1,18000
2025-05-02,22:57,하이볼,1,7000
2025-05-02,22:58,소주,1,5000
2025-05-02,23:00,계란찜,1,7000
2025-05-02,23:06,맥주,1,5000
2025-05-02,23:12,오돌뼈,1,17000
2025-05-02,23:15,하이볼,1,7000
2025-05-02,23:21,맥주,1,5000
2025-05-02,23:24,하이볼,1,7000
2025-05-02,23:24,닭발,1,18000
2025-05-02,23:39,닭발,1,18000
2025-05-02,23:40,소주,1,5000
2025-05-02,23:41,오돌뼈,1,17000
2025-05-02,23:47,소주,1,5000
2025-05-02,23:50,소주,1,5000
2025-05-02,23:50,맥주,1,5000
2025-05-02,23:50,김치전,1,15000
2025-05-02,23:50,계란찜,1,7000
2025-05-03,18:52,닭발,1,18000
2025-05-03,19:08,소주,1,5000
2025-05-03,19:17,닭발,1,18000
2025-05-03,19:23,김치전,1,15000
2025-05-03,19:31,하이볼,1,7000
2025-05-03,19:34,하이볼,1,7000
2025-05-03,19:44,맥주,1,5000
2025-05-03,19:45,하이볼,1,7000
2025-05-03,19:56,닭발,1,18000
2025-05-03,20:00,닭발,1,18000
2025-05-03,20:01,소주,1,5000
2025-05-03,20:01,닭발,1,18000
2025-05-03,20:04,닭발,1,18000
2025-05-03,20:11,소주,1,5000
2025-05-03,20:12,김치전,1,15000
2025-05-03,20:16,하이볼,1,7000
2025-05-03,20:19,소주,1,5000
2025-05-03,20:20,소주,1,5000
2025-05-03,20:24,하이볼,1,7000
2025-05-03,20:26,계란찜,1,7000
2025-05-03,20:27,오돌뼈,1,17000
2025-05-03,20:27,김치전,1,15000
2025-05-03,20:27,계란찜,1,7000
2025-05-03,20:28,하이볼,1,7000
2025-05-03,20:30,하이볼,1,7000
2025-05-03,20:36,맥주,1,5000
2025-05-03,20:36,하이볼,1,7000
2025-05-03,20:37,맥주,1,5000
2025-05-03,20:40,맥주,1,5000
2025-05-03,20:41,맥주,1,5000
2025-05-03,20:44,닭발,1,18000
2025-05-03,20:44,오돌뼈,1,17000
2025-05-03,20:45,하이볼,1,7000
2025-05-03,20:48,소주,1,5000
2025-05-03,20:48,맥주,1,5000
2025-05-03,20:50,소주,1,5000
2025-05-03,20:56,소주,1,5000
2025-05-03,20:56,닭발,1,18000
2025-05-03,20:58,오돌뼈,1,17000
2025-05-03,21:00,오돌뼈,1,17000
2025-05-03,21:02,김치전,1,15000
2025-05-03,21:03,소주,1,5000
2025-05-03,21:05,소주,1,5000
2025-05-03,21:06,소주,1,5000
2025-05-03,21:06,닭발,1,18000
2025-05-03,21:07,오돌뼈,1,17000
2025-05-03,21:08,계란찜,1,7000
2025-05-03,21:11,닭발,1,18000
2025-05-03,21:12,맥주,1,5000
2025-05-03,21:12,오돌뼈,1,17000
2025-05-03,21:13,소주,1,5000
2025-05-03,21:13,맥주,1,5000
2025-05-03,21:15,닭발,1,18000
2025-05-03,21:18,오돌뼈,1,17000
2025-05-03,21:19,오돌뼈,1,17000
2025-05-03,21:20,맥주,1,5000
2025-05-03,21:21,맥주,1,5000
2025-05-03,21:21,오돌뼈,1,17000
2025-05-03,21:25,맥주,1,5000
2025-05-03,21:26,닭발,1,18000
2025-05-03,21:26,오돌뼈,1,17000
2025-05-03,21:30,소주,1,5000
2025-05-03,21:30,김치전,1,15000
2025-05-03,21:31,맥주,1,5000
2025-05-03,21:31,닭발,1,18000
2025-05-03,21:31,오돌뼈,1,17000
2025-05-03,21:31,계란찜,1,7000
2025-05-03,21:32,소주,1,5000
2025-05-03,21:32,맥주,1,5000
2025-05-03,21:33,닭발,1,18000
2025-05-03,21:34,소주,1,5000
2025-05-03,21:34,소주,1,5000
2025-05-03,21:36,하이볼,1,7000
2025-05-03,21:37,맥주,1,5000
2025-05-03,21:37,맥주,1,5000
2025-05-03,21:42,김치전,1,15000
2025-05-03,21:44,계란찜,1,7000
2025-05-03,21:45,맥주,1,5000
2025-05-03,21:47,소주,1,5000
2025-05-03,21:47,소주,1,5000
2025-05-03,21:48,하이볼,1,7000
2025-05-03,21:51,맥주,1,5000
2025-05-03,21:53,닭발,1,18000
2025-05-03,21:55,소주,1,5000
2025-05-03,22:01,계란찜,1,7000
2025-05-03,22:04,소주,1,5000
2025-05-03,22:04,하이볼,1,7000
2025-05-03,22:04,닭발,1,18000
2025-05-03,22:06,맥주,1,5000
2025-05-03,22:09,맥주,1,5000
2025-05-03,22:10,맥주,1,5000
2025-05-03,22:13,오돌뼈,1,17000
2025-05-03,22:13,김치전,1,15000
2025-05-03,22:14,오돌뼈,1,17000
2025-05-03,22:16,하이볼,1,7000
2025-05-03,22:16,김치전,1,15000
2025-05-03,22:18,소주,1,5000
2025-05-03,22:18,소주,1,5000
2025-05-03,22:20,소주,1,5000
2025-05-03,22:21,닭발,1,18000
2025-05-03,22:22,소주,1,5000
2025-05-03,22:27,소주,1,5000
2025-05-03,22:29,김치전,1,15000
2025-05-03,22:31,하이볼,1,7000
2025-05-03,22:32,맥주,1,5000
2025-05-03,22:33,소주,1,5000
2025-05-03,22:35,소주,1,5000
2025-05-03,22:36,소주,1,5000
2025-05-03,22:41,소주,1,5000
2025-05-03,22:41,김치전,1,15000
2025-05-03,22:45,맥주,1,5000
2025-05-03,22:54,소주,1,5000
2025-05-03,23:03,맥주,1,5000
2025-05-03,23:19,맥주,1,5000
2025-05-03,23:24,맥주,1,5000
2025-05-03,23:24,닭발,1,18000
2025-05-03,23:28,소주,1,5000
2025-05-03,23:32,오돌뼈,1,17000
2025-05-03,23:36,하이볼,1,7000
2025-05-03,23:36,계란찜,1,7000
2025-05-03,23:47,소주,1,5000
2025-05-04,19:29,하이볼,1,7000
2025-05-04,19:52,닭발,1,18000
2025-05-04,20:21,닭발,1,18000
2025-05-04,20:23,소주,1,5000
2025-05-04,20:32,오돌뼈,1,17000
2025-05-04,20:36,하이볼,1,7000
2025-05-04,20:41,소주,1,5000
2025-05-04,20:43,맥주,1,5000
2025-05-04,20:55,소주,1,5000
2025-05-04,21:02,소주,1,5000
2025-05-04,21:08,소주,1,5000
2025-05-04,21:08,맥주,1,5000
2025-05-04,21:10,김치전,1,15000
2025-05-04,21:19,하이볼,1,7000
2025-05-04,21:20,김치전,1,15000
2025-05-04,21:21,닭발,1,18000
2025-05-04,21:23,소주,1,5000
2025-05-04,21:23,맥주,1,5000
2025-05-04,21:30,맥주,1,5000
2025-05-04,21:37,맥주,1,5000
2025-05-04,21:37,맥주,1,5000
2025-05-04,21:37,닭발,1,18000
2025-05-04,21:42,오돌뼈,1,17000
2025-05-04,21:56,하이볼,1,7000
2025-05-04,21:57,맥주,1,5000
2025-05-04,21:57,하이볼,1,7000
2025-05-04,22:00,하이볼,1,7000
2025-05-04,22:05,맥주,1,5000
2025-05-04,22:07,김치전,1,15000
2025-05-04,22:09,소주,1,5000
2025-05-04,22:11,소주,1,5000
2025-05-04,22:11,맥주,1,5000
2025-05-04,22:15,맥주,1,5000
2025-05-04,22:15,계란찜,1,7000
2025-05-04,22:17,맥주,1,5000
2025-05-04,22:23,계란찜,1,7000
2025-05-04,22:34,소주,1,5000
2025-05-04,22:35,계란찜,1,7000
2025-05-04,22:38,맥주,1,5000
2025-05-04,22:48,맥주,1,5000
2025-05-04,22:57,오돌뼈,1,17000
2025-05-04,23:03,소주,1,5000
2025-05-04,23:17,오돌뼈,1,17000
2025-05-04,23:17,계란찜,1,7000
2025-05-04,23:19,닭발,1,18000
2025-05-04,23:34,맥주,1,5000
2025-05-05,19:43,소주,1,5000
2025-05-05,19:49,오돌뼈,1,17000
2025-05-05,19:53,소주,1,5000
2025-05-05,19:54,닭발,1,18000
2025-05-05,20:02,하이볼,1,7000
2025-05-05,20:09,닭발,1,18000
2025-05-05,20:14,닭발,1,18000
2025-05-05,20:15,닭발,1,18000
2025-05-05,20:16,하이볼,1,7000
2025-05-05,20:26,맥주,1,5000
2025-05-05,20:28,김치전,1,15000
2025-05-05,20:28,계란찜,1,7000
2025-05-05,20:29,맥주,1,5000
2025-05-05,20:38,오돌뼈,1,17000
2025-05-05,20:40,소주,1,5000
2025-05-05,20:41,김치전,1,15000
2025-05-05,20:46,맥주,1,5000
2025-05-05,20:49,오돌뼈,1,17000
2025-05-05,20:50,소주,1,5000
2025-05-05,21:01,닭발,1,18000
2025-05-05,21:01,김치전,1,15000
2025-05-05,21:03,하이볼,1,7000
2025-05-05,21:04,계란찜,1,7000
2025-05-05,21:11,오돌뼈,1,17000
2025-05-05,21:17,맥주,1,5000
2025-05-05,21:21,하이볼,1,7000
2025-05-05,21:25,소주,1,5000
2025-05-05,21:28,김치전,1,15000
2025-05-05,21:31,소주,1,5000
2025-05-05,21:32,닭발,1,18000
2025-05-05,21:35,김치전,1,15000
2025-05-05,21:37,계란찜,1,7000
2025-05-05,21:41,오돌뼈,1,17000
2025-05-05,21:48,오돌뼈,1,17000
2025-05-05,21:51,맥주,1,5000
2025-05-05,21:51,닭발,1,18000
2025-05-05,21:52,소주,1,5000
2025-05-05,21:53,소주,1,5000
2025-05-05,21:53,하이볼,1,7000
2025-05-05,21:54,오돌뼈,1,17000
2025-05-05,21:59,오돌뼈,1,17000
2025-05-05,22:02,소주,1,5000
2025-05-05,22:09,소주,1,5000
2025-05-05,22:09,김치전,1,15000
2025-05-05,22:13,소주,1,5000
2025-05-05,22:19,소주,1,5000
2025-05-05,22:21,맥주,1,5000
2025-05-05,22:26,소주,1,5000
2025-05-05,22:27,소주,1,5000
2025-05-05,22:27,소주,1,5000
2025-05-05,22:30,맥주,1,5000
2025-05-05,22:33,맥주,1,5000
2025-05-05,22:42,닭발,1,18000
2025-05-05,22:43,김치전,1,15000
2025-05-05,22:45,오돌뼈,1,17000
2025-05-05,22:51,맥주,1,5000
2025-05-05,22:52,하이볼,1,7000
2025-05-05,22:57,소주,1,5000
2025-05-05,23:03,맥주,1,5000
2025-05-05,23:04,맥주,1,5000
2025-05-05,23:24,소주,1,5000
2025-05-05,23:25,맥주,1,5000
2025-05-05,23:39,계란찜,1,7000
2025-05-05,23:50,소주,1,5000
2025-05-06,19:06,하이볼,1,7000
2025-05-06,19:11,계란찜,1,7000
2025-05-06,19:20,소주,1,5000
2025-05-06,19:30,소주,1,5000
2025-05-06,19:40,하이볼,1,7000
2025-05-06,19:42,닭발,1,18000
2025-05-06,19:51,하이볼,1,7000
2025-05-06,20:02,하이볼,1,7000
2025-05-06,20:02,김치전,1,15000
2025-05-06,20:07,맥주,1,5000
2025-05-06,20:22,오돌뼈,1,17000
2025-05-06,20:23,소주,1,5000
2025-05-06,20:24,소주,1,5000
2025-05-06,20:26,하이볼,1,7000
2025-05-06,20:27,닭발,1,18000
2025-05-06,20:29,소주,1,5000
2025-05-06,20:29,맥주,1,5000
2025-05-06,20:32,닭발,1,18000
2025-05-06,20:33,소주,1,5000
2025-05-06,20:35,맥주,1,5000
2025-05-06,20:35,닭발,1,18000
2025-05-06,20:38,맥주,1,5000
2025-05-06,20:38,오돌뼈,1,17000
2025-05-06,20:41,소주,1,5000
2025-05-06,20:43,소주,1,5000
2025-05-06,20:47,소주,1,5000
2025-05-06,20:47,맥주,1,5000
2025-05-06,20:54,소주,1,5000
2025-05-06,20:55,맥주,1,5000
2025-05-06,20:56,김치전,1,15000
2025-05-06,20:57,맥주,1,5000
2025-05-06,20:57,김치전,1,15000
2025-05-06,21:00,맥주,1,5000
2025-05-06,21:01,소주,1,5000
2025-05-06,21:04,맥주,1,5000
2025-05-06,21:04,김치전,1,15000
2025-05-06,21:05,맥주,1,5000
2025-05-06,21:05,오돌뼈,1,17000
2025-05-06,21:07,닭발,1,18000
2025-05-06,21:10,맥주,1,5000
2025-05-06,21:11,맥주,1,5000
2025-05-06,21:13,맥주,1,5000
2025-05-06,21:15,하이볼,1,7000
2025-05-06,21:15,김치전,1,15000
2025-05-06,21:16,소주,1,5000
2025-05-06,21:21,맥주,1,5000
2025-05-06,21:22,닭발,1,18000
2025-05-06,21:23,소주,1,5000
2025-05-06,21:24,소주,1,5000
2025-05-06,21:25,오돌뼈,1,17000
2025-05-06,21:25,계란찜,1,7000
2025-05-06,21:26,오돌뼈,1,17000
2025-05-06,21:28,계란찜,1,7000
2025-05-06,21:30,맥주,1,5000
2025-05-06,21:31,하이볼,1,7000
2025-05-06,21:31,하이볼,1,7000
2025-05-06,21:32,소주,1,5000
2025-05-06,21:32,김치전,1,15000
2025-05-06,21:36,소주,1,5000
2025-05-06,21:37,맥주,1,5000
2025-05-06,21:44,소주,1,5000
2025-05-06,21:45,맥주,1,5000
2025-05-06,21:51,닭발,1,18000
2025-05-06,21:52,소주,1,5000
2025-05-06,21:59,닭발,1,18000
2025-05-06,22:00,하이볼,1,7000
2025-05-06,22:01,하이볼,1,7000
2025-05-06,22:04,맥주,1,5000
2025-05-06,22:05,오돌뼈,1,17000
2025-05-06,22:09,맥주,1,5000
2025-05-06,22:14,닭발,1,18000
2025-05-06,22:18,맥주,1,5000
2025-05-06,22:18,김치전,1,15000
2025-05-06,22:19,맥주,1,5000
2025-05-06,22:28,김치전,1,15000
2025-05-06,22:30,소주,1,5000
2025-05-06,22:31,소주,1,5000
2025-05-06,22:33,소주,1,5000
2025-05-06,22:37,계란찜,1,7000
2025-05-06,22:43,닭발,1,18000
2025-05-06,22:44,닭발,1,18000
2025-05-06,22:46,소주,1,5000
2025-05-06,22:48,소주,1,5000
2025-05-06,22:49,오돌뼈,1,17000
2025-05-06,22:50,소주,1,5000
2025-05-06,22:55,오돌뼈,1,17000
2025-05-06,22:58,계란찜,1,7000
2025-05-06,23:12,하이볼,1,7000
2025-05-06,23:13,오돌뼈,1,17000
2025-05-06,23:17,하이볼,1,7000
2025-05-06,23:25,맥주,1,5000
2025-05-06,23:28,김치전,1,15000
2025-05-06,23:46,계란찜,1,7000
2025-05-07,18:53,소주,1,5000
2025-05-07,19:12,김치전,1,15000
2025-05-07,19:20,하이볼,1,7000
2025-05-07,19:39,맥주,1,5000
2025-05-07,19:40,하이볼,1,7000
2025-05-07,19:49,김치전,1,15000
2025-05-07,19:55,맥주,1,5000
2025-05-07,19:58,계란찜,1,7000
2025-05-07,20:02,소주,1,5000
2025-05-07,20:04,소주,1,5000
2025-05-07,20:13,맥주,1,5000
2025-05-07,20:14,소주,1,5000
2025-05-07,20:18,소주,1,5000
2025-05-07,20:22,맥주,1,5000
2025-05-07,20:22,닭발,1,18000
2025-05-07,20:26,하이볼,1,7000
2025-05-07,20:27,소주,1,5000
2025-05-07,20:31,닭발,1,18000
2025-05-07,20:32,하이볼,1,7000
2025-05-07,20:33,하이볼,1,7000
2025-05-07,20:33,닭발,1,18000
2025-05-07,20:34,김치전,1,15000
2025-05-07,20:36,닭발,1,18000
2025-05-07,20:39,닭발,1,18000
2025-05-07,20:40,하이볼,1,7000
2025-05-07,20:44,맥주,1,5000
2025-05-07,20:45,하이볼,1,7000
2025-05-07,20:47,맥주,1,5000
2025-05-07,20:47,김치전,1,15000
2025-05-07,20:47,계란찜,1,7000
2025-05-07,20:50,닭발,1,18000
2025-05-07,20:50,김치전,1,15000
2025-05-07,20:51,소주,1,5000
2025-05-07,20:51,닭발,1,18000
2025-05-07,20:51,계란찜,1,7000
2025-05-07,20:52,맥주,1,5000
2025-05-07,20:53,소주,1,5000
2025-05-07,20:54,오돌뼈,1,17000
2025-05-07,20:56,하이볼,1,7000
2025-05-07,20:59,닭발,1,18000
2025-05-07,21:00,소주,1,5000
2025-05-07,21:00,오돌뼈,1,17000
2025-05-07,21:02,김치전,1,15000
2025-05-07,21:05,오돌뼈,1,17000
2025-05-07,21:06,오돌뼈,1,17000
2025-05-07,21:09,소주,1,5000
2025-05-07,21:12,소주,1,5000
2025-05-07,21:13,하이볼,1,7000
2025-05-07,21:14,맥주,1,5000
2025-05-07,21:15,맥주,1,5000
2025-05-07,21:17,소주,1,5000
2025-05-07,21:18,맥주,1,5000
2025-05-07,21:19,소주,1,5000
2025-05-07,21:19,맥주,1,5000
2025-05-07,21:19,닭발,1,18000
2025-05-07,21:20,닭발,1,18000
2025-05-07,21:21,맥주,1,5000
2025-05-07,21:22,오돌뼈,1,17000
2025-05-07,21:23,소주,1,5000
2025-05-07,21:23,하이볼,1,7000
2025-05-07,21:23,닭발,1,18000
2025-05-07,21:25,소주,1,5000
2025-05-07,21:25,오돌뼈,1,17000
2025-05-07,21:28,소주,1,5000
2025-05-07,21:30,계란찜,1,7000
2025-05-07,21:32,소주,1,5000
2025-05-07,21:35,맥주,1,5000
2025-05-07,21:35,맥주,1,5000
2025-05-07,21:41,맥주,1,5000
2025-05-07,21:42,하이볼,1,7000
2025-05-07,21:42,오돌뼈,1,17000
2025-05-07,21:45,맥주,1,5000
2025-05-07,21:46,맥주,1,5000
2025-05-07,21:47,계란찜,1,7000
2025-05-07,21:50,닭발,1,18000
2025-05-07,21:51,소주,1,5000
2025-05-07,21:51,소주,1,5000
2025-05-07,21:52,맥주,1,5000
2025-05-07,21:55,김치전,1,15000
2025-05-07,21:55,김치전,1,15000
2025-05-07,21:56,맥주,1,5000
2025-05-07,21:56,하이볼,1,7000
2025-05-07,21:58,오돌뼈,1,17000
2025-05-07,22:02,소주,1,5000
2025-05-07,22:03,오돌뼈,1,17000
2025-05-07,22:07,김치전,1,15000
2025-05-07,22:14,계란찜,1,7000
2025-05-07,22:17,맥주,1,5000
2025-05-07,22:20,소주,1,5000
2025-05-07,22:20,하이볼,1,7000
2025-05-07,22:21,맥주,1,5000
2025-05-07,22:23,소주,1,5000
2025-05-07,22:23,오돌뼈,1,17000
2025-05-07,22:25,소주,1,5000
2025-05-07,22:30,소주,1,5000
2025-05-07,22:35,김치전,1,15000
2025-05-07,22:42,맥주,1,5000
2025-05-07,22:43,오돌뼈,1,17000
2025-05-07,22:43,김치전,1,15000
2025-05-07,22:48,소주,1,5000
2025-05-07,22:48,계란찜,1,7000
2025-05-07,22:51,소주,1,5000
2025-05-07,22:52,맥주,1,5000
2025-05-07,22:52,김치전,1,15000
2025-05-07,22:53,오돌뼈,1,17000
2025-05-07,23:01,소주,1,5000
2025-05-07,23:06,오돌뼈,1,17000
2025-05-07,23:10,맥주,1,5000
2025-05-07,23:12,닭발,1,18000
2025-05-07,23:26,소주,1,5000
2025-05-07,23:27,닭발,1,18000
2025-05-07,23:33,계란찜,1,7000
2025-05-07,23:35,소주,1,5000
2025-05-07,23:36,소주,1,5000
2025-05-07,23:42,소주,1,5000
2025-05-07,23:46,맥주,1,5000
2025-05-07,23:50,하이볼,1,7000
2025-05-07,23:50,닭발,1,18000
2025-05-08,19:08,닭발,1,18000
2025-05-08,19:28,맥주,1,5000
2025-05-08,19:34,오돌뼈,1,17000
2025-05-08,19:36,계란찜,1,7000
2025-05-08,19:43,소주,1,5000
2025-05-08,19:43,소주,1,5000
2025-05-08,19:56,김치전,1,15000
2025-05-08,19:58,맥주,1,5000
2025-05-08,20:02,소주,1,5000
2025-05-08,20:04,닭발,1,18000
2025-05-08,20:07,맥주,1,5000
2025-05-08,20:08,맥주,1,5000
2025-05-08,20:19,소주,1,5000
2025-05-08,20:31,오돌뼈,1,17000
2025-05-08,20:31,김치전,1,15000
2025-05-08,20:34,닭발,1,18000
2025-05-08,20:38,닭발,1,18000
2025-05-08,20:40,소주,1,5000
2025-05-08,20:41,닭발,1,18000
2025-05-08,20:43,닭발,1,18000
2025-05-08,20:45,닭발,1,18000
2025-05-08,20:47,소주,1,5000
2025-05-08,20:48,오돌뼈,1,17000
2025-05-08,20:55,닭발,1,18000
2025-05-08,20:58,소주,1,5000
2025-05-08,21:02,오돌뼈,1,17000
2025-05-08,21:03,맥주,1,5000
2025-05-08,21:03,계란찜,1,7000
2025-05-08,21:05,맥주,1,5000
2025-05-08,21:05,맥주,1,5000
2025-05-08,21:07,맥주,1,5000
2025-05-08,21:07,맥주,1,5000
2025-05-08,21:09,하이볼,1,7000
2025-05-08,21:10,맥주,1,5000
2025-05-08,21:11,하이볼,1,7000
2025-05-08,21:11,오돌뼈,1,17000
2025-05-08,21:12,소주,1,5000
2025-05-08,21:12,오돌뼈,1,17000
2025-05-08,21:13,김치전,1,15000
2025-05-08,21:14,하이볼,1,7000
2025-05-08,21:15,맥주,1,5000
2025-05-08,21:17,김치전,1,15000
2025-05-08,21:18,소주,1,5000
2025-05-08,21:20,맥주,1,5000
2025-05-08,21:21,소주,1,5000
2025-05-08,21:22,소주,1,5000
2025-05-08,21:25,소주,1,5000
2025-05-08,21:25,소주,1,5000
2025-05-08,21:25,김치전,1,15000
2025-05-08,21:27,소주,1,5000
2025-05-08,21:28,하이볼,1,7000
2025-05-08,21:29,하이볼,1,7000
2025-05-08,21:30,소주,1,5000
2025-05-08,21:35,김치전,1,15000
2025-05-08,21:36,하이볼,1,7000
2025-05-08,21:43,소주,1,5000
2025-05-08,21:44,김치전,1,15000
2025-05-08,21:46,소주,1,5000
2025-05-08,21:48,소주,1,5000
2025-05-08,21:48,오돌뼈,1,17000
2025-05-08,21:56,소주,1,5000
2025-05-08,21:56,하이볼,1,7000
2025-05-08,21:57,하이볼,1,7000
2025-05-08,21:58,소주,1,5000
2025-05-08,22:00,닭발,1,18000
2025-05-08,22:01,닭발,1,18000
2025-05-08,22:05,맥주,1,5000
2025-05-08,22:06,맥주,1,5000
2025-05-08,22:10,소주,1,5000
2025-05-08,22:10,소주,1,5000
2025-05-08,22:10,계란찜,1,7000
2025-05-08,22:10,계란찜,1,7000
2025-05-08,22:14,오돌뼈,1,17000
2025-05-08,22:16,맥주,1,5000
2025-05-08,22:17,소주,1,5000
2025-05-08,22:17,계란찜,1,7000
2025-05-08,22:18,맥주,1,5000
2025-05-08,22:19,맥주,1,5000
2025-05-08,22:20,닭발,1,18000
2025-05-08,22:24,맥주,1,5000
2025-05-08,22:27,오돌뼈,1,17000
2025-05-08,22:31,김치전,1,15000
2025-05-08,22:34,김치전,1,15000
2025-05-08,22:34,계란찜,1,7000
2025-05-08,22:38,맥주,1,5000
2025-05-08,22:44,오돌뼈,1,17000
2025-05-08,22:52,하이볼,1,7000
2025-05-08,22:53,소주,1,5000
2025-05-08,22:57,맥주,1,5000
2025-05-08,22:58,하이볼,1,7000
2025-05-08,23:00,하이볼,1,7000
2025-05-08,23:05,김치전,1,15000
2025-05-08,23:08,맥주,1,5000
2025-05-08,23:14,닭발,1,18000
2025-05-08,23:17,소주,1,5000
2025-05-08,23:33,하이볼,1,7000
2025-05-08,23:38,닭발,1,18000
2025-05-09,18:52,소주,1,5000
2025-05-09,19:24,하이볼,1,7000
2025-05-09,19:31,김치전,1,15000
2025-05-09,19:32,맥주,1,5000
2025-05-09,19:32,계란찜,1,7000
2025-05-09,19:38,맥주,1,5000
2025-05-09,19:39,닭발,1,18000
2025-05-09,19:52,소주,1,5000
2025-05-09,19:53,계란찜,1,7000
2025-05-09,19:56,맥주,1,5000
2025-05-09,20:00,소주,1,5000
2025-05-09,20:08,맥주,1,5000
2025-05-09,20:09,맥주,1,5000
2025-05-09,20:18,소주,1,5000
2025-05-09,20:19,소주,1,5000
2025-05-09,20:21,김치전,1,15000
2025-05-09,20:27,소주,1,5000
2025-05-09,20:28,맥주,1,5000
2025-05-09,20:29,소주,1,5000
2025-05-09,20:29,닭발,1,18000
2025-05-09,20:31,소주,1,5000
2025-05-09,20:31,맥주,1,5000
2025-05-09,20:36,소주,1,5000
2025-05-09,20:38,맥주,1,5000
2025-05-09,20:38,계란찜,1,7000
2025-05-09,20:39,김치전,1,15000
2025-05-09,20:40,오돌뼈,1,17000
2025-05-09,20:42,하이볼,1,7000
2025-05-09,20:48,맥주,1,5000
2025-05-09,20:48,맥주,1,5000
2025-05-09,20:50,하이볼,1,7000
2025-05-09,20:51,오돌뼈,1,17000
2025-05-09,20:54,맥주,1,5000
2025-05-09,20:54,오돌뼈,1,17000
2025-05-09,20:59,계란찜,1,7000
2025-05-09,21:00,소주,1,5000
2025-05-09,21:01,닭발,1,18000
2025-05-09,21:02,맥주,1,5000
2025-05-09,21:04,닭발,1,18000
2025-05-09,21:05,맥주,1,5000
2025-05-09,21:08,김치전,1,15000
2025-05-09,21:09,소주,1,5000
2025-05-09,21:09,하이볼,1,7000
2025-05-09,21:09,닭발,1,18000
2025-05-09,21:10,소주,1,5000
2025-05-09,21:10,하이볼,1,7000
2025-05-09,21:10,오돌뼈,1,17000
2025-05-09,21:11,닭발,1,18000
2025-05-09,21:13,닭발,1,18000
2025-05-09,21:15,맥주,1,5000
2025-05-09,21:17,맥주,1,5000
2025-05-09,21:20,하이볼,1,7000
2025-05-09,21:21,소주,1,5000
2025-05-09,21:23,오돌뼈,1,17000
2025-05-09,21:23,계란찜,1,7000
2025-05-09,21:24,소주,1,5000
2025-05-09,21:25,소주,1,5000
2025-05-09,21:25,맥주,1,5000
2025-05-09,21:25,하이볼,1,7000
2025-05-09,21:25,하이볼,1,7000
2025-05-09,21:28,소주,1,5000
2025-05-09,21:28,하이볼,1,7000
2025-05-09,21:29,맥주,1,5000
2025-05-09,21:29,하이볼,1,7000
2025-05-09,21:29,하이볼,1,7000
2025-05-09,21:30,소주,1,5000
2025-05-09,21:32,닭발,1,18000
2025-05-09,21:34,김치전,1,15000
2025-05-09,21:37,소주,1,5000
2025-05-09,21:38,하이볼,1,7000
2025-05-09,21:38,닭발,1,18000
2025-05-09,21:38,닭발,1,18000
2025-05-09,21:38,닭발,1,18000
2025-05-09,21:40,맥주,1,5000
2025-05-09,21:40,닭발,1,18000
2025-05-09,21:41,소주,1,5000
2025-05-09,21:41,오돌뼈,1,17000
2025-05-09,21:42,소주,1,5000
2025-05-09,21:43,맥주,1,5000
2025-05-09,21:45,닭발,1,18000
2025-05-09,21:45,계란찜,1,7000
2025-05-09,21:46,소주,1,5000
2025-05-09,21:48,소주,1,5000
2025-05-09,21:50,오돌뼈,1,17000
2025-05-09,21:51,김치전,1,15000
2025-05-09,21:51,계란찜,1,7000
2025-05-09,21:52,맥주,1,5000
2025-05-09,21:52,오돌뼈,1,17000
2025-05-09,21:55,하이볼,1,7000
2025-05-09,21:56,소주,1,5000
2025-05-09,21:57,오돌뼈,1,17000
2025-05-09,22:01,맥주,1,5000
2025-05-09,22:01,오돌뼈,1,17000
2025-05-09,22:02,맥주,1,5000
2025-05-09,22:03,닭발,1,18000
2025-05-09,22:06,맥주,1,5000
2025-05-09,22:09,소주,1,5000
2025-05-09,22:09,오돌뼈,1,17000
2025-05-09,22:10,소주,1,5000
2025-05-09,22:15,소주,1,5000
2025-05-09,22:15,소주,1,5000
2025-05-09,22:15,김치전,1,15000
2025-05-09,22:17,소주,1,5000
2025-05-09,22:19,하이볼,1,7000
2025-05-09,22:21,하이볼,1,7000
2025-05-09,22:23,맥주,1,5000
2025-05-09,22:23,맥주,1,5000
2025-05-09,22:24,하이볼,1,7000
2025-05-09,22:25,소주,1,5000
2025-05-09,22:25,계란찜,1,7000
2025-05-09,22:26,맥주,1,5000
2025-05-09,22:33,오돌뼈,1,17000
2025-05-09,22:36,김치전,1,15000
2025-05-09,22:37,닭발,1,18000
2025-05-09,22:41,맥주,1,5000
2025-05-09,22:42,김치전,1,15000
2025-05-09,22:42,계란찜,1,7000
2025-05-09,22:47,닭발,1,18000
2025-05-09,22:52,닭발,1,18000
2025-05-09,22:55,소주,1,5000
2025-05-09,23:01,하이볼,1,7000
2025-05-09,23:01,김치전,1,15000
2025-05-09,23:04,소주,1,5000
2025-05-09,23:05,소주,1,5000
2025-05-09,23:06,닭발,1,18000
2025-05-09,23:06,계란찜,1,7000
2025-05-09,23:09,하이볼,1,7000
2025-05-09,23:13,소주,1,5000
2025-05-09,23:13,오돌뼈,1,17000
2025-05-09,23:15,소주,1,5000
2025-05-09,23:21,맥주,1,5000
2025-05-09,23:26,김치전,1,15000
2025-05-09,23:26,계란찜,1,7000
2025-05-09,23:50,맥주,1,5000
2025-05-09,23:50,맥주,1,5000
2025-05-09,23:50,닭발,1,18000
2025-05-09,23:50,계란찜,1,7000
2025-05-10,19:12,오돌뼈,1,17000
2025-05-10,19:19,하이볼,1,7000
2025-05-10,19:24,소주,1,5000
2025-05-10,19:33,하이볼,1,7000
2025-05-10,19:43,김치전,1,15000
2025-05-10,19:50,오돌뼈,1,17000
2025-05-10,19:52,김치전,1,15000
2025-05-10,19:54,소주,1,5000
2025-05-10,19:59,맥주,1,5000
2025-05-10,20:00,닭발,1,18000
2025-05-10,20:00,계란찜,1,7000
2025-05-10,20:03,소주,1,5000
2025-05-10,20:09,맥주,1,5000
2025-05-10,20:09,김치전,1,15000
2025-05-10,20:12,맥주,1,5000
2025-05-10,20:13,소주,1,5000
2025-05-10,20:18,소주,1,5000
2025-05-10,20:19,소주,1,5000
2025-05-10,20:20,소주,1,5000
2025-05-10,20:21,소주,1,5000
2025-05-10,20:21,맥주,1,5000
2025-05-10,20:21,닭발,1,18000
2025-05-10,20:25,소주,1,5000
2025-05-10,20:27,소주,1,5000
2025-05-10,20:27,맥주,1,5000
2025-05-10,20:29,소주,1,5000
2025-05-10,20:34,김치전,1,15000
2025-05-10,20:38,소주,1,5000
2025-05-10,20:41,맥주,1,5000
2025-05-10,20:41,닭발,1,18000
2025-05-10,20:42,소주,1,5000
2025-05-10,20:43,하이볼,1,7000
2025-05-10,20:45,닭발,1,18000
2025-05-10,20:48,닭발,1,18000
2025-05-10,20:48,계란찜,1,7000
2025-05-10,20:49,하이볼,1,7000
2025-05-10,20:50,오돌뼈,1,17000
2025-05-10,20:53,소주,1,5000
2025-05-10,20:55,오돌뼈,1,17000
2025-05-10,20:56,닭발,1,18000
2025-05-10,20:58,맥주,1,5000
2025-05-10,20:58,계란찜,1,7000
2025-05-10,20:59,김치전,1,15000
2025-05-10,21:00,닭발,1,18000
2025-05-10,21:01,맥주,1,5000
2025-05-10,21:01,오돌뼈,1,17000
2025-05-10,21:03,하이볼,1,7000
2025-05-10,21:03,닭발,1,18000
2025-05-10,21:03,오돌뼈,1,17000
2025-05-10,21:06,맥주,1,5000
2025-05-10,21:08,계란찜,1,7000
2025-05-10,21:10,소주,1,5000
2025-05-10,21:10,소주,1,5000
2025-05-10,21:10,맥주,1,5000
2025-05-10,21:12,오돌뼈,1,17000
2025-05-10,21:13,오돌뼈,1,17000
2025-05-10,21:17,닭발,1,18000
2025-05-10,21:17,김치전,1,15000
2025-05-10,21:18,소주,1,5000
2025-05-10,21:19,소주,1,5000
2025-05-10,21:19,김치전,1,15000
2025-05-10,21:20,소주,1,5000
2025-05-10,21:20,소주,1,5000
2025-05-10,21:20,오돌뼈,1,17000
2025-05-10,21:23,소주,1,5000
2025-05-10,21:23,맥주,1,5000
2025-05-10,21:23,김치전,1,15000
2025-05-10,21:24,소주,1,5000
2025-05-10,21:25,맥주,1,5000
2025-05-10,21:26,김치전,1,15000
2025-05-10,21:28,오돌뼈,1,17000
2025-05-10,21:29,하이볼,1,7000
2025-05-10,21:30,소주,1,5000
2025-05-10,21:30,하이볼,1,7000
2025-05-10,21:30,계란찜,1,7000
2025-05-10,21:33,닭발,1,18000
2025-05-10,21:33,김치전,1,15000
2025-05-10,21:34,소주,1,5000
2025-05-10,21:34,맥주,1,5000
2025-05-10,21:34,하이볼,1,7000
2025-05-10,21:35,소주,1,5000
2025-05-10,21:35,맥주,1,5000
2025-05-10,21:35,하이볼,1,7000
2025-05-10,21:35,닭발,1,18000
2025-05-10,21:36,계란찜,1,7000
2025-05-10,21:39,소주,1,5000
2025-05-10,21:39,계란찜,1,7000
2025-05-10,21:39,계란찜,1,7000
2025-05-10,21:40,오돌뼈,1,17000
2025-05-10,21:41,맥주,1,5000
2025-05-10,21:44,맥주,1,5000
2025-05-10,21:45,하이볼,1,7000
2025-05-10,21:47,맥주,1,5000
2025-05-10,21:47,맥주,1,5000
2025-05-10,21:47,하이볼,1,7000
2025-05-10,21:47,하이볼,1,7000
2025-05-10,21:47,닭발,1,18000
2025-05-10,21:48,맥주,1,5000
2025-05-10,21:48,맥주,1,5000
2025-05-10,21:49,소주,1,5000
2025-05-10,21:50,닭발,1,18000
2025-05-10,21:50,닭발,1,18000
2025-05-10,21:50,김치전,1,15000
2025-05-10,21:52,소주,1,5000
2025-05-10,21:54,맥주,1,5000
2025-05-10,21:54,맥주,1,5000
2025-05-10,21:54,닭발,1,18000
2025-05-10,21:55,소주,1,5000
2025-05-10,21:57,소주,1,5000
2025-05-10,21:57,닭발,1,18000
2025-05-10,21:57,닭발,1,18000
2025-05-10,21:58,소주,1,5000
2025-05-10,22:02,맥주,1,5000
2025-05-10,22:04,맥주,1,5000
2025-05-10,22:04,하이볼,1,7000
2025-05-10,22:05,계란찜,1,7000
2025-05-10,22:07,소주,1,5000
2025-05-10,22:07,맥주,1,5000
2025-05-10,22:07,닭발,1,18000
2025-05-10,22:09,닭발,1,18000
2025-05-10,22:09,김치전,1,15000
2025-05-10,22:11,김치전,1,15000
2025-05-10,22:13,맥주,1,5000
2025-05-10,22:13,계란찜,1,7000
2025-05-10,22:17,오돌뼈,1,17000
2025-05-10,22:21,맥주,1,5000
2025-05-10,22:27,맥주,1,5000
2025-05-10,22:29,하이볼,1,7000
2025-05-10,22:30,닭발,1,18000
2025-05-10,22:31,오돌뼈,1,17000
2025-05-10,22:31,김치전,1,15000
2025-05-10,22:33,닭발,1,18000
2025-05-10,22:37,계란찜,1,7000
2025-05-10,22:39,소주,1,5000
2025-05-10,22:42,김치전,1,15000
2025-05-10,22:43,소주,1,5000
2025-05-10,22:43,오돌뼈,1,17000
2025-05-10,22:44,맥주,1,5000
2025-05-10,22:44,오돌뼈,1,17000
2025-05-10,22:45,맥주,1,5000
2025-05-10,22:45,오돌뼈,1,17000
2025-05-10,22:47,오돌뼈,1,17000
2025-05-10,22:51,닭발,1,18000
2025-05-10,22:58,맥주,1,5000
2025-05-10,23:05,맥주,1,5000
2025-05-10,23:10,소주,1,5000
2025-05-10,23:18,계란찜,1,7000
2025-05-10,23:19,계란찜,1,7000
2025-05-10,23:24,소주,1,5000
2025-05-10,23:29,하이볼,1,7000
2025-05-10,23:33,닭발,1,18000
2025-05-10,23:36,하이볼,1,7000
2025-05-10,23:48,맥주,1,5000
2025-05-10,23:50,소주,1,5000
2025-05-11,19:30,하이볼,1,7000
2025-05-11,19:41,소주,1,5000
2025-05-11,19:41,닭발,1,18000
2025-05-11,19:43,하이볼,1,7000
2025-05-11,19:48,소주,1,5000
2025-05-11,19:48,소주,1,5000
2025-05-11,19:49,닭발,1,18000
2025-05-11,19:53,맥주,1,5000
2025-05-11,19:59,소주,1,5000
2025-05-11,20:22,오돌뼈,1,17000
2025-05-11,20:26,소주,1,5000
2025-05-11,20:29,맥주,1,5000
2025-05-11,20:30,닭발,1,18000
2025-05-11,20:37,소주,1,5000
2025-05-11,20:37,소주,1,5000
2025-05-11,20:41,하이볼,1,7000
2025-05-11,20:43,소주,1,5000
2025-05-11,20:44,소주,1,5000
2025-05-11,20:46,오돌뼈,1,17000
2025-05-11,20:52,맥주,1,5000
2025-05-11,20:57,맥주,1,5000
2025-05-11,20:59,맥주,1,5000
2025-05-11,21:01,김치전,1,15000
2025-05-11,21:04,맥주,1,5000
2025-05-11,21:05,계란찜,1,7000
2025-05-11,21:17,소주,1,5000
2025-05-11,21:19,소주,1,5000
2025-05-11,21:24,맥주,1,5000
2025-05-11,21:26,소주,1,5000
2025-05-11,21:28,하이볼,1,7000
2025-05-11,21:36,하이볼,1,7000
2025-05-11,21:38,맥주,1,5000
2025-05-11,21:38,오돌뼈,1,17000
2025-05-11,21:43,소주,1,5000
2025-05-11,21:44,소주,1,5000
2025-05-11,21:48,닭발,1,18000
2025-05-11,21:51,맥주,1,5000
2025-05-11,21:52,하이볼,1,7000
2025-05-11,21:53,오돌뼈,1,17000
2025-05-11,22:00,계란찜,1,7000
2025-05-11,22:01,하이볼,1,7000
2025-05-11,22:05,오돌뼈,1,17000
2025-05-11,22:10,맥주,1,5000
2025-05-11,22:11,닭발,1,18000
2025-05-11,22:16,김치전,1,15000
2025-05-11,22:17,오돌뼈,1,17000
2025-05-11,22:17,계란찜,1,7000
2025-05-11,22:22,하이볼,1,7000
2025-05-11,22:32,계란찜,1,7000
2025-05-11,22:34,김치전,1,15000
2025-05-11,22:38,오돌뼈,1,17000
2025-05-11,22:41,맥주,1,5000
2025-05-11,22:42,닭발,1,18000
2025-05-11,22:44,맥주,1,5000
2025-05-11,22:44,닭발,1,18000
2025-05-11,22:46,김치전,1,15000
2025-05-11,22:47,오돌뼈,1,17000
2025-05-11,22:51,하이볼,1,7000
2025-05-11,23:03,맥주,1,5000
2025-05-11,23:06,오돌뼈,1,17000
2025-05-11,23:17,소주,1,5000
2025-05-11,23:21,닭발,1,18000
2025-05-11,23:36,맥주,1,5000
2025-05-11,23:37,소주,1,5000
2025-05-11,23:44,김치전,1,15000
2025-05-11,23:50,소주,1,5000
2025-05-11,23:50,닭발,1,18000
2025-05-12,18:58,계란찜,1,7000
2025-05-12,19:32,닭발,1,18000
2025-05-12,19:39,하이볼,1,7000
2025-05-12,19:39,김치전,1,15000
2025-05-12,19:44,오돌뼈,1,17000
2025-05-12,19:45,닭발,1,18000
2025-05-12,19:45,닭발,1,18000
2025-05-12,19:58,소주,1,5000
2025-05-12,20:05,소주,1,5000
2025-05-12,20:10,하이볼,1,7000
2025-05-12,20:11,맥주,1,5000
2025-05-12,20:12,김치전,1,15000
2025-05-12,20:12,계란찜,1,7000
2025-05-12,20:13,계란찜,1,7000
2025-05-12,20:15,소주,1,5000
2025-05-12,20:15,계란찜,1,7000
2025-05-12,20:22,소주,1,5000
2025-05-12,20:28,소주,1,5000
2025-05-12,20:29,소주,1,5000
2025-05-12,20:30,맥주,1,5000
2025-05-12,20:34,소주,1,5000
2025-05-12,20:36,맥주,1,5000
2025-05-12,20:38,소주,1,5000
2025-05-12,20:39,소주,1,5000
2025-05-12,20:43,맥주,1,5000
2025-05-12,20:47,닭발,1,18000
2025-05-12,20:54,소주,1,5000
2025-05-12,20:55,오돌뼈,1,17000
2025-05-12,21:03,소주,1,5000
2025-05-12,21:04,소주,1,5000
2025-05-12,21:04,김치전,1,15000
2025-05-12,21:05,소주,1,5000
2025-05-12,21:06,소주,1,5000
2025-05-12,21:10,닭발,1,18000
2025-05-12,21:11,맥주,1,5000
2025-05-12,21:11,닭발,1,18000
2025-05-12,21:13,김치전,1,15000
2025-05-12,21:15,오돌뼈,1,17000
2025-05-12,21:16,오돌뼈,1,17000
2025-05-12,21:17,맥주,1,5000
2025-05-12,21:19,하이볼,1,7000
2025-05-12,21:21,소주,1,5000
2025-05-12,21:21,맥주,1,5000
2025-05-12,21:24,김치전,1,15000
2025-05-12,21:30,오돌뼈,1,17000
2025-05-12,21:32,맥주,1,5000
2025-05-12,21:33,맥주,1,5000
2025-05-12,21:34,소주,1,5000
2025-05-12,21:35,소주,1,5000
2025-05-12,21:36,소주,1,5000
2025-05-12,21:38,소주,1,5000
2025-05-12,21:41,소주,1,5000
2025-05-12,21:43,하이볼,1,7000
2025-05-12,21:43,계란찜,1,7000
2025-05-12,21:46,맥주,1,5000
2025-05-12,21:46,김치전,1,15000
2025-05-12,21:47,소주,1,5000
2025-05-12,21:48,맥주,1,5000
2025-05-12,21:51,오돌뼈,1,17000
2025-05-12,21:53,소주,1,5000
2025-05-12,21:53,오돌뼈,1,17000
2025-05-12,21:55,오돌뼈,1,17000
2025-05-12,21:57,하이볼,1,7000
2025-05-12,21:58,맥주,1,5000
2025-05-12,21:59,소주,1,5000
2025-05-12,21:59,하이볼,1,7000
2025-05-12,22:02,소주,1,5000
2025-05-12,22:03,소주,1,5000
2025-05-12,22:03,닭발,1,18000
2025-05-12,22:04,오돌뼈,1,17000
2025-05-12,22:04,김치전,1,15000
2025-05-12,22:05,맥주,1,5000
2025-05-12,22:05,하이볼,1,7000
2025-05-12,22:06,맥주,1,5000
2025-05-12,22:07,맥주,1,5000
2025-05-12,22:09,소주,1,5000
2025-05-12,22:12,닭발,1,18000
2025-05-12,22:12,닭발,1,18000
2025-05-12,22:13,맥주,1,5000
2025-05-12,22:13,닭발,1,18000
2025-05-12,22:15,맥주,1,5000
2025-05-12,22:16,소주,1,5000
2025-05-12,22:21,맥주,1,5000
2025-05-12,22:22,맥주,1,5000
2025-05-12,22:23,닭발,1,18000
2025-05-12,22:24,닭발,1,18000
2025-05-12,22:25,하이볼,1,7000
2025-05-12,22:29,김치전,1,15000
2025-05-12,22:32,닭발,1,18000
2025-05-12,22:33,소주,1,5000
2025-05-12,22:33,맥주,1,5000
2025-05-12,22:33,김치전,1,15000
2025-05-12,22:34,계란찜,1,7000
2025-05-12,22:35,맥주,1,5000
2025-05-12,22:36,오돌뼈,1,17000
2025-05-12,22:37,소주,1,5000
2025-05-12,22:38,맥주,1,5000
2025-05-12,22:40,소주,1,5000
2025-05-12,22:41,소주,1,5000
2025-05-12,22:42,맥주,1,5000
2025-05-12,22:52,오돌뼈,1,17000
2025-05-12,22:52,계란찜,1,7000
2025-05-12,23:05,소주,1,5000
2025-05-12,23:05,맥주,1,5000
2025-05-12,23:05,김치전,1,15000
2025-05-12,23:05,계란찜,1,7000
2025-05-12,23:06,소주,1,5000
2025-05-12,23:11,하이볼,1,7000
2025-05-12,23:13,하이볼,1,7000
2025-05-12,23:19,김치전,1,15000
2025-05-12,23:21,소주,1,5000
2025-05-12,23:23,맥주,1,5000
2025-05-12,23:25,하이볼,1,7000
2025-05-12,23:39,맥주,1,5000
2025-05-12,23:49,하이볼,1,7000
2025-05-12,23:50,소주,1,5000
2025-05-12,23:50,맥주,1,5000
2025-05-12,23:50,맥주,1,5000
2025-05-12,23:50,닭발,1,18000
2025-05-13,19:01,닭발,1,18000
2025-05-13,19:15,김치전,1,15000
2025-05-13,19:25,닭발,1,18000
2025-05-13,19:35,소주,1,5000
2025-05-13,19:44,하이볼,1,7000
2025-05-13,19:45,오돌뼈,1,17000
2025-05-13,19:45,오돌뼈,1,17000
2025-05-13,19:45,김치전,1,15000
2025-05-13,19:47,계란찜,1,7000
2025-05-13,19:53,하이볼,1,7000
2025-05-13,20:00,소주,1,5000
2025-05-13,20:01,하이볼,1,7000
2025-05-13,20:03,소주,1,5000
2025-05-13,20:03,맥주,1,5000
2025-05-13,20:07,소주,1,5000
2025-05-13,20:08,소주,1,5000
2025-05-13,20:09,하이볼,1,7000
2025-05-13,20:09,닭발,1,18000
2025-05-13,20:12,소주,1,5000
2025-05-13,20:13,맥주,1,5000
2025-05-13,20:17,닭발,1,18000
2025-05-13,20:19,하이볼,1,7000
2025-05-13,20:21,맥주,1,5000
2025-05-13,20:24,닭발,1,18000
2025-05-13,20:24,닭발,1,18000
2025-05-13,20:26,하이볼,1,7000
2025-05-13,20:26,계란찜,1,7000
2025-05-13,20:27,하이볼,1,7000
2025-05-13,20:34,소주,1,5000
2025-05-13,20:34,하이볼,1,7000
2025-05-13,20:34,하이볼,1,7000
2025-05-13,20:34,계란찜,1,7000
2025-05-13,20:35,소주,1,5000
2025-05-13,20:36,오돌뼈,1,17000
2025-05-13,20:37,소주,1,5000
2025-05-13,20:37,오돌뼈,1,17000
2025-05-13,20:39,소주,1,5000
2025-05-13,20:40,소주,1,5000
2025-05-13,20:44,맥주,1,5000
2025-05-13,20:44,맥주,1,5000
2025-05-13,20:45,닭발,1,18000
2025-05-13,20:46,하이볼,1,7000
2025-05-13,20:46,닭발,1,18000
2025-05-13,20:49,소주,1,5000
2025-05-13,20:49,오돌뼈,1,17000
2025-05-13,20:50,계란찜,1,7000
2025-05-13,20:51,닭발,1,18000
2025-05-13,20:52,닭발,1,18000
2025-05-13,20:55,맥주,1,5000
2025-05-13,20:55,맥주,1,5000
2025-05-13,20:56,소주,1,5000
2025-05-13,21:03,맥주,1,5000
2025-05-13,21:03,오돌뼈,1,17000
2025-05-13,21:05,맥주,1,5000
2025-05-13,21:06,닭발,1,18000
2025-05-13,21:06,김치전,1,15000
2025-05-13,21:09,닭발,1,18000
2025-05-13,21:10,닭발,1,18000
2025-05-13,21:13,맥주,1,5000
2025-05-13,21:14,맥주,1,5000
2025-05-13,21:15,소주,1,5000
2025-05-13,21:15,닭발,1,18000
2025-05-13,21:15,오돌뼈,1,17000
2025-05-13,21:17,맥주,1,5000
2025-05-13,21:17,맥주,1,5000
2025-05-13,21:17,오돌뼈,1,17000
2025-05-13,21:21,맥주,1,5000
2025-05-13,21:21,닭발,1,18000
2025-05-13,21:22,소주,1,5000
2025-05-13,21:23,소주,1,5000
2025-05-13,21:25,소주,1,5000
2025-05-13,21:25,맥주,1,5000
2025-05-13,21:29,소주,1,5000
2025-05-13,21:29,오돌뼈,1,17000
2025-05-13,21:29,계란찜,1,7000
2025-05-13,21:31,소주,1,5000
2025-05-13,21:33,소주,1,5000
2025-05-13,21:35,맥주,1,5000
2025-05-13,21:38,닭발,1,18000
2025-05-13,21:39,소주,1,5000
2025-05-13,21:40,김치전,1,15000
2025-05-13,21:42,소주,1,5000
2025-05-13,21:43,오돌뼈,1,17000
2025-05-13,21:44,오돌뼈,1,17000
2025-05-13,21:46,맥주,1,5000
2025-05-13,21:46,맥주,1,5000
2025-05-13,21:46,하이볼,1,7000
2025-05-13,21:48,맥주,1,5000
2025-05-13,21:48,김치전,1,15000
2025-05-13,21:51,맥주,1,5000
2025-05-13,21:52,계란찜,1,7000
2025-05-13,21:53,소주,1,5000
2025-05-13,21:54,소주,1,5000
2025-05-13,21:54,소주,1,5000
2025-05-13,21:54,하이볼,1,7000
2025-05-13,21:55,하이볼,1,7000
2025-05-13,21:58,오돌뼈,1,17000
2025-05-13,21:59,소주,1,5000
2025-05-13,22:00,소주,1,5000
2025-05-13,22:04,소주,1,5000
2025-05-13,22:04,하이볼,1,7000
2025-05-13,22:06,소주,1,5000
2025-05-13,22:07,소주,1,5000
2025-05-13,22:08,맥주,1,5000
2025-05-13,22:08,하이볼,1,7000
2025-05-13,22:09,소주,1,5000
2025-05-13,22:10,소주,1,5000
2025-05-13,22:11,맥주,1,5000
2025-05-13,22:11,맥주,1,5000
2025-05-13,22:12,소주,1,5000
2025-05-13,22:12,계란찜,1,7000
2025-05-13,22:14,소주,1,5000
2025-05-13,22:14,맥주,1,5000
2025-05-13,22:14,닭발,1,18000
2025-05-13,22:14,김치전,1,15000
2025-05-13,22:16,오돌뼈,1,17000
2025-05-13,22:16,오돌뼈,1,17000
2025-05-13,22:17,맥주,1,5000
2025-05-13,22:18,맥주,1,5000
2025-05-13,22:19,소주,1,5000
2025-05-13,22:21,하이볼,1,7000
2025-05-13,22:22,닭발,1,18000
2025-05-13,22:24,하이볼,1,7000
2025-05-13,22:24,김치전,1,15000
2025-05-13,22:25,소주,1,5000
2025-05-13,22:27,소주,1,5000
2025-05-13,22:27,맥주,1,5000
2025-05-13,22:27,계란찜,1,7000
2025-05-13,22:28,맥주,1,5000
2025-05-13,22:29,맥주,1,5000
2025-05-13,22:29,오돌뼈,1,17000
2025-05-13,22:29,김치전,1,15000
2025-05-13,22:29,계란찜,1,7000
2025-05-13,22:31,맥주,1,5000
2025-05-13,22:34,하이볼,1,7000
2025-05-13,22:35,하이볼,1,7000
2025-05-13,22:35,김치전,1,15000
2025-05-13,22:37,맥주,1,5000
2025-05-13,22:38,소주,1,5000
2025-05-13,22:41,맥주,1,5000
2025-05-13,22:41,계란찜,1,7000
2025-05-13,22:43,닭발,1,18000
2025-05-13,22:43,닭발,1,18000
2025-05-13,22:48,하이볼,1,7000
2025-05-13,22:50,닭발,1,18000
2025-05-13,22:51,맥주,1,5000
2025-05-13,22:52,계란찜,1,7000
2025-05-13,22:54,닭발,1,18000
2025-05-13,22:55,맥주,1,5000
2025-05-13,22:55,오돌뼈,1,17000
2025-05-13,22:57,소주,1,5000
2025-05-13,22:58,소주,1,5000
2025-05-13,23:00,소주,1,5000
2025-05-13,23:04,맥주,1,5000
2025-05-13,23:06,소주,1,5000
2025-05-13,23:08,닭발,1,18000
2025-05-13,23:10,소주,1,5000
2025-05-13,23:12,소주,1,5000
2025-05-13,23:14,김치전,1,15000
2025-05-13,23:22,오돌뼈,1,17000
2025-05-13,23:24,김치전,1,15000
2025-05-13,23:31,소주,1,5000
2025-05-13,23:32,맥주,1,5000
2025-05-13,23:43,소주,1,5000
2025-05-13,23:44,오돌뼈,1,17000
2025-05-13,23:46,맥주,1,5000
2025-05-13,23:48,소주,1,5000
2025-05-13,23:50,소주,1,5000
2025-05-13,23:50,맥주,1,5000
2025-05-13,23:50,맥주,1,5000
2025-05-13,23:50,하이볼,1,7000
2025-05-14,18:30,소주,1,5000
2025-05-14,19:08,맥주,1,5000
2025-05-14,19:09,김치전,1,15000
2025-05-14,19:12,소주,1,5000
2025-05-14,19:12,계란찜,1,7000
2025-05-14,19:14,소주,1,5000
2025-05-14,19:18,소주,1,5000
2025-05-14,19:23,하이볼,1,7000
2025-05-14,19:29,맥주,1,5000
2025-05-14,19:34,닭발,1,18000
2025-05-14,19:34,김치전,1,15000
2025-05-14,19:38,맥주,1,5000
2025-05-14,19:42,소주,1,5000
2025-05-14,19:47,소주,1,5000
2025-05-14,19:53,오돌뼈,1,17000
2025-05-14,19:56,김치전,1,15000
2025-05-14,19:58,소주,1,5000
2025-05-14,20:04,맥주,1,5000
2025-05-14,20:08,맥주,1,5000
2025-05-14,20:08,닭발,1,18000
2025-05-14,20:09,소주,1,5000
2025-05-14,20:11,맥주,1,5000
2025-05-14,20:11,김치전,1,15000
2025-05-14,20:12,맥주,1,5000
2025-05-14,20:13,맥주,1,5000
2025-05-14,20:18,오돌뼈,1,17000
2025-05-14,20:20,맥주,1,5000
2025-05-14,20:20,맥주,1,5000
2025-05-14,20:21,하이볼,1,7000
2025-05-14,20:21,닭발,1,18000
2025-05-14,20:21,닭발,1,18000
2025-05-14,20:24,소주,1,5000
2025-05-14,20:25,닭발,1,18000
2025-05-14,20:27,맥주,1,5000
2025-05-14,20:27,하이볼,1,7000
2025-05-14,20:32,맥주,1,5000
2025-05-14,20:32,계란찜,1,7000
2025-05-14,20:32,계란찜,1,7000
2025-05-14,20:39,맥주,1,5000
2025-05-14,20:39,하이볼,1,7000
2025-05-14,20:40,소주,1,5000
2025-05-14,20:40,김치전,1,15000
2025-05-14,20:41,소주,1,5000
2025-05-14,20:41,소주,1,5000
2025-05-14,20:41,맥주,1,5000
2025-05-14,20:44,소주,1,5000
2025-05-14,20:46,하이볼,1,7000
2025-05-14,20:46,하이볼,1,7000
2025-05-14,20:48,소주,1,5000
2025-05-14,20:48,소주,1,5000
2025-05-14,20:49,소주,1,5000
2025-05-14,20:50,하이볼,1,7000
2025-05-14,20:51,오돌뼈,1,17000
2025-05-14,20:52,맥주,1,5000
2025-05-14,20:53,소주,1,5000
2025-05-14,20:53,맥주,1,5000
2025-05-14,20:55,소주,1,5000
2025-05-14,20:55,닭발,1,18000
2025-05-14,20:56,맥주,1,5000
2025-05-14,20:56,맥주,1,5000
2025-05-14,20:56,하이볼,1,7000
2025-05-14,20:56,하이볼,1,7000
2025-05-14,20:59,오돌뼈,1,17000
2025-05-14,21:00,김치전,1,15000
2025-05-14,21:05,닭발,1,18000
2025-05-14,21:06,하이볼,1,7000
2025-05-14,21:06,오돌뼈,1,17000
2025-05-14,21:11,닭발,1,18000
2025-05-14,21:14,김치전,1,15000
2025-05-14,21:15,소주,1,5000
2025-05-14,21:16,맥주,1,5000
2025-05-14,21:16,닭발,1,18000
2025-05-14,21:17,오돌뼈,1,17000
2025-05-14,21:17,계란찜,1,7000
2025-05-14,21:18,소주,1,5000
2025-05-14,21:19,소주,1,5000
2025-05-14,21:20,소주,1,5000
2025-05-14,21:21,맥주,1,5000
2025-05-14,21:22,맥주,1,5000
2025-05-14,21:22,계란찜,1,7000
2025-05-14,21:23,소주,1,5000
2025-05-14,21:23,오돌뼈,1,17000
2025-05-14,21:24,소주,1,5000
2025-05-14,21:24,소주,1,5000
2025-05-14,21:24,맥주,1,5000
2025-05-14,21:26,닭발,1,18000
2025-05-14,21:27,맥주,1,5000
2025-05-14,21:27,닭발,1,18000
2025-05-14,21:27,김치전,1,15000
2025-05-14,21:27,계란찜,1,7000
2025-05-14,21:29,김치전,1,15000
2025-05-14,21:31,맥주,1,5000
2025-05-14,21:31,맥주,1,5000
2025-05-14,21:33,오돌뼈,1,17000
2025-05-14,21:33,김치전,1,15000
2025-05-14,21:34,소주,1,5000
2025-05-14,21:34,소주,1,5000
2025-05-14,21:34,소주,1,5000
2025-05-14,21:34,맥주,1,5000
2025-05-14,21:35,계란찜,1,7000
2025-05-14,21:36,소주,1,5000
2025-05-14,21:36,하이볼,1,7000
2025-05-14,21:36,닭발,1,18000
2025-05-14,21:37,소주,1,5000
2025-05-14,21:37,맥주,1,5000
2025-05-14,21:37,오돌뼈,1,17000
2025-05-14,21:39,김치전,1,15000
2025-05-14,21:41,닭발,1,18000
2025-05-14,21:43,닭발,1,18000
2025-05-14,21:45,닭발,1,18000
2025-05-14,21:46,오돌뼈,1,17000
2025-05-14,21:49,맥주,1,5000
2025-05-14,21:50,소주,1,5000
2025-05-14,21:52,소주,1,5000
2025-05-14,21:55,닭발,1,18000
2025-05-14,21:59,하이볼,1,7000
2025-05-14,22:00,소주,1,5000
2025-05-14,22:01,소주,1,5000
2025-05-14,22:03,맥주,1,5000
2025-05-14,22:06,소주,1,5000
2025-05-14,22:08,소주,1,5000
2025-05-14,22:09,오돌뼈,1,17000
2025-05-14,22:09,계란찜,1,7000
2025-05-14,22:10,맥주,1,5000
2025-05-14,22:10,오돌뼈,1,17000
2025-05-14,22:11,닭발,1,18000
2025-05-14,22:15,오돌뼈,1,17000
2025-05-14,22:16,소주,1,5000
2025-05-14,22:19,소주,1,5000
2025-05-14,22:22,맥주,1,5000
2025-05-14,22:23,닭발,1,18000
2025-05-14,22:27,소주,1,5000
2025-05-14,22:27,소주,1,5000
2025-05-14,22:30,소주,1,5000
2025-05-14,22:30,오돌뼈,1,17000
2025-05-14,22:31,김치전,1,15000
2025-05-14,22:34,오돌뼈,1,17000
2025-05-14,22:35,김치전,1,15000
2025-05-14,22:39,소주,1,5000
2025-05-14,22:39,오돌뼈,1,17000
2025-05-14,22:42,맥주,1,5000
2025-05-14,22:44,소주,1,5000
2025-05-14,22:46,소주,1,5000
2025-05-14,22:46,맥주,1,5000
2025-05-14,22:47,닭발,1,18000
2025-05-14,22:49,오돌뼈,1,17000
2025-05-14,22:51,하이볼,1,7000
2025-05-14,22:52,하이볼,1,7000
2025-05-14,22:53,소주,1,5000
2025-05-14,22:57,맥주,1,5000
2025-05-14,23:00,하이볼,1,7000
2025-05-14,23:02,닭발,1,18000
2025-05-14,23:05,소주,1,5000
2025-05-14,23:08,맥주,1,5000
2025-05-14,23:10,소주,1,5000
2025-05-14,23:11,계란찜,1,7000
2025-05-14,23:12,하이볼,1,7000
2025-05-14,23:18,소주,1,5000
2025-05-14,23:21,김치전,1,15000
2025-05-14,23:24,맥주,1,5000
2025-05-14,23:30,맥주,1,5000
2025-05-14,23:37,하이볼,1,7000
2025-05-14,23:39,맥주,1,5000
2025-05-14,23:41,오돌뼈,1,17000
2025-05-14,23:45,닭발,1,18000
2025-05-15,18:57,계란찜,1,7000
2025-05-15,19:03,하이볼,1,7000
2025-05-15,19:10,소주,1,5000
2025-05-15,19:15,김치전,1,15000
2025-05-15,19:21,닭발,1,18000
2025-05-15,19:34,소주,1,5000
2025-05-15,19:34,맥주,1,5000
2025-05-15,19:35,맥주,1,5000
2025-05-15,19:35,맥주,1,5000
2025-05-15,19:45,소주,1,5000
2025-05-15,19:47,오돌뼈,1,17000
2025-05-15,19:57,닭발,1,18000
2025-05-15,19:58,맥주,1,5000
2025-05-15,19:58,김치전,1,15000
2025-05-15,19:59,닭발,1,18000
2025-05-15,20:02,소주,1,5000
2025-05-15,20:02,소주,1,5000
2025-05-15,20:03,닭발,1,18000
2025-05-15,20:04,소주,1,5000
2025-05-15,20:05,소주,1,5000
2025-05-15,20:07,오돌뼈,1,17000
2025-05-15,20:08,맥주,1,5000
2025-05-15,20:12,소주,1,5000
2025-05-15,20:12,소주,1,5000
2025-05-15,20:15,오돌뼈,1,17000
2025-05-15,20:16,닭발,1,18000
2025-05-15,20:17,소주,1,5000
2025-05-15,20:18,소주,1,5000
2025-05-15,20:18,김치전,1,15000
2025-05-15,20:20,맥주,1,5000
2025-05-15,20:24,소주,1,5000
2025-05-15,20:27,소주,1,5000
2025-05-15,20:27,맥주,1,5000
2025-05-15,20:29,소주,1,5000
2025-05-15,20:30,오돌뼈,1,17000
2025-05-15,20:30,오돌뼈,1,17000
2025-05-15,20:31,맥주,1,5000
2025-05-15,20:31,하이볼,1,7000
2025-05-15,20:31,닭발,1,18000
2025-05-15,20:31,오돌뼈,1,17000
2025-05-15,20:32,소주,1,5000
2025-05-15,20:32,소주,1,5000
2025-05-15,20:32,맥주,1,5000
2025-05-15,20:32,하이볼,1,7000
2025-05-15,20:35,하이볼,1,7000
2025-05-15,20:35,오돌뼈,1,17000
2025-05-15,20:38,맥주,1,5000
2025-05-15,20:38,하이볼,1,7000
2025-05-15,20:40,김치전,1,15000
2025-05-15,20:42,소주,1,5000
2025-05-15,20:42,소주,1,5000
2025-05-15,20:42,계란찜,1,7000
2025-05-15,20:43,소주,1,5000
2025-05-15,20:43,소주,1,5000
2025-05-15,20:43,하이볼,1,7000
2025-05-15,20:47,맥주,1,5000
2025-05-15,20:47,맥주,1,5000
2025-05-15,20:51,김치전,1,15000
2025-05-15,20:54,하이볼,1,7000
2025-05-15,20:56,맥주,1,5000
2025-05-15,20:58,맥주,1,5000
2025-05-15,21:02,맥주,1,5000
2025-05-15,21:04,소주,1,5000
2025-05-15,21:04,맥주,1,5000
2025-05-15,21:05,소주,1,5000
2025-05-15,21:05,맥주,1,5000
2025-05-15,21:06,하이볼,1,7000
2025-05-15,21:10,하이볼,1,7000
2025-05-15,21:12,소주,1,5000
2025-05-15,21:12,소주,1,5000
2025-05-15,21:13,닭발,1,18000
2025-05-15,21:16,계란찜,1,7000
2025-05-15,21:17,소주,1,5000
2025-05-15,21:17,맥주,1,5000
2025-05-15,21:17,하이볼,1,7000
2025-05-15,21:18,맥주,1,5000
2025-05-15,21:18,오돌뼈,1,17000
2025-05-15,21:19,소주,1,5000
2025-05-15,21:20,오돌뼈,1,17000
2025-05-15,21:21,맥주,1,5000
2025-05-15,21:22,맥주,1,5000
2025-05-15,21:22,맥주,1,5000
2025-05-15,21:22,닭발,1,18000
2025-05-15,21:24,소주,1,5000
2025-05-15,21:25,닭발,1,18000
2025-05-15,21:27,소주,1,5000
2025-05-15,21:28,맥주,1,5000
2025-05-15,21:30,소주,1,5000
2025-05-15,21:30,소주,1,5000
2025-05-15,21:32,하이볼,1,7000
2025-05-15,21:33,맥주,1,5000
2025-05-15,21:33,오돌뼈,1,17000
2025-05-15,21:34,맥주,1,5000
2025-05-15,21:34,맥주,1,5000
2025-05-15,21:34,계란찜,1,7000
2025-05-15,21:35,김치전,1,15000
2025-05-15,21:36,소주,1,5000
2025-05-15,21:36,계란찜,1,7000
2025-05-15,21:37,맥주,1,5000
2025-05-15,21:39,하이볼,1,7000
2025-05-15,21:39,하이볼,1,7000
2025-05-15,21:42,소주,1,5000
2025-05-15,21:42,계란찜,1,7000
2025-05-15,21:43,소주,1,5000
2025-05-15,21:43,맥주,1,5000
2025-05-15,21:43,맥주,1,5000
2025-05-15,21:43,김치전,1,15000
2025-05-15,21:45,닭발,1,18000
2025-05-15,21:46,소주,1,5000
2025-05-15,21:46,하이볼,1,7000
2025-05-15,21:46,닭발,1,18000
2025-05-15,21:46,오돌뼈,1,17000
2025-05-15,21:46,오돌뼈,1,17000
2025-05-15,21:47,닭발,1,18000
2025-05-15,21:48,소주,1,5000
2025-05-15,21:48,소주,1,5000
2025-05-15,21:48,하이볼,1,7000
2025-05-15,21:50,계란찜,1,7000
2025-05-15,21:50,계란찜,1,7000
2025-05-15,21:55,소주,1,5000
2025-05-15,21:56,소주,1,5000
2025-05-15,21:58,닭발,1,18000
2025-05-15,22:01,소주,1,5000
2025-05-15,22:01,계란찜,1,7000
2025-05-15,22:02,김치전,1,15000
2025-05-15,22:03,맥주,1,5000
2025-05-15,22:04,오돌뼈,1,17000
2025-05-15,22:04,김치전,1,15000
2025-05-15,22:05,소주,1,5000
2025-05-15,22:05,맥주,1,5000
2025-05-15,22:05,맥주,1,5000
2025-05-15,22:07,계란찜,1,7000
2025-05-15,22:10,맥주,1,5000
2025-05-15,22:11,닭발,1,18000
2025-05-15,22:11,닭발,1,18000
2025-05-15,22:12,소주,1,5000
2025-05-15,22:13,맥주,1,5000
2025-05-15,22:13,닭발,1,18000
2025-05-15,22:14,김치전,1,15000
2025-05-15,22:15,소주,1,5000
2025-05-15,22:15,닭발,1,18000
2025-05-15,22:17,맥주,1,5000
2025-05-15,22:17,닭발,1,18000
2025-05-15,22:17,오돌뼈,1,17000
2025-05-15,22:18,계란찜,1,7000
2025-05-15,22:19,닭발,1,18000
2025-05-15,22:21,맥주,1,5000
2025-05-15,22:21,닭발,1,18000
2025-05-15,22:22,맥주,1,5000
2025-05-15,22:23,소주,1,5000
2025-05-15,22:25,소주,1,5000
2025-05-15,22:25,닭발,1,18000
2025-05-15,22:26,맥주,1,5000
2025-05-15,22:27,맥주,1,5000
2025-05-15,22:29,소주,1,5000
2025-05-15,22:29,오돌뼈,1,17000
2025-05-15,22:29,김치전,1,15000
2025-05-15,22:31,소주,1,5000
2025-05-15,22:32,소주,1,5000
2025-05-15,22:33,오돌뼈,1,17000
2025-05-15,22:35,소주,1,5000
2025-05-15,22:37,하이볼,1,7000
2025-05-15,22:39,소주,1,5000
2025-05-15,22:46,닭발,1,18000
2025-05-15,22:46,계란찜,1,7000
2025-05-15,22:49,맥주,1,5000
2025-05-15,22:50,김치전,1,15000
2025-05-15,22:52,김치전,1,15000
2025-05-15,22:56,하이볼,1,7000
2025-05-15,22:57,맥주,1,5000
2025-05-15,22:57,닭발,1,18000
2025-05-15,22:59,오돌뼈,1,17000
2025-05-15,23:03,소주,1,5000
2025-05-15,23:05,계란찜,1,7000
2025-05-15,23:12,김치전,1,15000
2025-05-15,23:13,맥주,1,5000
2025-05-15,23:16,하이볼,1,7000
2025-05-15,23:19,소주,1,5000
2025-05-15,23:24,소주,1,5000
2025-05-15,23:46,하이볼,1,7000
2025-05-15,23:46,닭발,1,18000
2025-05-15,23:50,오돌뼈,1,17000
2025-05-16,18:43,닭발,1,18000
2025-05-16,19:12,김치전,1,15000
2025-05-16,19:17,맥주,1,5000
2025-05-16,19:23,오돌뼈,1,17000
2025-05-16,19:33,닭발,1,18000
2025-05-16,19:37,소주,1,5000
2025-05-16,19:38,계란찜,1,7000
2025-05-16,19:40,소주,1,5000
2025-05-16,19:47,소주,1,5000
2025-05-16,19:47,하이볼,1,7000
2025-05-16,19:47,하이볼,1,7000
2025-05-16,19:52,맥주,1,5000
2025-05-16,19:52,김치전,1,15000
2025-05-16,19:55,맥주,1,5000
2025-05-16,19:57,맥주,1,5000
2025-05-16,19:57,하이볼,1,7000
2025-05-16,20:04,계란찜,1,7000
2025-05-16,20:05,오돌뼈,1,17000
2025-05-16,20:07,오돌뼈,1,17000
2025-05-16,20:10,오돌뼈,1,17000
2025-05-16,20:11,하이볼,1,7000
2025-05-16,20:12,소주,1,5000
2025-05-16,20:16,소주,1,5000
2025-05-16,20:17,하이볼,1,7000
2025-05-16,20:18,오돌뼈,1,17000
2025-05-16,20:20,소주,1,5000
2025-05-16,20:20,닭발,1,18000
2025-05-16,20:20,김치전,1,15000
2025-05-16,20:21,맥주,1,5000
2025-05-16,20:23,맥주,1,5000
2025-05-16,20:24,소주,1,5000
2025-05-16,20:24,맥주,1,5000
2025-05-16,20:24,하이볼,1,7000
2025-05-16,20:24,김치전,1,15000
2025-05-16,20:25,계란찜,1,7000
2025-05-16,20:29,소주,1,5000
2025-05-16,20:29,닭발,1,18000
2025-05-16,20:30,소주,1,5000
2025-05-16,20:31,오돌뼈,1,17000
2025-05-16,20:35,소주,1,5000
2025-05-16,20:35,맥주,1,5000
2025-05-16,20:35,김치전,1,15000
2025-05-16,20:40,맥주,1,5000
2025-05-16,20:41,맥주,1,5000
2025-05-16,20:42,소주,1,5000
2025-05-16,20:43,소주,1,5000
2025-05-16,20:44,하이볼,1,7000
2025-05-16,20:46,맥주,1,5000
2025-05-16,20:48,맥주,1,5000
2025-05-16,20:49,닭발,1,18000
2025-05-16,20:49,닭발,1,18000
2025-05-16,20:50,소주,1,5000
2025-05-16,20:50,소주,1,5000
2025-05-16,20:51,하이볼,1,7000
2025-05-16,20:52,오돌뼈,1,17000
2025-05-16,20:53,닭발,1,18000
2025-05-16,20:53,오돌뼈,1,17000
2025-05-16,20:54,닭발,1,18000
2025-05-16,20:55,닭발,1,18000
2025-05-16,20:55,오돌뼈,1,17000
2025-05-16,20:57,닭발,1,18000
2025-05-16,20:59,소주,1,5000
2025-05-16,20:59,하이볼,1,7000
2025-05-16,21:02,맥주,1,5000
2025-05-16,21:04,소주,1,5000
2025-05-16,21:04,하이볼,1,7000
2025-05-16,21:05,소주,1,5000
2025-05-16,21:05,맥주,1,5000
2025-05-16,21:05,맥주,1,5000
2025-05-16,21:06,소주,1,5000
2025-05-16,21:06,소주,1,5000
2025-05-16,21:06,닭발,1,18000
2025-05-16,21:07,맥주,1,5000
2025-05-16,21:08,맥주,1,5000
2025-05-16,21:08,닭발,1,18000
2025-05-16,21:09,닭발,1,18000
2025-05-16,21:10,맥주,1,5000
2025-05-16,21:10,닭발,1,18000
2025-05-16,21:11,오돌뼈,1,17000
2025-05-16,21:13,오돌뼈,1,17000
2025-05-16,21:14,맥주,1,5000
2025-05-16,21:14,계란찜,1,7000
2025-05-16,21:16,오돌뼈,1,17000
2025-05-16,21:17,닭발,1,18000
2025-05-16,21:18,소주,1,5000
2025-05-16,21:19,소주,1,5000
2025-05-16,21:19,닭발,1,18000
2025-05-16,21:21,맥주,1,5000
2025-05-16,21:22,소주,1,5000
2025-05-16,21:22,맥주,1,5000
2025-05-16,21:23,소주,1,5000
2025-05-16,21:23,소주,1,5000
2025-05-16,21:23,소주,1,5000
2025-05-16,21:23,오돌뼈,1,17000
2025-05-16,21:25,김치전,1,15000
2025-05-16,21:26,소주,1,5000
2025-05-16,21:26,맥주,1,5000
2025-05-16,21:27,하이볼,1,7000
2025-05-16,21:28,김치전,1,15000
2025-05-16,21:29,김치전,1,15000
2025-05-16,21:31,소주,1,5000
2025-05-16,21:31,하이볼,1,7000
2025-05-16,21:32,맥주,1,5000
2025-05-16,21:32,계란찜,1,7000
2025-05-16,21:33,닭발,1,18000
2025-05-16,21:36,소주,1,5000
2025-05-16,21:36,닭발,1,18000
2025-05-16,21:37,맥주,1,5000
2025-05-16,21:38,소주,1,5000
2025-05-16,21:38,소주,1,5000
2025-05-16,21:38,맥주,1,5000
2025-05-16,21:38,계란찜,1,7000
2025-05-16,21:40,맥주,1,5000
2025-05-16,21:40,닭발,1,18000
2025-05-16,21:41,소주,1,5000
2025-05-16,21:41,맥주,1,5000
2025-05-16,21:42,닭발,1,18000
2025-05-16,21:44,소주,1,5000
2025-05-16,21:44,오돌뼈,1,17000
2025-05-16,21:45,맥주,1,5000
2025-05-16,21:45,하이볼,1,7000
2025-05-16,21:46,맥주,1,5000
2025-05-16,21:46,계란찜,1,7000
2025-05-16,21:47,맥주,1,5000
2025-05-16,21:47,오돌뼈,1,17000
2025-05-16,21:49,소주,1,5000
2025-05-16,21:50,소주,1,5000
2025-05-16,21:50,소주,1,5000
2025-05-16,21:50,김치전,1,15000
2025-05-16,21:51,맥주,1,5000
2025-05-16,21:51,오돌뼈,1,17000
2025-05-16,21:54,맥주,1,5000
2025-05-16,21:55,소주,1,5000
2025-05-16,21:55,맥주,1,5000
2025-05-16,21:55,계란찜,1,7000
2025-05-16,21:56,소주,1,5000
2025-05-16,21:56,맥주,1,5000
2025-05-16,21:57,소주,1,5000
2025-05-16,21:57,소주,1,5000
2025-05-16,21:58,맥주,1,5000
2025-05-16,21:58,김치전,1,15000
2025-05-16,21:59,소주,1,5000
2025-05-16,22:00,맥주,1,5000
2025-05-16,22:00,오돌뼈,1,17000
2025-05-16,22:00,김치전,1,15000
2025-05-16,22:01,소주,1,5000
2025-05-16,22:02,소주,1,5000
2025-05-16,22:06,닭발,1,18000
2025-05-16,22:06,오돌뼈,1,17000
2025-05-16,22:06,계란찜,1,7000
2025-05-16,22:07,오돌뼈,1,17000
2025-05-16,22:09,소주,1,5000
2025-05-16,22:09,맥주,1,5000
2025-05-16,22:09,하이볼,1,7000
2025-05-16,22:11,맥주,1,5000
2025-05-16,22:11,계란찜,1,7000
2025-05-16,22:12,오돌뼈,1,17000
2025-05-16,22:13,소주,1,5000
2025-05-16,22:13,하이볼,1,7000
2025-05-16,22:14,소주,1,5000
2025-05-16,22:14,맥주,1,5000
2025-05-16,22:15,김치전,1,15000
2025-05-16,22:16,소주,1,5000
2025-05-16,22:17,오돌뼈,1,17000
2025-05-16,22:20,닭발,1,18000
2025-05-16,22:21,하이볼,1,7000
2025-05-16,22:22,맥주,1,5000
2025-05-16,22:24,맥주,1,5000
2025-05-16,22:24,맥주,1,5000
2025-05-16,22:24,닭발,1,18000
2025-05-16,22:24,계란찜,1,7000
2025-05-16,22:25,소주,1,5000
2025-05-16,22:25,하이볼,1,7000
2025-05-16,22:26,소주,1,5000
2025-05-16,22:26,닭발,1,18000
2025-05-16,22:27,맥주,1,5000
2025-05-16,22:29,하이볼,1,7000
2025-05-16,22:31,소주,1,5000
2025-05-16,22:32,맥주,1,5000
2025-05-16,22:33,소주,1,5000
2025-05-16,22:33,김치전,1,15000
2025-05-16,22:35,소주,1,5000
2025-05-16,22:35,맥주,1,5000
2025-05-16,22:37,소주,1,5000
2025-05-16,22:37,소주,1,5000
2025-05-16,22:37,맥주,1,5000
2025-05-16,22:41,소주,1,5000
2025-05-16,22:42,맥주,1,5000
2025-05-16,22:42,하이볼,1,7000
2025-05-16,22:45,오돌뼈,1,17000
2025-05-16,22:46,소주,1,5000
2025-05-16,22:46,닭발,1,18000
2025-05-16,22:47,맥주,1,5000
2025-05-16,22:48,닭발,1,18000
2025-05-16,22:48,계란찜,1,7000
2025-05-16,22:49,소주,1,5000
2025-05-16,22:49,맥주,1,5000
2025-05-16,22:50,맥주,1,5000
2025-05-16,22:51,하이볼,1,7000
2025-05-16,22:55,소주,1,5000
2025-05-16,22:59,하이볼,1,7000
2025-05-16,23:01,하이볼,1,7000
2025-05-16,23:03,소주,1,5000
2025-05-16,23:04,하이볼,1,7000
2025-05-16,23:09,하이볼,1,7000
2025-05-16,23:10,맥주,1,5000
2025-05-16,23:13,소주,1,5000
2025-05-16,23:19,소주,1,5000
2025-05-16,23:22,오돌뼈,1,17000
2025-05-16,23:24,계란찜,1,7000
2025-05-16,23:26,맥주,1,5000
2025-05-16,23:30,오돌뼈,1,17000
2025-05-16,23:32,소주,1,5000
2025-05-16,23:37,소주,1,5000
2025-05-16,23:39,하이볼,1,7000
2025-05-16,23:47,소주,1,5000
2025-05-16,23:49,소주,1,5000
2025-05-16,23:50,하이볼,1,7000
2025-05-17,18:44,소주,1,5000
2025-05-17,18:53,소주,1,5000
2025-05-17,18:53,김치전,1,15000
2025-05-17,19:06,맥주,1,5000
2025-05-17,19:28,오돌뼈,1,17000
2025-05-17,19:31,소주,1,5000
2025-05-17,19:37,닭발,1,18000
2025-05-17,19:38,하이볼,1,7000
2025-05-17,19:43,소주,1,5000
2025-05-17,19:47,맥주,1,5000
2025-05-17,19:48,소주,1,5000
2025-05-17,19:50,소주,1,5000
2025-05-17,19:52,김치전,1,15000
2025-05-17,19:59,소주,1,5000
2025-05-17,20:01,소주,1,5000
2025-05-17,20:01,닭발,1,18000
2025-05-17,20:04,하이볼,1,7000
2025-05-17,20:05,소주,1,5000
2025-05-17,20:05,맥주,1,5000
2025-05-17,20:07,김치전,1,15000
2025-05-17,20:08,닭발,1,18000
2025-05-17,20:09,하이볼,1,7000
2025-05-17,20:09,오돌뼈,1,17000
2025-05-17,20:11,오돌뼈,1,17000
2025-05-17,20:12,소주,1,5000
2025-05-17,20:12,닭발,1,18000
2025-05-17,20:16,김치전,1,15000
2025-05-17,20:16,계란찜,1,7000
2025-05-17,20:17,맥주,1,5000
2025-05-17,20:20,맥주,1,5000
2025-05-17,20:21,소주,1,5000
2025-05-17,20:27,오돌뼈,1,17000
2025-05-17,20:28,소주,1,5000
2025-05-17,20:31,하이볼,1,7000
2025-05-17,20:31,김치전,1,15000
2025-05-17,20:32,하이볼,1,7000
2025-05-17,20:33,김치전,1,15000
2025-05-17,20:36,하이볼,1,7000
2025-05-17,20:37,닭발,1,18000
2025-05-17,20:38,맥주,1,5000
2025-05-17,20:40,소주,1,5000
2025-05-17,20:41,소주,1,5000
2025-05-17,20:42,김치전,1,15000
2025-05-17,20:46,소주,1,5000
2025-05-17,20:47,소주,1,5000
2025-05-17,20:47,맥주,1,5000
2025-05-17,20:47,하이볼,1,7000
2025-05-17,20:47,오돌뼈,1,17000
2025-05-17,20:48,맥주,1,5000
2025-05-17,20:50,김치전,1,15000
2025-05-17,20:52,맥주,1,5000
2025-05-17,20:53,하이볼,1,7000
2025-05-17,20:54,하이볼,1,7000
2025-05-17,20:56,김치전,1,15000
2025-05-17,21:01,맥주,1,5000
2025-05-17,21:02,소주,1,5000
2025-05-17,21:02,소주,1,5000
2025-05-17,21:03,소주,1,5000
2025-05-17,21:05,오돌뼈,1,17000
2025-05-17,21:06,소주,1,5000
2025-05-17,21:06,오돌뼈,1,17000
2025-05-17,21:08,닭발,1,18000
2025-05-17,21:09,소주,1,5000
2025-05-17,21:11,맥주,1,5000
2025-05-17,21:11,오돌뼈,1,17000
2025-05-17,21:12,오돌뼈,1,17000
2025-05-17,21:17,하이볼,1,7000
2025-05-17,21:18,맥주,1,5000
2025-05-17,21:21,하이볼,1,7000
2025-05-17,21:23,닭발,1,18000
2025-05-17,21:23,김치전,1,15000
2025-05-17,21:24,맥주,1,5000
2025-05-17,21:24,맥주,1,5000
2025-05-17,21:25,소주,1,5000
2025-05-17,21:26,맥주,1,5000
2025-05-17,21:26,하이볼,1,7000
2025-05-17,21:32,오돌뼈,1,17000
2025-05-17,21:34,맥주,1,5000
2025-05-17,21:34,닭발,1,18000
2025-05-17,21:38,닭발,1,18000
2025-05-17,21:38,닭발,1,18000
2025-05-17,21:39,오돌뼈,1,17000
2025-05-17,21:40,닭발,1,18000
2025-05-17,21:40,계란찜,1,7000
2025-05-17,21:41,맥주,1,5000
2025-05-17,21:42,계란찜,1,7000
2025-05-17,21:44,맥주,1,5000
2025-05-17,21:47,맥주,1,5000
2025-05-17,21:47,닭발,1,18000
2025-05-17,21:50,맥주,1,5000
2025-05-17,21:52,계란찜,1,7000
2025-05-17,21:54,오돌뼈,1,17000
2025-05-17,21:55,닭발,1,18000
2025-05-17,21:55,닭발,1,18000
2025-05-17,21:56,김치전,1,15000
2025-05-17,21:56,계란찜,1,7000
2025-05-17,21:58,계란찜,1,7000
2025-05-17,22:02,소주,1,5000
2025-05-17,22:04,계란찜,1,7000
2025-05-17,22:11,맥주,1,5000
2025-05-17,22:11,맥주,1,5000
2025-05-17,22:13,닭발,1,18000
2025-05-17,22:14,맥주,1,5000
2025-05-17,22:15,닭발,1,18000
2025-05-17,22:16,맥주,1,5000
2025-05-17,22:19,소주,1,5000
2025-05-17,22:19,하이볼,1,7000
2025-05-17,22:20,맥주,1,5000
2025-05-17,22:23,하이볼,1,7000
2025-05-17,22:28,맥주,1,5000
2025-05-17,22:29,오돌뼈,1,17000
2025-05-17,22:30,소주,1,5000
2025-05-17,22:31,맥주,1,5000
2025-05-17,22:34,소주,1,5000
2025-05-17,22:36,오돌뼈,1,17000
2025-05-17,22:38,소주,1,5000
2025-05-17,22:39,계란찜,1,7000
2025-05-17,22:41,김치전,1,15000
2025-05-17,22:48,소주,1,5000
2025-05-17,22:51,오돌뼈,1,17000
2025-05-17,22:58,소주,1,5000
2025-05-17,23:06,닭발,1,18000
2025-05-17,23:15,하이볼,1,7000
2025-05-17,23:17,소주,1,5000
2025-05-17,23:19,소주,1,5000
2025-05-17,23:20,맥주,1,5000
2025-05-17,23:23,김치전,1,15000
2025-05-17,23:40,하이볼,1,7000
2025-05-17,23:50,소주,1,5000
2025-05-17,23:50,맥주,1,5000
2025-05-18,19:02,오돌뼈,1,17000
2025-05-18,19:26,김치전,1,15000
2025-05-18,19:36,닭발,1,18000
2025-05-18,19:44,하이볼,1,7000
2025-05-18,19:45,소주,1,5000
2025-05-18,19:53,닭발,1,18000
2025-05-18,20:01,맥주,1,5000
2025-05-18,20:01,김치전,1,15000
2025-05-18,20:02,김치전,1,15000
2025-05-18,20:09,닭발,1,18000
2025-05-18,20:13,소주,1,5000
2025-05-18,20:13,맥주,1,5000
2025-05-18,20:14,소주,1,5000
2025-05-18,20:16,닭발,1,18000
2025-05-18,20:19,오돌뼈,1,17000
2025-05-18,20:37,계란찜,1,7000
2025-05-18,20:38,오돌뼈,1,17000
2025-05-18,20:40,계란찜,1,7000
2025-05-18,20:42,닭발,1,18000
2025-05-18,20:44,소주,1,5000
2025-05-18,20:46,닭발,1,18000
2025-05-18,20:50,계란찜,1,7000
2025-05-18,20:51,오돌뼈,1,17000
2025-05-18,20:54,맥주,1,5000
2025-05-18,20:56,소주,1,5000
2025-05-18,20:57,맥주,1,5000
2025-05-18,20:57,김치전,1,15000
2025-05-18,20:58,오돌뼈,1,17000
2025-05-18,21:01,맥주,1,5000
2025-05-18,21:01,하이볼,1,7000
2025-05-18,21:04,맥주,1,5000
2025-05-18,21:05,소주,1,5000
2025-05-18,21:14,소주,1,5000
2025-05-18,21:22,맥주,1,5000
2025-05-18,21:22,오돌뼈,1,17000
2025-05-18,21:24,맥주,1,5000
2025-05-18,21:25,소주,1,5000
2025-05-18,21:30,오돌뼈,1,17000
2025-05-18,21:31,김치전,1,15000
2025-05-18,21:37,소주,1,5000
2025-05-18,21:37,소주,1,5000
2025-05-18,21:40,소주,1,5000
2025-05-18,21:52,맥주,1,5000
2025-05-18,21:54,하이볼,1,7000
2025-05-18,21:59,맥주,1,5000
2025-05-18,22:01,오돌뼈,1,17000
2025-05-18,22:06,계란찜,1,7000
2025-05-18,22:10,하이볼,1,7000
2025-05-18,22:12,하이볼,1,7000
2025-05-18,22:18,하이볼,1,7000
2025-05-18,22:23,소주,1,5000
2025-05-18,22:29,하이볼,1,7000
2025-05-18,22:32,소주,1,5000
2025-05-18,22:34,계란찜,1,7000
2025-05-18,22:39,소주,1,5000
2025-05-18,22:41,하이볼,1,7000
2025-05-18,22:43,맥주,1,5000
2025-05-18,22:46,맥주,1,5000
2025-05-18,22:51,소주,1,5000
2025-05-18,23:10,소주,1,5000
2025-05-18,23:16,소주,1,5000
2025-05-18,23:27,맥주,1,5000
2025-05-18,23:45,오돌뼈,1,17000
2025-05-19,19:24,소주,1,5000
2025-05-19,19:28,오돌뼈,1,17000
2025-05-19,19:30,김치전,1,15000
2025-05-19,19:34,닭발,1,18000
2025-05-19,19:38,김치전,1,15000
2025-05-19,19:40,계란찜,1,7000
2025-05-19,20:07,맥주,1,5000
2025-05-19,20:08,계란찜,1,7000
2025-05-19,20:15,계란찜,1,7000
2025-05-19,20:16,소주,1,5000
2025-05-19,20:16,맥주,1,5000
2025-05-19,20:18,소주,1,5000
2025-05-19,20:32,소주,1,5000
2025-05-19,20:34,소주,1,5000
2025-05-19,20:35,소주,1,5000
2025-05-19,20:35,하이볼,1,7000
2025-05-19,20:40,소주,1,5000
2025-05-19,20:40,소주,1,5000
2025-05-19,20:42,맥주,1,5000
2025-05-19,20:43,소주,1,5000
2025-05-19,20:52,소주,1,5000
2025-05-19,20:53,닭발,1,18000
2025-05-19,20:54,맥주,1,5000
2025-05-19,20:55,소주,1,5000
2025-05-19,20:56,김치전,1,15000
2025-05-19,20:57,오돌뼈,1,17000
2025-05-19,20:57,오돌뼈,1,17000
2025-05-19,20:59,소주,1,5000
2025-05-19,21:04,닭발,1,18000
2025-05-19,21:08,오돌뼈,1,17000
2025-05-19,21:11,김치전,1,15000
2025-05-19,21:11,계란찜,1,7000
2025-05-19,21:16,오돌뼈,1,17000
2025-05-19,21:17,소주,1,5000
2025-05-19,21:17,맥주,1,5000
2025-05-19,21:19,소주,1,5000
2025-05-19,21:19,맥주,1,5000
2025-05-19,21:23,맥주,1,5000
2025-05-19,21:23,계란찜,1,7000
2025-05-19,21:25,하이볼,1,7000
2025-05-19,21:26,하이볼,1,7000
2025-05-19,21:33,맥주,1,5000
2025-05-19,21:36,맥주,1,5000
2025-05-19,21:36,오돌뼈,1,17000
2025-05-19,21:37,하이볼,1,7000
2025-05-19,21:37,닭발,1,18000
2025-05-19,21:44,김치전,1,15000
2025-05-19,21:53,김치전,1,15000
2025-05-19,21:56,소주,1,5000
2025-05-19,21:58,맥주,1,5000
2025-05-19,22:05,하이볼,1,7000
2025-05-19,22:07,소주,1,5000
2025-05-19,22:08,맥주,1,5000
2025-05-19,22:10,맥주,1,5000
2025-05-19,22:16,닭발,1,18000
2025-05-19,22:16,닭발,1,18000
2025-05-19,22:22,하이볼,1,7000
2025-05-19,22:22,하이볼,1,7000
2025-05-19,22:25,소주,1,5000
2025-05-19,22:28,김치전,1,15000
2025-05-19,22:29,맥주,1,5000
2025-05-19,22:36,계란찜,1,7000
2025-05-19,22:38,소주,1,5000
2025-05-19,22:40,맥주,1,5000
2025-05-19,22:42,계란찜,1,7000
2025-05-19,22:46,닭발,1,18000
2025-05-19,22:48,계란찜,1,7000
2025-05-19,22:58,소주,1,5000
2025-05-19,23:05,맥주,1,5000
2025-05-19,23:18,맥주,1,5000
2025-05-19,23:18,닭발,1,18000
2025-05-19,23:22,맥주,1,5000
2025-05-19,23:26,맥주,1,5000
2025-05-19,23:27,하이볼,1,7000
2025-05-19,23:46,닭발,1,18000
2025-05-20,18:40,오돌뼈,1,17000
2025-05-20,18:49,맥주,1,5000
2025-05-20,19:38,소주,1,5000
2025-05-20,19:38,하이볼,1,7000
2025-05-20,19:44,소주,1,5000
2025-05-20,19:46,하이볼,1,7000
2025-05-20,20:03,하이볼,1,7000
2025-05-20,20:05,소주,1,5000
2025-05-20,20:06,김치전,1,15000
2025-05-20,20:13,닭발,1,18000
2025-05-20,20:15,하이볼,1,7000
2025-05-20,20:17,김치전,1,15000
2025-05-20,20:27,소주,1,5000
2025-05-20,20:28,닭발,1,18000
2025-05-20,20:33,계란찜,1,7000
2025-05-20,20:34,오돌뼈,1,17000
2025-05-20,20:36,맥주,1,5000
2025-05-20,20:43,소주,1,5000
2025-05-20,20:44,맥주,1,5000
2025-05-20,20:46,김치전,1,15000
2025-05-20,20:47,소주,1,5000
2025-05-20,20:47,계란찜,1,7000
2025-05-20,20:49,닭발,1,18000
2025-05-20,20:50,계란찜,1,7000
2025-05-20,20:57,김치전,1,15000
2025-05-20,20:59,계란찜,1,7000
2025-05-20,21:02,소주,1,5000
2025-05-20,21:02,소주,1,5000
2025-05-20,21:03,소주,1,5000
2025-05-20,21:06,소주,1,5000
2025-05-20,21:07,소주,1,5000
2025-05-20,21:08,소주,1,5000
2025-05-20,21:08,오돌뼈,1,17000
2025-05-20,21:11,소주,1,5000
2025-05-20,21:11,닭발,1,18000
2025-05-20,21:12,닭발,1,18000
2025-05-20,21:14,소주,1,5000
2025-05-20,21:14,하이볼,1,7000
2025-05-20,21:18,소주,1,5000
2025-05-20,21:18,맥주,1,5000
2025-05-20,21:19,소주,1,5000
2025-05-20,21:19,맥주,1,5000
2025-05-20,21:21,맥주,1,5000
2025-05-20,21:22,맥주,1,5000
2025-05-20,21:24,오돌뼈,1,17000
2025-05-20,21:26,맥주,1,5000
2025-05-20,21:27,맥주,1,5000
2025-05-20,21:28,맥주,1,5000
2025-05-20,21:28,계란찜,1,7000
2025-05-20,21:31,하이볼,1,7000
2025-05-20,21:33,소주,1,5000
2025-05-20,21:33,계란찜,1,7000
2025-05-20,21:37,오돌뼈,1,17000
2025-05-20,21:44,소주,1,5000
2025-05-20,21:45,계란찜,1,7000
2025-05-20,21:46,오돌뼈,1,17000
2025-05-20,21:46,김치전,1,15000
2025-05-20,21:50,맥주,1,5000
2025-05-20,21:50,맥주,1,5000
2025-05-20,21:50,닭발,1,18000
2025-05-20,21:51,맥주,1,5000
2025-05-20,21:51,닭발,1,18000
2025-05-20,21:53,닭발,1,18000
2025-05-20,21:53,오돌뼈,1,17000
2025-05-20,21:55,하이볼,1,7000
2025-05-20,21:55,하이볼,1,7000
2025-05-20,21:56,오돌뼈,1,17000
2025-05-20,21:57,소주,1,5000
2025-05-20,21:58,하이볼,1,7000
2025-05-20,21:59,맥주,1,5000
2025-05-20,22:00,맥주,1,5000
2025-05-20,22:04,소주,1,5000
2025-05-20,22:11,맥주,1,5000
2025-05-20,22:12,김치전,1,15000
2025-05-20,22:14,하이볼,1,7000
2025-05-20,22:14,오돌뼈,1,17000
2025-05-20,22:14,김치전,1,15000
2025-05-20,22:20,닭발,1,18000
2025-05-20,22:22,계란찜,1,7000
2025-05-20,22:23,맥주,1,5000
2025-05-20,22:25,맥주,1,5000
2025-05-20,22:25,오돌뼈,1,17000
2025-05-20,22:27,김치전,1,15000
2025-05-20,22:28,닭발,1,18000
2025-05-20,22:39,김치전,1,15000
2025-05-20,22:45,맥주,1,5000
2025-05-20,22:47,소주,1,5000
2025-05-20,22:49,소주,1,5000
2025-05-20,22:55,닭발,1,18000
2025-05-20,22:59,소주,1,5000
2025-05-20,23:00,오돌뼈,1,17000
2025-05-20,23:05,오돌뼈,1,17000
2025-05-20,23:19,소주,1,5000
2025-05-20,23:22,소주,1,5000
2025-05-20,23:24,맥주,1,5000
2025-05-20,23:41,닭발,1,18000
2025-05-20,23:50,소주,1,5000
2025-05-21,18:52,닭발,1,18000
2025-05-21,19:20,소주,1,5000
2025-05-21,19:27,하이볼,1,7000
2025-05-21,19:30,소주,1,5000
2025-05-21,19:39,하이볼,1,7000
2025-05-21,19:40,맥주,1,5000
2025-05-21,19:43,하이볼,1,7000
2025-05-21,19:51,계란찜,1,7000
2025-05-21,20:05,하이볼,1,7000
2025-05-21,20:07,소주,1,5000
2025-05-21,20:17,소주,1,5000
2025-05-21,20:21,김치전,1,15000
2025-05-21,20:23,닭발,1,18000
2025-05-21,20:26,오돌뼈,1,17000
2025-05-21,20:26,오돌뼈,1,17000
2025-05-21,20:28,맥주,1,5000
2025-05-21,20:28,하이볼,1,7000
2025-05-21,20:31,닭발,1,18000
2025-05-21,20:33,김치전,1,15000
2025-05-21,20:34,소주,1,5000
2025-05-21,20:34,김치전,1,15000
2025-05-21,20:35,맥주,1,5000
2025-05-21,20:36,하이볼,1,7000
2025-05-21,20:40,맥주,1,5000
2025-05-21,20:41,닭발,1,18000
2025-05-21,20:45,소주,1,5000
2025-05-21,20:45,맥주,1,5000
2025-05-21,20:47,소주,1,5000
2025-05-21,20:48,소주,1,5000
2025-05-21,20:50,닭발,1,18000
2025-05-21,20:51,하이볼,1,7000
2025-05-21,20:55,소주,1,5000
2025-05-21,20:58,맥주,1,5000
2025-05-21,20:58,닭발,1,18000
2025-05-21,21:00,맥주,1,5000
2025-05-21,21:02,맥주,1,5000
2025-05-21,21:02,하이볼,1,7000
2025-05-21,21:06,맥주,1,5000
2025-05-21,21:06,닭발,1,18000
2025-05-21,21:06,오돌뼈,1,17000
2025-05-21,21:07,하이볼,1,7000
2025-05-21,21:10,김치전,1,15000
2025-05-21,21:14,김치전,1,15000
2025-05-21,21:16,소주,1,5000
2025-05-21,21:16,계란찜,1,7000
2025-05-21,21:17,소주,1,5000
2025-05-21,21:21,소주,1,5000
2025-05-21,21:23,하이볼,1,7000
2025-05-21,21:24,맥주,1,5000
2025-05-21,21:24,계란찜,1,7000
2025-05-21,21:27,맥주,1,5000
2025-05-21,21:28,하이볼,1,7000
2025-05-21,21:30,소주,1,5000
2025-05-21,21:31,김치전,1,15000
2025-05-21,21:32,오돌뼈,1,17000
2025-05-21,21:34,하이볼,1,7000
2025-05-21,21:36,김치전,1,15000
2025-05-21,21:38,김치전,1,15000
2025-05-21,21:40,닭발,1,18000
2025-05-21,21:42,닭발,1,18000
2025-05-21,21:44,소주,1,5000
2025-05-21,21:44,소주,1,5000
2025-05-21,21:44,맥주,1,5000
2025-05-21,21:44,맥주,1,5000
2025-05-21,21:44,닭발,1,18000
2025-05-21,21:45,소주,1,5000
2025-05-21,21:48,맥주,1,5000
2025-05-21,21:48,하이볼,1,7000
2025-05-21,21:49,소주,1,5000
2025-05-21,21:52,오돌뼈,1,17000
2025-05-21,21:54,맥주,1,5000
2025-05-21,21:56,소주,1,5000
2025-05-21,21:56,소주,1,5000
2025-05-21,21:58,계란찜,1,7000
2025-05-21,21:59,닭발,1,18000
2025-05-21,22:01,오돌뼈,1,17000
2025-05-21,22:04,소주,1,5000
2025-05-21,22:05,소주,1,5000
2025-05-21,22:07,소주,1,5000
2025-05-21,22:07,소주,1,5000
2025-05-21,22:08,하이볼,1,7000
2025-05-21,22:08,오돌뼈,1,17000
2025-05-21,22:08,오돌뼈,1,17000
2025-05-21,22:09,계란찜,1,7000
2025-05-21,22:11,하이볼,1,7000
2025-05-21,22:14,맥주,1,5000
2025-05-21,22:14,김치전,1,15000
2025-05-21,22:19,오돌뼈,1,17000
2025-05-21,22:24,김치전,1,15000
2025-05-21,22:26,소주,1,5000
2025-05-21,22:28,오돌뼈,1,17000
2025-05-21,22:31,김치전,1,15000
2025-05-21,22:32,맥주,1,5000
2025-05-21,22:32,맥주,1,5000
2025-05-21,22:35,맥주,1,5000
2025-05-21,22:36,소주,1,5000
2025-05-21,22:36,소주,1,5000
2025-05-21,22:41,맥주,1,5000
2025-05-21,22:41,닭발,1,18000
2025-05-21,22:42,하이볼,1,7000
2025-05-21,22:42,김치전,1,15000
2025-05-21,22:47,계란찜,1,7000
2025-05-21,22:48,오돌뼈,1,17000
2025-05-21,22:59,맥주,1,5000
2025-05-21,23:07,닭발,1,18000
2025-05-21,23:11,오돌뼈,1,17000
2025-05-21,23:15,맥주,1,5000
2025-05-21,23:17,김치전,1,15000
2025-05-21,23:19,오돌뼈,1,17000
2025-05-21,23:20,계란찜,1,7000
2025-05-21,23:22,계란찜,1,7000
2025-05-21,23:25,소주,1,5000
2025-05-21,23:25,소주,1,5000
2025-05-21,23:28,맥주,1,5000
2025-05-21,23:30,맥주,1,5000
2025-05-21,23:32,계란찜,1,7000
2025-05-21,23:33,닭발,1,18000
2025-05-21,23:50,맥주,1,5000
2025-05-22,18:59,소주,1,5000
2025-05-22,19:23,오돌뼈,1,17000
2025-05-22,19:29,소주,1,5000
2025-05-22,19:30,오돌뼈,1,17000
2025-05-22,19:45,닭발,1,18000
2025-05-22,19:53,소주,1,5000
2025-05-22,19:53,계란찜,1,7000
2025-05-22,19:57,맥주,1,5000
2025-05-22,19:58,하이볼,1,7000
2025-05-22,20:01,오돌뼈,1,17000
2025-05-22,20:01,계란찜,1,7000
2025-05-22,20:02,김치전,1,15000
2025-05-22,20:04,맥주,1,5000
2025-05-22,20:06,소주,1,5000
2025-05-22,20:06,하이볼,1,7000
2025-05-22,20:08,소주,1,5000
2025-05-22,20:09,계란찜,1,7000
2025-05-22,20:17,맥주,1,5000
2025-05-22,20:17,맥주,1,5000
2025-05-22,20:20,맥주,1,5000
2025-05-22,20:21,소주,1,5000
2025-05-22,20:22,김치전,1,15000
2025-05-22,20:25,맥주,1,5000
2025-05-22,20:28,오돌뼈,1,17000
2025-05-22,20:30,오돌뼈,1,17000
2025-05-22,20:30,계란찜,1,7000
2025-05-22,20:34,소주,1,5000
2025-05-22,20:36,계란찜,1,7000
2025-05-22,20:39,소주,1,5000
2025-05-22,20:41,김치전,1,15000
2025-05-22,20:44,소주,1,5000
2025-05-22,20:44,오돌뼈,1,17000
2025-05-22,20:45,닭발,1,18000
2025-05-22,20:46,김치전,1,15000
2025-05-22,20:49,계란찜,1,7000
2025-05-22,20:50,김치전,1,15000
2025-05-22,20:51,닭발,1,18000
2025-05-22,20:57,닭발,1,18000
2025-05-22,20:59,하이볼,1,7000
2025-05-22,21:00,맥주,1,5000
2025-05-22,21:02,하이볼,1,7000
2025-05-22,21:03,오돌뼈,1,17000
2025-05-22,21:04,소주,1,5000
2025-05-22,21:04,맥주,1,5000
2025-05-22,21:05,소주,1,5000
2025-05-22,21:06,하이볼,1,7000
2025-05-22,21:08,오돌뼈,1,17000
2025-05-22,21:09,김치전,1,15000
2025-05-22,21:11,맥주,1,5000
2025-05-22,21:12,맥주,1,5000
2025-05-22,21:12,하이볼,1,7000
2025-05-22,21:13,소주,1,5000
2025-05-22,21:16,맥주,1,5000
2025-05-22,21:20,맥주,1,5000
2025-05-22,21:21,맥주,1,5000
2025-05-22,21:21,닭발,1,18000
2025-05-22,21:25,소주,1,5000
2025-05-22,21:25,닭발,1,18000
2025-05-22,21:25,오돌뼈,1,17000
2025-05-22,21:27,소주,1,5000
2025-05-22,21:27,닭발,1,18000
2025-05-22,21:27,오돌뼈,1,17000
2025-05-22,21:28,소주,1,5000
2025-05-22,21:28,소주,1,5000
2025-05-22,21:28,맥주,1,5000
2025-05-22,21:29,닭발,1,18000
2025-05-22,21:30,닭발,1,18000
2025-05-22,21:31,소주,1,5000
2025-05-22,21:31,닭발,1,18000
2025-05-22,21:32,소주,1,5000
2025-05-22,21:35,소주,1,5000
2025-05-22,21:35,맥주,1,5000
2025-05-22,21:37,하이볼,1,7000
2025-05-22,21:38,맥주,1,5000
2025-05-22,21:40,계란찜,1,7000
2025-05-22,21:43,맥주,1,5000
2025-05-22,21:45,맥주,1,5000
2025-05-22,21:45,맥주,1,5000
2025-05-22,21:46,닭발,1,18000
2025-05-22,21:47,맥주,1,5000
2025-05-22,21:47,김치전,1,15000
2025-05-22,21:48,하이볼,1,7000
2025-05-22,21:48,닭발,1,18000
2025-05-22,21:49,하이볼,1,7000
2025-05-22,21:50,맥주,1,5000
2025-05-22,21:51,맥주,1,5000
2025-05-22,21:52,닭발,1,18000
2025-05-22,21:53,소주,1,5000
2025-05-22,21:54,닭발,1,18000
2025-05-22,21:55,소주,1,5000
2025-05-22,21:59,김치전,1,15000
2025-05-22,22:00,맥주,1,5000
2025-05-22,22:01,김치전,1,15000
2025-05-22,22:05,하이볼,1,7000
2025-05-22,22:06,소주,1,5000
2025-05-22,22:06,닭발,1,18000
2025-05-22,22:07,맥주,1,5000
2025-05-22,22:08,소주,1,5000
2025-05-22,22:10,소주,1,5000
2025-05-22,22:11,오돌뼈,1,17000
2025-05-22,22:11,계란찜,1,7000
2025-05-22,22:12,김치전,1,15000
2025-05-22,22:15,계란찜,1,7000
2025-05-22,22:16,계란찜,1,7000
2025-05-22,22:19,맥주,1,5000
2025-05-22,22:20,맥주,1,5000
2025-05-22,22:23,김치전,1,15000
2025-05-22,22:25,맥주,1,5000
2025-05-22,22:28,하이볼,1,7000
2025-05-22,22:31,맥주,1,5000
2025-05-22,22:32,김치전,1,15000
2025-05-22,22:41,맥주,1,5000
2025-05-22,22:48,소주,1,5000
2025-05-22,22:55,소주,1,5000
2025-05-22,22:58,소주,1,5000
2025-05-22,22:58,계란찜,1,7000
2025-05-22,23:01,맥주,1,5000
2025-05-22,23:03,소주,1,5000
2025-05-22,23:14,소주,1,5000
2025-05-22,23:19,맥주,1,5000
2025-05-22,23:19,오돌뼈,1,17000
2025-05-22,23:20,김치전,1,15000
2025-05-22,23:23,소주,1,5000
2025-05-22,23:29,하이볼,1,7000
2025-05-22,23:31,김치전,1,15000
2025-05-22,23:50,소주,1,5000
2025-05-23,18:42,맥주,1,5000
2025-05-23,19:16,오돌뼈,1,17000
2025-05-23,19:28,하이볼,1,7000
2025-05-23,19:38,하이볼,1,7000
2025-05-23,19:45,맥주,1,5000
2025-05-23,19:47,소주,1,5000
2025-05-23,19:50,소주,1,5000
2025-05-23,20:00,맥주,1,5000
2025-05-23,20:02,하이볼,1,7000
2025-05-23,20:04,김치전,1,15000
2025-05-23,20:08,맥주,1,5000
2025-05-23,20:08,계란찜,1,7000
2025-05-23,20:09,소주,1,5000
2025-05-23,20:12,소주,1,5000
2025-05-23,20:13,닭발,1,18000
2025-05-23,20:15,맥주,1,5000
2025-05-23,20:16,계란찜,1,7000
2025-05-23,20:17,맥주,1,5000
2025-05-23,20:20,맥주,1,5000
2025-05-23,20:22,소주,1,5000
2025-05-23,20:23,맥주,1,5000
2025-05-23,20:24,계란찜,1,7000
2025-05-23,20:25,맥주,1,5000
2025-05-23,20:30,맥주,1,5000
2025-05-23,20:30,오돌뼈,1,17000
2025-05-23,20:32,계란찜,1,7000
2025-05-23,20:41,닭발,1,18000
2025-05-23,20:42,소주,1,5000
2025-05-23,20:44,맥주,1,5000
2025-05-23,20:45,맥주,1,5000
2025-05-23,20:50,맥주,1,5000
2025-05-23,20:51,맥주,1,5000
2025-05-23,20:51,닭발,1,18000
2025-05-23,20:55,오돌뼈,1,17000
2025-05-23,20:57,소주,1,5000
2025-05-23,20:57,소주,1,5000
2025-05-23,20:59,하이볼,1,7000
2025-05-23,21:00,닭발,1,18000
2025-05-23,21:01,닭발,1,18000
2025-05-23,21:02,하이볼,1,7000
2025-05-23,21:03,하이볼,1,7000
2025-05-23,21:06,맥주,1,5000
2025-05-23,21:07,닭발,1,18000
2025-05-23,21:07,오돌뼈,1,17000
2025-05-23,21:10,소주,1,5000
2025-05-23,21:10,계란찜,1,7000
2025-05-23,21:13,계란찜,1,7000
2025-05-23,21:14,소주,1,5000
2025-05-23,21:16,소주,1,5000
2025-05-23,21:17,맥주,1,5000
2025-05-23,21:17,오돌뼈,1,17000
2025-05-23,21:18,하이볼,1,7000
2025-05-23,21:18,닭발,1,18000
2025-05-23,21:19,김치전,1,15000
2025-05-23,21:20,닭발,1,18000
2025-05-23,21:20,계란찜,1,7000
2025-05-23,21:21,소주,1,5000
2025-05-23,21:24,소주,1,5000
2025-05-23,21:26,하이볼,1,7000
2025-05-23,21:27,김치전,1,15000
2025-05-23,21:29,소주,1,5000
2025-05-23,21:31,소주,1,5000
2025-05-23,21:32,계란찜,1,7000
2025-05-23,21:33,닭발,1,18000
2025-05-23,21:34,계란찜,1,7000
2025-05-23,21:35,맥주,1,5000
2025-05-23,21:35,하이볼,1,7000
2025-05-23,21:35,김치전,1,15000
2025-05-23,21:36,소주,1,5000
2025-05-23,21:36,맥주,1,5000
2025-05-23,21:37,오돌뼈,1,17000
2025-05-23,21:39,소주,1,5000
2025-05-23,21:39,맥주,1,5000
2025-05-23,21:39,하이볼,1,7000
2025-05-23,21:40,닭발,1,18000
2025-05-23,21:41,맥주,1,5000
2025-05-23,21:43,맥주,1,5000
2025-05-23,21:43,오돌뼈,1,17000
2025-05-23,21:44,김치전,1,15000
2025-05-23,21:47,맥주,1,5000
2025-05-23,21:47,하이볼,1,7000
2025-05-23,21:50,하이볼,1,7000
2025-05-23,21:53,김치전,1,15000
2025-05-23,22:01,맥주,1,5000
2025-05-23,22:02,맥주,1,5000
2025-05-23,22:06,하이볼,1,7000
2025-05-23,22:06,오돌뼈,1,17000
2025-05-23,22:06,오돌뼈,1,17000
2025-05-23,22:06,김치전,1,15000
2025-05-23,22:07,맥주,1,5000
2025-05-23,22:07,맥주,1,5000
2025-05-23,22:07,하이볼,1,7000
2025-05-23,22:08,소주,1,5000
2025-05-23,22:08,하이볼,1,7000
2025-05-23,22:08,김치전,1,15000
2025-05-23,22:10,소주,1,5000
2025-05-23,22:10,소주,1,5000
2025-05-23,22:11,오돌뼈,1,17000
2025-05-23,22:11,계란찜,1,7000
2025-05-23,22:12,맥주,1,5000
2025-05-23,22:13,하이볼,1,7000
2025-05-23,22:17,소주,1,5000
2025-05-23,22:18,소주,1,5000
2025-05-23,22:18,소주,1,5000
2025-05-23,22:20,닭발,1,18000
2025-05-23,22:20,김치전,1,15000
2025-05-23,22:21,닭발,1,18000
2025-05-23,22:22,소주,1,5000
2025-05-23,22:22,소주,1,5000
2025-05-23,22:27,소주,1,5000
2025-05-23,22:28,하이볼,1,7000
2025-05-23,22:31,소주,1,5000
2025-05-23,22:31,맥주,1,5000
2025-05-23,22:32,닭발,1,18000
2025-05-23,22:33,오돌뼈,1,17000
2025-05-23,22:33,김치전,1,15000
2025-05-23,22:35,닭발,1,18000
2025-05-23,22:38,닭발,1,18000
2025-05-23,22:38,김치전,1,15000
2025-05-23,22:40,오돌뼈,1,17000
2025-05-23,22:48,맥주,1,5000
2025-05-23,22:49,소주,1,5000
2025-05-23,22:49,닭발,1,18000
2025-05-23,22:50,소주,1,5000
2025-05-23,22:58,맥주,1,5000
2025-05-23,22:58,계란찜,1,7000
2025-05-23,23:02,소주,1,5000
2025-05-23,23:11,소주,1,5000
2025-05-23,23:21,소주,1,5000
2025-05-23,23:30,맥주,1,5000
2025-05-23,23:30,닭발,1,18000
2025-05-23,23:32,오돌뼈,1,17000
2025-05-23,23:50,소주,1,5000
2025-05-24,19:12,하이볼,1,7000
2025-05-24,19:19,오돌뼈,1,17000
2025-05-24,19:29,맥주,1,5000
2025-05-24,19:33,맥주,1,5000
2025-05-24,19:36,소주,1,5000
2025-05-24,19:36,맥주,1,5000
2025-05-24,19:40,오돌뼈,1,17000
2025-05-24,19:42,계란찜,1,7000
2025-05-24,19:43,소주,1,5000
2025-05-24,19:45,닭발,1,18000
2025-05-24,19:46,하이볼,1,7000
2025-05-24,19:51,소주,1,5000
2025-05-24,19:53,닭발,1,18000
2025-05-24,19:54,김치전,1,15000
2025-05-24,19:58,맥주,1,5000
2025-05-24,20:01,하이볼,1,7000
2025-05-24,20:06,계란찜,1,7000
2025-05-24,20:13,오돌뼈,1,17000
2025-05-24,20:16,맥주,1,5000
2025-05-24,20:20,닭발,1,18000
2025-05-24,20:20,닭발,1,18000
2025-05-24,20:23,맥주,1,5000
2025-05-24,20:24,하이볼,1,7000
2025-05-24,20:25,맥주,1,5000
2025-05-24,20:28,맥주,1,5000
2025-05-24,20:30,소주,1,5000
2025-05-24,20:30,닭발,1,18000
2025-05-24,20:30,닭발,1,18000
2025-05-24,20:36,김치전,1,15000
2025-05-24,20:39,소주,1,5000
2025-05-24,20:40,소주,1,5000
2025-05-24,20:45,맥주,1,5000
2025-05-24,20:46,맥주,1,5000
2025-05-24,20:48,소주,1,5000
2025-05-24,20:48,맥주,1,5000
2025-05-24,20:52,소주,1,5000
2025-05-24,20:52,오돌뼈,1,17000
2025-05-24,20:53,맥주,1,5000
2025-05-24,20:53,김치전,1,15000
2025-05-24,20:54,닭발,1,18000
2025-05-24,20:56,소주,1,5000
2025-05-24,20:56,하이볼,1,7000
2025-05-24,20:56,하이볼,1,7000
2025-05-24,20:57,닭발,1,18000
2025-05-24,21:00,맥주,1,5000
2025-05-24,21:00,닭발,1,18000
2025-05-24,21:02,소주,1,5000
2025-05-24,21:03,소주,1,5000
2025-05-24,21:06,하이볼,1,7000
2025-05-24,21:07,소주,1,5000
2025-05-24,21:07,소주,1,5000
2025-05-24,21:07,닭발,1,18000
2025-05-24,21:11,소주,1,5000
2025-05-24,21:14,계란찜,1,7000
2025-05-24,21:17,오돌뼈,1,17000
2025-05-24,21:19,닭발,1,18000
2025-05-24,21:19,김치전,1,15000
2025-05-24,21:19,계란찜,1,7000
2025-05-24,21:21,닭발,1,18000
2025-05-24,21:22,오돌뼈,1,17000
2025-05-24,21:24,소주,1,5000
2025-05-24,21:24,계란찜,1,7000
2025-05-24,21:25,맥주,1,5000
2025-05-24,21:26,맥주,1,5000
2025-05-24,21:27,김치전,1,15000
2025-05-24,21:28,소주,1,5000
2025-05-24,21:29,맥주,1,5000
2025-05-24,21:30,소주,1,5000
2025-05-24,21:31,소주,1,5000
2025-05-24,21:32,소주,1,5000
2025-05-24,21:34,소주,1,5000
2025-05-24,21:35,맥주,1,5000
2025-05-24,21:40,소주,1,5000
2025-05-24,21:43,오돌뼈,1,17000
2025-05-24,21:43,오돌뼈,1,17000
2025-05-24,21:44,맥주,1,5000
2025-05-24,21:44,닭발,1,18000
2025-05-24,21:45,하이볼,1,7000
2025-05-24,21:46,계란찜,1,7000
2025-05-24,21:49,맥주,1,5000
2025-05-24,21:50,닭발,1,18000
2025-05-24,21:50,김치전,1,15000
2025-05-24,21:51,소주,1,5000
2025-05-24,21:53,맥주,1,5000
2025-05-24,21:54,소주,1,5000
2025-05-24,21:54,소주,1,5000
2025-05-24,21:55,계란찜,1,7000
2025-05-24,21:58,하이볼,1,7000
2025-05-24,21:59,오돌뼈,1,17000
2025-05-24,22:02,소주,1,5000
2025-05-24,22:02,맥주,1,5000
2025-05-24,22:05,하이볼,1,7000
2025-05-24,22:06,하이볼,1,7000
2025-05-24,22:09,소주,1,5000
2025-05-24,22:09,김치전,1,15000
2025-05-24,22:11,계란찜,1,7000
2025-05-24,22:12,소주,1,5000
2025-05-24,22:12,계란찜,1,7000
2025-05-24,22:16,맥주,1,5000
2025-05-24,22:16,하이볼,1,7000
2025-05-24,22:19,오돌뼈,1,17000
2025-05-24,22:21,오돌뼈,1,17000
2025-05-24,22:24,김치전,1,15000
2025-05-24,22:27,소주,1,5000
2025-05-24,22:27,소주,1,5000
2025-05-24,22:27,계란찜,1,7000
2025-05-24,22:28,계란찜,1,7000
2025-05-24,22:33,맥주,1,5000
2025-05-24,22:34,맥주,1,5000
2025-05-24,22:34,하이볼,1,7000
2025-05-24,22:35,소주,1,5000
2025-05-24,22:35,오돌뼈,1,17000
2025-05-24,22:36,소주,1,5000
2025-05-24,22:37,닭발,1,18000
2025-05-24,22:40,맥주,1,5000
2025-05-24,22:41,닭발,1,18000
2025-05-24,22:44,닭발,1,18000
2025-05-24,22:44,김치전,1,15000
2025-05-24,22:44,계란찜,1,7000
2025-05-24,22:49,맥주,1,5000
2025-05-24,22:49,닭발,1,18000
2025-05-24,22:51,소주,1,5000
2025-05-24,22:53,하이볼,1,7000
2025-05-24,22:55,김치전,1,15000
2025-05-24,22:57,맥주,1,5000
2025-05-24,22:59,맥주,1,5000
2025-05-24,23:04,소주,1,5000
2025-05-24,23:04,맥주,1,5000
2025-05-24,23:06,소주,1,5000
2025-05-24,23:07,김치전,1,15000
2025-05-24,23:15,김치전,1,15000
2025-05-24,23:16,오돌뼈,1,17000
2025-05-24,23:30,오돌뼈,1,17000
2025-05-24,23:32,맥주,1,5000
2025-05-24,23:50,소주,1,5000
2025-05-24,23:50,맥주,1,5000
2025-05-24,23:50,김치전,1,15000
2025-05-25,18:51,소주,1,5000
2025-05-25,19:07,하이볼,1,7000
2025-05-25,19:12,오돌뼈,1,17000
2025-05-25,19:25,소주,1,5000
2025-05-25,19:32,소주,1,5000
2025-05-25,19:53,맥주,1,5000
2025-05-25,19:56,계란찜,1,7000
2025-05-25,19:58,계란찜,1,7000
2025-05-25,20:08,맥주,1,5000
2025-05-25,20:12,계란찜,1,7000
2025-05-25,20:15,맥주,1,5000
2025-05-25,20:18,소주,1,5000
2025-05-25,20:22,맥주,1,5000
2025-05-25,20:24,김치전,1,15000
2025-05-25,20:35,맥주,1,5000
2025-05-25,20:40,맥주,1,5000
2025-05-25,20:40,닭발,1,18000
2025-05-25,20:44,김치전,1,15000
2025-05-25,20:46,맥주,1,5000
2025-05-25,20:51,맥주,1,5000
2025-05-25,20:52,소주,1,5000
2025-05-25,20:54,닭발,1,18000
2025-05-25,20:54,닭발,1,18000
2025-05-25,21:01,소주,1,5000
2025-05-25,21:03,계란찜,1,7000
2025-05-25,21:23,소주,1,5000
2025-05-25,21:26,소주,1,5000
2025-05-25,21:28,소주,1,5000
2025-05-25,21:28,맥주,1,5000
2025-05-25,21:28,김치전,1,15000
2025-05-25,21:39,닭발,1,18000
2025-05-25,21:44,김치전,1,15000
2025-05-25,21:47,닭발,1,18000
2025-05-25,21:48,하이볼,1,7000
2025-05-25,21:51,오돌뼈,1,17000
2025-05-25,21:53,맥주,1,5000
2025-05-25,21:57,하이볼,1,7000
2025-05-25,21:57,닭발,1,18000
2025-05-25,22:01,하이볼,1,7000
2025-05-25,22:13,맥주,1,5000
2025-05-25,22:15,김치전,1,15000
2025-05-25,22:16,하이볼,1,7000
2025-05-25,22:20,맥주,1,5000
2025-05-25,22:22,맥주,1,5000
2025-05-25,22:28,소주,1,5000
2025-05-25,22:28,소주,1,5000
2025-05-25,22:29,하이볼,1,7000
2025-05-25,22:32,소주,1,5000
2025-05-25,22:52,계란찜,1,7000
2025-05-25,23:50,맥주,1,5000
2025-05-25,23:50,하이볼,1,7000
2025-05-26,19:35,맥주,1,5000
2025-05-26,19:39,소주,1,5000
2025-05-26,19:46,맥주,1,5000
2025-05-26,19:48,소주,1,5000
2025-05-26,19:49,맥주,1,5000
2025-05-26,19:50,맥주,1,5000
2025-05-26,19:59,맥주,1,5000
2025-05-26,20:04,하이볼,1,7000
2025-05-26,20:05,닭발,1,18000
2025-05-26,20:07,계란찜,1,7000
2025-05-26,20:14,오돌뼈,1,17000
2025-05-26,20:15,하이볼,1,7000
2025-05-26,20:17,오돌뼈,1,17000
2025-05-26,20:35,오돌뼈,1,17000
2025-05-26,20:36,하이볼,1,7000
2025-05-26,20:36,닭발,1,18000
2025-05-26,20:40,소주,1,5000
2025-05-26,20:49,맥주,1,5000
2025-05-26,20:51,맥주,1,5000
2025-05-26,20:53,소주,1,5000
2025-05-26,20:54,닭발,1,18000
2025-05-26,21:01,맥주,1,5000
2025-05-26,21:05,오돌뼈,1,17000
2025-05-26,21:06,김치전,1,15000
2025-05-26,21:08,김치전,1,15000
2025-05-26,21:15,맥주,1,5000
2025-05-26,21:15,하이볼,1,7000
2025-05-26,21:16,소주,1,5000
2025-05-26,21:20,소주,1,5000
2025-05-26,21:23,소주,1,5000
2025-05-26,21:23,계란찜,1,7000
2025-05-26,21:27,닭발,1,18000
2025-05-26,21:27,김치전,1,15000
2025-05-26,21:30,오돌뼈,1,17000
2025-05-26,21:31,닭발,1,18000
2025-05-26,21:37,오돌뼈,1,17000
2025-05-26,21:37,계란찜,1,7000
2025-05-26,21:38,닭발,1,18000
2025-05-26,21:39,닭발,1,18000
2025-05-26,21:40,닭발,1,18000
2025-05-26,21:41,김치전,1,15000
2025-05-26,21:43,소주,1,5000
2025-05-26,21:44,오돌뼈,1,17000
2025-05-26,21:47,소주,1,5000
2025-05-26,21:49,닭발,1,18000
2025-05-26,21:51,김치전,1,15000
2025-05-26,21:53,하이볼,1,7000
2025-05-26,21:54,소주,1,5000
2025-05-26,21:56,닭발,1,18000
2025-05-26,21:57,김치전,1,15000
2025-05-26,22:00,맥주,1,5000
2025-05-26,22:00,하이볼,1,7000
2025-05-26,22:01,소주,1,5000
2025-05-26,22:09,김치전,1,15000
2025-05-26,22:16,소주,1,5000
2025-05-26,22:16,맥주,1,5000
2025-05-26,22:20,소주,1,5000
2025-05-26,22:28,맥주,1,5000
2025-05-26,22:31,맥주,1,5000
2025-05-26,22:32,소주,1,5000
2025-05-26,22:35,맥주,1,5000
2025-05-26,22:38,하이볼,1,7000
2025-05-26,22:40,맥주,1,5000
2025-05-26,22:47,소주,1,5000
2025-05-26,22:56,소주,1,5000
2025-05-26,23:07,소주,1,5000
2025-05-26,23:16,계란찜,1,7000
2025-05-26,23:19,계란찜,1,7000
2025-05-26,23:21,하이볼,1,7000
2025-05-26,23:26,맥주,1,5000
2025-05-26,23:40,닭발,1,18000
2025-05-26,23:47,소주,1,5000
2025-05-26,23:50,하이볼,1,7000
2025-05-27,19:44,소주,1,5000
2025-05-27,19:46,맥주,1,5000
2025-05-27,19:48,맥주,1,5000
2025-05-27,19:50,맥주,1,5000
2025-05-27,19:53,소주,1,5000
2025-05-27,19:59,맥주,1,5000
2025-05-27,20:01,소주,1,5000
2025-05-27,20:06,맥주,1,5000
2025-05-27,20:07,맥주,1,5000
2025-05-27,20:09,맥주,1,5000
2025-05-27,20:11,하이볼,1,7000
2025-05-27,20:15,닭발,1,18000
2025-05-27,20:18,하이볼,1,7000
2025-05-27,20:19,소주,1,5000
2025-05-27,20:20,닭발,1,18000
2025-05-27,20:21,오돌뼈,1,17000
2025-05-27,20:28,오돌뼈,1,17000
2025-05-27,20:29,맥주,1,5000
2025-05-27,20:32,맥주,1,5000
2025-05-27,20:32,하이볼,1,7000
2025-05-27,20:34,닭발,1,18000
2025-05-27,20:37,소주,1,5000
2025-05-27,20:38,소주,1,5000
2025-05-27,20:40,맥주,1,5000
2025-05-27,20:48,오돌뼈,1,17000
2025-05-27,20:53,닭발,1,18000
2025-05-27,20:54,맥주,1,5000
2025-05-27,20:56,닭발,1,18000
2025-05-27,21:06,김치전,1,15000
2025-05-27,21:07,소주,1,5000
2025-05-27,21:09,맥주,1,5000
2025-05-27,21:09,김치전,1,15000
2025-05-27,21:12,김치전,1,15000
2025-05-27,21:15,닭발,1,18000
2025-05-27,21:19,맥주,1,5000
2025-05-27,21:21,오돌뼈,1,17000
2025-05-27,21:28,맥주,1,5000
2025-05-27,21:28,김치전,1,15000
2025-05-27,21:30,김치전,1,15000
2025-05-27,21:32,오돌뼈,1,17000
2025-05-27,21:37,김치전,1,15000
2025-05-27,21:39,닭발,1,18000
2025-05-27,21:39,닭발,1,18000
2025-05-27,21:42,김치전,1,15000
2025-05-27,21:43,소주,1,5000
2025-05-27,21:46,맥주,1,5000
2025-05-27,21:50,닭발,1,18000
2025-05-27,21:51,소주,1,5000
2025-05-27,21:51,오돌뼈,1,17000
2025-05-27,21:53,하이볼,1,7000
2025-05-27,21:55,소주,1,5000
2025-05-27,21:55,소주,1,5000
2025-05-27,21:55,닭발,1,18000
2025-05-27,22:02,계란찜,1,7000
2025-05-27,22:03,맥주,1,5000
2025-05-27,22:05,소주,1,5000
2025-05-27,22:06,계란찜,1,7000
2025-05-27,22:10,하이볼,1,7000
2025-05-27,22:11,하이볼,1,7000
2025-05-27,22:11,오돌뼈,1,17000
2025-05-27,22:15,하이볼,1,7000
2025-05-27,22:16,닭발,1,18000
2025-05-27,22:17,맥주,1,5000
2025-05-27,22:21,맥주,1,5000
2025-05-27,22:25,소주,1,5000
2025-05-27,22:25,계란찜,1,7000
2025-05-27,22:27,맥주,1,5000
2025-05-27,22:27,하이볼,1,7000
2025-05-27,22:28,닭발,1,18000
2025-05-27,22:39,소주,1,5000
2025-05-27,22:39,하이볼,1,7000
2025-05-27,22:41,소주,1,5000
2025-05-27,22:41,계란찜,1,7000
2025-05-27,22:43,소주,1,5000
2025-05-27,22:47,하이볼,1,7000
2025-05-27,22:51,김치전,1,15000
2025-05-27,22:52,김치전,1,15000
2025-05-27,22:53,오돌뼈,1,17000
2025-05-27,22:55,소주,1,5000
2025-05-27,23:00,소주,1,5000
2025-05-27,23:04,맥주,1,5000
2025-05-27,23:04,하이볼,1,7000
2025-05-27,23:08,김치전,1,15000
2025-05-27,23:10,계란찜,1,7000
2025-05-27,23:11,소주,1,5000
2025-05-27,23:11,맥주,1,5000
2025-05-27,23:22,오돌뼈,1,17000
2025-05-27,23:31,오돌뼈,1,17000
2025-05-27,23:36,소주,1,5000
2025-05-27,23:36,오돌뼈,1,17000
2025-05-27,23:39,맥주,1,5000
2025-05-27,23:49,소주,1,5000
2025-05-27,23:50,소주,1,5000
2025-05-28,18:39,오돌뼈,1,17000
2025-05-28,19:12,맥주,1,5000
2025-05-28,19:29,김치전,1,15000
2025-05-28,19:34,닭발,1,18000
2025-05-28,19:37,맥주,1,5000
2025-05-28,19:38,계란찜,1,7000
2025-05-28,19:40,닭발,1,18000
2025-05-28,19:42,하이볼,1,7000
2025-05-28,19:52,하이볼,1,7000
2025-05-28,19:53,소주,1,5000
2025-05-28,19:58,소주,1,5000
2025-05-28,19:58,맥주,1,5000
2025-05-28,19:59,맥주,1,5000
2025-05-28,20:04,맥주,1,5000
2025-05-28,20:11,소주,1,5000
2025-05-28,20:16,맥주,1,5000
2025-05-28,20:16,오돌뼈,1,17000
2025-05-28,20:20,소주,1,5000
2025-05-28,20:21,맥주,1,5000
2025-05-28,20:24,소주,1,5000
2025-05-28,20:24,김치전,1,15000
2025-05-28,20:26,오돌뼈,1,17000
2025-05-28,20:29,오돌뼈,1,17000
2025-05-28,20:32,소주,1,5000
2025-05-28,20:32,맥주,1,5000
2025-05-28,20:32,하이볼,1,7000
2025-05-28,20:33,오돌뼈,1,17000
2025-05-28,20:33,계란찜,1,7000
2025-05-28,20:35,맥주,1,5000
2025-05-28,20:36,하이볼,1,7000
2025-05-28,20:38,맥주,1,5000
2025-05-28,20:40,계란찜,1,7000
2025-05-28,20:42,계란찜,1,7000
2025-05-28,20:44,김치전,1,15000
2025-05-28,20:49,닭발,1,18000
2025-05-28,20:51,김치전,1,15000
2025-05-28,20:56,닭발,1,18000
2025-05-28,20:57,닭발,1,18000
2025-05-28,20:58,맥주,1,5000
2025-05-28,20:58,하이볼,1,7000
2025-05-28,20:59,닭발,1,18000
2025-05-28,21:03,소주,1,5000
2025-05-28,21:03,맥주,1,5000
2025-05-28,21:04,소주,1,5000
2025-05-28,21:04,닭발,1,18000
2025-05-28,21:06,소주,1,5000
2025-05-28,21:06,소주,1,5000
2025-05-28,21:07,오돌뼈,1,17000
2025-05-28,21:08,오돌뼈,1,17000
2025-05-28,21:09,소주,1,5000
2025-05-28,21:11,맥주,1,5000
2025-05-28,21:12,소주,1,5000
2025-05-28,21:12,하이볼,1,7000
2025-05-28,21:16,닭발,1,18000
2025-05-28,21:17,김치전,1,15000
2025-05-28,21:19,계란찜,1,7000
2025-05-28,21:21,김치전,1,15000
2025-05-28,21:23,오돌뼈,1,17000
2025-05-28,21:25,계란찜,1,7000
2025-05-28,21:27,소주,1,5000
2025-05-28,21:27,맥주,1,5000
2025-05-28,21:27,하이볼,1,7000
2025-05-28,21:31,맥주,1,5000
2025-05-28,21:31,오돌뼈,1,17000
2025-05-28,21:32,소주,1,5000
2025-05-28,21:34,하이볼,1,7000
2025-05-28,21:36,하이볼,1,7000
2025-05-28,21:36,김치전,1,15000
2025-05-28,21:38,소주,1,5000
2025-05-28,21:38,하이볼,1,7000
2025-05-28,21:38,김치전,1,15000
2025-05-28,21:39,맥주,1,5000
2025-05-28,21:42,소주,1,5000
2025-05-28,21:44,소주,1,5000
2025-05-28,21:45,소주,1,5000
2025-05-28,21:48,소주,1,5000
2025-05-28,21:48,닭발,1,18000
2025-05-28,21:49,소주,1,5000
2025-05-28,21:49,닭발,1,18000
2025-05-28,21:52,하이볼,1,7000
2025-05-28,21:53,하이볼,1,7000
2025-05-28,21:56,계란찜,1,7000
2025-05-28,21:57,하이볼,1,7000
2025-05-28,21:58,오돌뼈,1,17000
2025-05-28,21:58,오돌뼈,1,17000
2025-05-28,21:59,오돌뼈,1,17000
2025-05-28,22:02,맥주,1,5000
2025-05-28,22:03,소주,1,5000
2025-05-28,22:04,맥주,1,5000
2025-05-28,22:05,닭발,1,18000
2025-05-28,22:06,맥주,1,5000
2025-05-28,22:06,맥주,1,5000
2025-05-28,22:07,맥주,1,5000
2025-05-28,22:08,소주,1,5000
2025-05-28,22:15,오돌뼈,1,17000
2025-05-28,22:17,닭발,1,18000
2025-05-28,22:21,맥주,1,5000
2025-05-28,22:27,맥주,1,5000
2025-05-28,22:28,김치전,1,15000
2025-05-28,22:31,소주,1,5000
2025-05-28,22:37,하이볼,1,7000
2025-05-28,22:37,계란찜,1,7000
2025-05-28,22:40,맥주,1,5000
2025-05-28,22:41,김치전,1,15000
2025-05-28,22:43,오돌뼈,1,17000
2025-05-28,22:49,소주,1,5000
2025-05-28,22:50,오돌뼈,1,17000
2025-05-28,22:52,맥주,1,5000
2025-05-28,22:57,닭발,1,18000
2025-05-28,22:59,소주,1,5000
2025-05-28,22:59,소주,1,5000
2025-05-28,22:59,닭발,1,18000
2025-05-28,23:01,닭발,1,18000
2025-05-28,23:03,하이볼,1,7000
2025-05-28,23:10,소주,1,5000
2025-05-28,23:12,소주,1,5000
2025-05-28,23:14,하이볼,1,7000
2025-05-28,23:18,닭발,1,18000
2025-05-28,23:35,소주,1,5000
2025-05-28,23:37,맥주,1,5000
2025-05-28,23:43,소주,1,5000
2025-05-28,23:50,소주,1,5000
2025-05-29,18:37,맥주,1,5000
2025-05-29,18:44,김치전,1,15000
2025-05-29,18:52,맥주,1,5000
2025-05-29,19:03,닭발,1,18000
2025-05-29,19:17,맥주,1,5000
2025-05-29,19:21,오돌뼈,1,17000
2025-05-29,19:21,계란찜,1,7000
2025-05-29,19:33,하이볼,1,7000
2025-05-29,19:35,맥주,1,5000
2025-05-29,19:43,오돌뼈,1,17000
2025-05-29,19:43,김치전,1,15000
2025-05-29,19:45,소주,1,5000
2025-05-29,19:46,김치전,1,15000
2025-05-29,19:51,소주,1,5000
2025-05-29,19:53,닭발,1,18000
2025-05-29,19:57,맥주,1,5000
2025-05-29,19:57,하이볼,1,7000
2025-05-29,20:03,맥주,1,5000
2025-05-29,20:04,소주,1,5000
2025-05-29,20:07,닭발,1,18000
2025-05-29,20:09,닭발,1,18000
2025-05-29,20:10,오돌뼈,1,17000
2025-05-29,20:12,하이볼,1,7000
2025-05-29,20:17,소주,1,5000
2025-05-29,20:17,닭발,1,18000
2025-05-29,20:19,하이볼,1,7000
2025-05-29,20:20,오돌뼈,1,17000
2025-05-29,20:20,계란찜,1,7000
2025-05-29,20:23,소주,1,5000
2025-05-29,20:27,닭발,1,18000
2025-05-29,20:28,소주,1,5000
2025-05-29,20:28,하이볼,1,7000
2025-05-29,20:30,소주,1,5000
2025-05-29,20:33,소주,1,5000
2025-05-29,20:34,맥주,1,5000
2025-05-29,20:37,하이볼,1,7000
2025-05-29,20:38,맥주,1,5000
2025-05-29,20:40,오돌뼈,1,17000
2025-05-29,20:43,소주,1,5000
2025-05-29,20:47,맥주,1,5000
2025-05-29,20:47,하이볼,1,7000
2025-05-29,20:50,소주,1,5000
2025-05-29,20:51,맥주,1,5000
2025-05-29,20:51,닭발,1,18000
2025-05-29,20:52,하이볼,1,7000
2025-05-29,20:53,소주,1,5000
2025-05-29,20:55,맥주,1,5000
2025-05-29,20:55,하이볼,1,7000
2025-05-29,20:56,소주,1,5000
2025-05-29,20:56,오돌뼈,1,17000
2025-05-29,20:58,김치전,1,15000
2025-05-29,21:00,소주,1,5000
2025-05-29,21:02,하이볼,1,7000
2025-05-29,21:03,오돌뼈,1,17000
2025-05-29,21:05,계란찜,1,7000
2025-05-29,21:06,소주,1,5000
2025-05-29,21:09,맥주,1,5000
2025-05-29,21:12,맥주,1,5000
2025-05-29,21:14,소주,1,5000
2025-05-29,21:16,소주,1,5000
2025-05-29,21:17,오돌뼈,1,17000
2025-05-29,21:18,하이볼,1,7000
2025-05-29,21:18,김치전,1,15000
2025-05-29,21:20,닭발,1,18000
2025-05-29,21:20,김치전,1,15000
2025-05-29,21:21,소주,1,5000
2025-05-29,21:22,닭발,1,18000
2025-05-29,21:23,하이볼,1,7000
2025-05-29,21:24,닭발,1,18000
2025-05-29,21:25,하이볼,1,7000
2025-05-29,21:27,맥주,1,5000
2025-05-29,21:27,닭발,1,18000
2025-05-29,21:28,닭발,1,18000
2025-05-29,21:29,맥주,1,5000
2025-05-29,21:29,맥주,1,5000
2025-05-29,21:29,하이볼,1,7000
2025-05-29,21:31,닭발,1,18000
2025-05-29,21:34,오돌뼈,1,17000
2025-05-29,21:36,하이볼,1,7000
2025-05-29,21:41,맥주,1,5000
2025-05-29,21:41,오돌뼈,1,17000
2025-05-29,21:41,오돌뼈,1,17000
2025-05-29,21:43,소주,1,5000
2025-05-29,21:45,소주,1,5000
2025-05-29,21:45,오돌뼈,1,17000
2025-05-29,21:46,계란찜,1,7000
2025-05-29,21:49,소주,1,5000
2025-05-29,21:49,김치전,1,15000
2025-05-29,21:51,소주,1,5000
2025-05-29,21:51,소주,1,5000
2025-05-29,21:51,맥주,1,5000
2025-05-29,21:51,맥주,1,5000
2025-05-29,21:52,닭발,1,18000
2025-05-29,21:54,김치전,1,15000
2025-05-29,21:55,맥주,1,5000
2025-05-29,21:55,닭발,1,18000
2025-05-29,21:56,맥주,1,5000
2025-05-29,21:57,소주,1,5000
2025-05-29,21:59,맥주,1,5000
2025-05-29,22:00,계란찜,1,7000
2025-05-29,22:00,계란찜,1,7000
2025-05-29,22:03,소주,1,5000
2025-05-29,22:03,계란찜,1,7000
2025-05-29,22:04,김치전,1,15000
2025-05-29,22:06,소주,1,5000
2025-05-29,22:06,맥주,1,5000
2025-05-29,22:07,맥주,1,5000
2025-05-29,22:08,소주,1,5000
2025-05-29,22:11,하이볼,1,7000
2025-05-29,22:16,계란찜,1,7000
2025-05-29,22:19,김치전,1,15000
2025-05-29,22:27,계란찜,1,7000
2025-05-29,22:32,소주,1,5000
2025-05-29,22:33,소주,1,5000
2025-05-29,22:34,소주,1,5000
2025-05-29,22:34,소주,1,5000
2025-05-29,22:40,소주,1,5000
2025-05-29,22:43,맥주,1,5000
2025-05-29,22:48,계란찜,1,7000
2025-05-29,22:49,소주,1,5000
2025-05-29,22:49,김치전,1,15000
2025-05-29,22:52,오돌뼈,1,17000
2025-05-29,22:57,하이볼,1,7000
2025-05-29,23:02,맥주,1,5000
2025-05-29,23:05,소주,1,5000
2025-05-29,23:06,맥주,1,5000
2025-05-29,23:08,소주,1,5000
2025-05-29,23:10,소주,1,5000
2025-05-29,23:18,맥주,1,5000
2025-05-29,23:19,계란찜,1,7000
2025-05-29,23:24,맥주,1,5000
2025-05-29,23:27,계란찜,1,7000
2025-05-29,23:28,맥주,1,5000
2025-05-29,23:42,소주,1,5000
2025-05-29,23:42,김치전,1,15000
2025-05-29,23:46,닭발,1,18000
2025-05-29,23:50,소주,1,5000
2025-05-29,23:50,닭발,1,18000
2025-05-29,23:50,계란찜,1,7000
2025-05-30,19:18,소주,1,5000
2025-05-30,19:24,오돌뼈,1,17000
2025-05-30,19:41,하이볼,1,7000
2025-05-30,19:42,맥주,1,5000
2025-05-30,19:45,계란찜,1,7000
2025-05-30,19:49,닭발,1,18000
2025-05-30,19:52,소주,1,5000
2025-05-30,19:54,닭발,1,18000
2025-05-30,19:56,맥주,1,5000
2025-05-30,19:59,소주,1,5000
2025-05-30,20:08,맥주,1,5000
2025-05-30,20:12,맥주,1,5000
2025-05-30,20:20,소주,1,5000
2025-05-30,20:25,닭발,1,18000
2025-05-30,20:28,김치전,1,15000
2025-05-30,20:31,소주,1,5000
2025-05-30,20:33,소주,1,5000
2025-05-30,20:33,맥주,1,5000
2025-05-30,20:34,맥주,1,5000
2025-05-30,20:35,하이볼,1,7000
2025-05-30,20:38,소주,1,5000
2025-05-30,20:38,닭발,1,18000
2025-05-30,20:39,맥주,1,5000
2025-05-30,20:40,소주,1,5000
2025-05-30,20:41,소주,1,5000
2025-05-30,20:42,소주,1,5000
2025-05-30,20:43,오돌뼈,1,17000
2025-05-30,20:47,김치전,1,15000
2025-05-30,20:52,소주,1,5000
2025-05-30,20:57,맥주,1,5000
2025-05-30,20:57,닭발,1,18000
2025-05-30,20:58,소주,1,5000
2025-05-30,20:59,하이볼,1,7000
2025-05-30,21:01,소주,1,5000
2025-05-30,21:02,소주,1,5000
2025-05-30,21:03,하이볼,1,7000
2025-05-30,21:03,닭발,1,18000
2025-05-30,21:04,맥주,1,5000
2025-05-30,21:09,김치전,1,15000
2025-05-30,21:13,맥주,1,5000
2025-05-30,21:13,김치전,1,15000
2025-05-30,21:20,소주,1,5000
2025-05-30,21:20,닭발,1,18000
2025-05-30,21:21,닭발,1,18000
2025-05-30,21:21,계란찜,1,7000
2025-05-30,21:24,소주,1,5000
2025-05-30,21:25,김치전,1,15000
2025-05-30,21:28,맥주,1,5000
2025-05-30,21:28,오돌뼈,1,17000
2025-05-30,21:29,맥주,1,5000
2025-05-30,21:30,김치전,1,15000
2025-05-30,21:31,소주,1,5000
2025-05-30,21:32,맥주,1,5000
2025-05-30,21:34,맥주,1,5000
2025-05-30,21:34,닭발,1,18000
2025-05-30,21:36,맥주,1,5000
2025-05-30,21:39,소주,1,5000
2025-05-30,21:40,오돌뼈,1,17000
2025-05-30,21:43,닭발,1,18000
2025-05-30,21:44,오돌뼈,1,17000
2025-05-30,21:53,하이볼,1,7000
2025-05-30,21:54,맥주,1,5000
2025-05-30,21:55,소주,1,5000
2025-05-30,21:57,오돌뼈,1,17000
2025-05-30,22:01,계란찜,1,7000
2025-05-30,22:02,하이볼,1,7000
2025-05-30,22:02,계란찜,1,7000
2025-05-30,22:03,하이볼,1,7000
2025-05-30,22:04,맥주,1,5000
2025-05-30,22:05,오돌뼈,1,17000
2025-05-30,22:06,계란찜,1,7000
2025-05-30,22:08,소주,1,5000
2025-05-30,22:08,오돌뼈,1,17000
2025-05-30,22:09,닭발,1,18000
2025-05-30,22:11,닭발,1,18000
2025-05-30,22:12,하이볼,1,7000
2025-05-30,22:12,오돌뼈,1,17000
2025-05-30,22:15,하이볼,1,7000
2025-05-30,22:16,닭발,1,18000
2025-05-30,22:20,계란찜,1,7000
2025-05-30,22:20,계란찜,1,7000
2025-05-30,22:23,소주,1,5000
2025-05-30,22:25,하이볼,1,7000
2025-05-30,22:25,김치전,1,15000
2025-05-30,22:26,맥주,1,5000
2025-05-30,22:28,소주,1,5000
2025-05-30,22:32,소주,1,5000
2025-05-30,22:34,하이볼,1,7000
2025-05-30,22:34,김치전,1,15000
2025-05-30,22:36,오돌뼈,1,17000
2025-05-30,22:38,계란찜,1,7000
2025-05-30,22:39,소주,1,5000
2025-05-30,22:41,계란찜,1,7000
2025-05-30,22:42,하이볼,1,7000
2025-05-30,22:42,오돌뼈,1,17000
2025-05-30,22:43,소주,1,5000
2025-05-30,22:43,맥주,1,5000
2025-05-30,22:49,닭발,1,18000
2025-05-30,22:52,계란찜,1,7000
2025-05-30,22:53,하이볼,1,7000
2025-05-30,22:57,소주,1,5000
2025-05-30,23:02,김치전,1,15000
2025-05-30,23:03,계란찜,1,7000
2025-05-30,23:04,하이볼,1,7000
2025-05-30,23:04,닭발,1,18000
2025-05-30,23:08,소주,1,5000
2025-05-30,23:08,맥주,1,5000
2025-05-30,23:26,닭발,1,18000
2025-05-30,23:38,맥주,1,5000
2025-05-30,23:47,소주,1,5000
2025-05-30,23:50,맥주,1,5000
2025-05-30,23:50,김치전,1,15000
2025-05-31,19:12,소주,1,5000
2025-05-31,19:20,하이볼,1,7000
2025-05-31,19:21,소주,1,5000
2025-05-31,19:30,소주,1,5000
2025-05-31,19:33,맥주,1,5000
2025-05-31,19:36,소주,1,5000
2025-05-31,19:37,소주,1,5000
2025-05-31,19:40,맥주,1,5000
2025-05-31,19:55,계란찜,1,7000
2025-05-31,20:01,맥주,1,5000
2025-05-31,20:03,소주,1,5000
2025-05-31,20:05,맥주,1,5000
2025-05-31,20:07,맥주,1,5000
2025-05-31,20:13,닭발,1,18000
2025-05-31,20:15,맥주,1,5000
2025-05-31,20:15,김치전,1,15000
2025-05-31,20:22,오돌뼈,1,17000
2025-05-31,20:23,소주,1,5000
2025-05-31,20:23,닭발,1,18000
2025-05-31,20:24,맥주,1,5000
2025-05-31,20:26,오돌뼈,1,17000
2025-05-31,20:31,김치전,1,15000
2025-05-31,20:32,김치전,1,15000
2025-05-31,20:35,오돌뼈,1,17000
2025-05-31,20:37,하이볼,1,7000
2025-05-31,20:38,오돌뼈,1,17000
2025-05-31,20:40,맥주,1,5000
2025-05-31,20:42,닭발,1,18000
2025-05-31,20:44,소주,1,5000
2025-05-31,20:49,계란찜,1,7000
2025-05-31,20:50,소주,1,5000
2025-05-31,20:50,맥주,1,5000
2025-05-31,20:50,닭발,1,18000
2025-05-31,20:52,맥주,1,5000
2025-05-31,20:52,맥주,1,5000
2025-05-31,20:54,오돌뼈,1,17000
2025-05-31,20:55,닭발,1,18000
2025-05-31,20:56,하이볼,1,7000
2025-05-31,20:56,하이볼,1,7000
2025-05-31,20:57,닭발,1,18000
2025-05-31,20:57,계란찜,1,7000
2025-05-31,21:03,맥주,1,5000
2025-05-31,21:06,소주,1,5000
2025-05-31,21:08,하이볼,1,7000
2025-05-31,21:12,소주,1,5000
2025-05-31,21:13,오돌뼈,1,17000
2025-05-31,21:14,맥주,1,5000
2025-05-31,21:15,오돌뼈,1,17000
2025-05-31,21:17,계란찜,1,7000
2025-05-31,21:19,소주,1,5000
2025-05-31,21:19,소주,1,5000
2025-05-31,21:21,김치전,1,15000
2025-05-31,21:22,소주,1,5000
2025-05-31,21:24,소주,1,5000
2025-05-31,21:24,맥주,1,5000
2025-05-31,21:24,계란찜,1,7000
2025-05-31,21:25,소주,1,5000
2025-05-31,21:26,맥주,1,5000
2025-05-31,21:26,닭발,1,18000
2025-05-31,21:30,맥주,1,5000
2025-05-31,21:32,김치전,1,15000
2025-05-31,21:33,소주,1,5000
2025-05-31,21:35,소주,1,5000
2025-05-31,21:37,닭발,1,18000
2025-05-31,21:38,소주,1,5000
2025-05-31,21:38,소주,1,5000
2025-05-31,21:41,김치전,1,15000
2025-05-31,21:42,오돌뼈,1,17000
2025-05-31,21:44,맥주,1,5000
2025-05-31,21:45,하이볼,1,7000
2025-05-31,21:46,소주,1,5000
2025-05-31,21:46,오돌뼈,1,17000
2025-05-31,21:49,소주,1,5000
2025-05-31,21:52,맥주,1,5000
2025-05-31,21:52,계란찜,1,7000
2025-05-31,21:53,맥주,1,5000
2025-05-31,21:57,소주,1,5000
2025-05-31,21:59,맥주,1,5000
2025-05-31,22:02,오돌뼈,1,17000
2025-05-31,22:03,닭발,1,18000
2025-05-31,22:06,김치전,1,15000
2025-05-31,22:08,김치전,1,15000
2025-05-31,22:09,맥주,1,5000
2025-05-31,22:09,계란찜,1,7000
2025-05-31,22:10,소주,1,5000
2025-05-31,22:10,닭발,1,18000
2025-05-31,22:13,맥주,1,5000
2025-05-31,22:13,김치전,1,15000
2025-05-31,22:16,하이볼,1,7000
2025-05-31,22:17,소주,1,5000
2025-05-31,22:19,소주,1,5000
2025-05-31,22:19,닭발,1,18000
2025-05-31,22:20,하이볼,1,7000
2025-05-31,22:22,오돌뼈,1,17000
2025-05-31,22:24,닭발,1,18000
2025-05-31,22:25,맥주,1,5000
2025-05-31,22:28,계란찜,1,7000
2025-05-31,22:28,계란찜,1,7000
2025-05-31,22:29,하이볼,1,7000
2025-05-31,22:30,맥주,1,5000
2025-05-31,22:31,김치전,1,15000
2025-05-31,22:32,소주,1,5000
2025-05-31,22:32,닭발,1,18000
2025-05-31,22:33,오돌뼈,1,17000
2025-05-31,22:37,소주,1,5000
2025-05-31,22:37,오돌뼈,1,17000
2025-05-31,22:39,김치전,1,15000
2025-05-31,22:45,김치전,1,15000
2025-05-31,22:46,하이볼,1,7000
2025-05-31,22:47,맥주,1,5000
2025-05-31,22:47,하이볼,1,7000
2025-05-31,22:48,닭발,1,18000
2025-05-31,22:51,닭발,1,18000
2025-05-31,22:59,하이볼,1,7000
2025-05-31,23:05,맥주,1,5000
2025-05-31,23:09,소주,1,5000
2025-05-31,23:10,닭발,1,18000
2025-05-31,23:10,오돌뼈,1,17000
2025-05-31,23:14,계란찜,1,7000
2025-05-31,23:15,맥주,1,5000
2025-05-31,23:17,소주,1,5000
2025-05-31,23:18,닭발,1,18000
2025-05-31,23:19,계란찜,1,7000
2025-05-31,23:22,김치전,1,15000
2025-05-31,23:25,하이볼,1,7000
2025-05-31,23:32,소주,1,5000
2025-05-31,23:33,계란찜,1,7000
2025-05-31,23:40,김치전,1,15000
2025-05-31,23:50,소주,1,5000
2025-05-31,23:50,맥주,1,5000
2025-05-31,23:50,닭발,1,18000
2025-05-31,23:50,닭발,1,18000
2025-06-01,18:59,소주,1,5000
2025-06-01,19:37,계란찜,1,7000
2025-06-01,19:53,맥주,1,5000
2025-06-01,20:10,소주,1,5000
2025-06-01,20:15,소주,1,5000
2025-06-01,20:20,계란찜,1,7000
2025-06-01,20:23,닭발,1,18000
2025-06-01,20:31,소주,1,5000
2025-06-01,20:39,계란찜,1,7000
2025-06-01,20:45,맥주,1,5000
2025-06-01,20:48,맥주,1,5000
2025-06-01,20:54,소주,1,5000
2025-06-01,20:55,하이볼,1,7000
2025-06-01,20:56,오돌뼈,1,17000
2025-06-01,21:00,소주,1,5000
2025-06-01,21:04,맥주,1,5000
2025-06-01,21:07,김치전,1,15000
2025-06-01,21:11,오돌뼈,1,17000
2025-06-01,21:15,맥주,1,5000
2025-06-01,21:15,맥주,1,5000
2025-06-01,21:19,소주,1,5000
2025-06-01,21:27,하이볼,1,7000
2025-06-01,21:29,김치전,1,15000
2025-06-01,21:30,닭발,1,18000
2025-06-01,21:32,맥주,1,5000
2025-06-01,21:35,소주,1,5000
2025-06-01,21:35,김치전,1,15000
2025-06-01,21:36,닭발,1,18000
2025-06-01,21:44,소주,1,5000
2025-06-01,21:44,맥주,1,5000
2025-06-01,21:44,맥주,1,5000
2025-06-01,21:45,닭발,1,18000
2025-06-01,21:47,맥주,1,5000
2025-06-01,21:59,소주,1,5000
2025-06-01,22:00,맥주,1,5000
2025-06-01,22:01,맥주,1,5000
2025-06-01,22:03,닭발,1,18000
2025-06-01,22:10,김치전,1,15000
2025-06-01,22:15,김치전,1,15000
2025-06-01,22:22,소주,1,5000
2025-06-01,22:28,하이볼,1,7000
2025-06-01,22:33,닭발,1,18000
2025-06-01,22:37,맥주,1,5000
2025-06-01,22:38,소주,1,5000
2025-06-01,22:40,김치전,1,15000
2025-06-01,22:54,닭발,1,18000
2025-06-01,23:03,하이볼,1,7000
2025-06-01,23:03,오돌뼈,1,17000
2025-06-01,23:24,하이볼,1,7000
2025-06-01,23:50,하이볼,1,7000
2025-06-02,18:56,오돌뼈,1,17000
2025-06-02,18:56,계란찜,1,7000
2025-06-02,19:36,하이볼,1,7000
2025-06-02,19:56,소주,1,5000
2025-06-02,20:11,오돌뼈,1,17000
2025-06-02,20:16,소주,1,5000
2025-06-02,20:27,맥주,1,5000
2025-06-02,20:32,맥주,1,5000
2025-06-02,20:36,맥주,1,5000
2025-06-02,20:41,하이볼,1,7000
2025-06-02,20:42,맥주,1,5000
2025-06-02,20:52,맥주,1,5000
2025-06-02,20:52,하이볼,1,7000
2025-06-02,20:54,맥주,1,5000
2025-06-02,20:57,닭발,1,18000
2025-06-02,21:07,닭발,1,18000
2025-06-02,21:07,김치전,1,15000
2025-06-02,21:13,닭발,1,18000
2025-06-02,21:16,김치전,1,15000
2025-06-02,21:17,오돌뼈,1,17000
2025-06-02,21:18,김치전,1,15000
2025-06-02,21:19,소주,1,5000
2025-06-02,21:26,닭발,1,18000
2025-06-02,21:28,하이볼,1,7000
2025-06-02,21:30,하이볼,1,7000
2025-06-02,21:31,계란찜,1,7000
2025-06-02,21:36,소주,1,5000
2025-06-02,21:44,하이볼,1,7000
2025-06-02,21:45,맥주,1,5000
2025-06-02,21:47,소주,1,5000
2025-06-02,21:47,맥주,1,5000
2025-06-02,21:47,맥주,1,5000
2025-06-02,21:54,하이볼,1,7000
2025-06-02,21:57,소주,1,5000
2025-06-02,22:07,하이볼,1,7000
2025-06-02,22:08,닭발,1,18000
2025-06-02,22:10,소주,1,5000
2025-06-02,22:17,김치전,1,15000
2025-06-02,22:19,소주,1,5000
2025-06-02,22:21,맥주,1,5000
2025-06-02,22:32,맥주,1,5000
2025-06-02,22:33,닭발,1,18000
2025-06-02,22:34,소주,1,5000
2025-06-02,22:37,소주,1,5000
2025-06-02,22:51,계란찜,1,7000
2025-06-02,22:52,김치전,1,15000
2025-06-02,23:00,김치전,1,15000
2025-06-02,23:04,소주,1,5000
2025-06-02,23:09,하이볼,1,7000
2025-06-02,23:10,김치전,1,15000
2025-06-02,23:11,김치전,1,15000
2025-06-02,23:25,소주,1,5000
2025-06-02,23:35,맥주,1,5000
2025-06-02,23:36,오돌뼈,1,17000
2025-06-02,23:48,계란찜,1,7000
2025-06-03,18:50,하이볼,1,7000
2025-06-03,19:28,소주,1,5000
2025-06-03,19:41,하이볼,1,7000
2025-06-03,19:56,하이볼,1,7000
2025-06-03,19:57,맥주,1,5000
2025-06-03,20:02,계란찜,1,7000
2025-06-03,20:09,소주,1,5000
2025-06-03,20:09,하이볼,1,7000
2025-06-03,20:10,소주,1,5000
2025-06-03,20:15,김치전,1,15000
2025-06-03,20:16,맥주,1,5000
2025-06-03,20:16,오돌뼈,1,17000
2025-06-03,20:18,오돌뼈,1,17000
2025-06-03,20:20,오돌뼈,1,17000
2025-06-03,20:22,맥주,1,5000
2025-06-03,20:24,소주,1,5000
2025-06-03,20:24,맥주,1,5000
2025-06-03,20:26,소주,1,5000
2025-06-03,20:27,하이볼,1,7000
2025-06-03,20:28,맥주,1,5000
2025-06-03,20:31,김치전,1,15000
2025-06-03,20:37,오돌뼈,1,17000
2025-06-03,20:39,닭발,1,18000
2025-06-03,20:44,소주,1,5000
2025-06-03,20:45,소주,1,5000
2025-06-03,20:46,하이볼,1,7000
2025-06-03,20:48,계란찜,1,7000
2025-06-03,20:54,소주,1,5000
2025-06-03,20:55,계란찜,1,7000
2025-06-03,20:58,맥주,1,5000
2025-06-03,20:59,김치전,1,15000
2025-06-03,21:02,맥주,1,5000
2025-06-03,21:04,맥주,1,5000
2025-06-03,21:04,하이볼,1,7000
2025-06-03,21:09,하이볼,1,7000
2025-06-03,21:10,김치전,1,15000
2025-06-03,21:12,맥주,1,5000
2025-06-03,21:15,맥주,1,5000
2025-06-03,21:18,닭발,1,18000
2025-06-03,21:19,계란찜,1,7000
2025-06-03,21:21,소주,1,5000
2025-06-03,21:27,소주,1,5000
2025-06-03,21:28,하이볼,1,7000
2025-06-03,21:28,하이볼,1,7000
2025-06-03,21:28,닭발,1,18000
2025-06-03,21:29,계란찜,1,7000
2025-06-03,21:31,맥주,1,5000
2025-06-03,21:32,닭발,1,18000
2025-06-03,21:33,닭발,1,18000
2025-06-03,21:38,하이볼,1,7000
2025-06-03,21:38,오돌뼈,1,17000
2025-06-03,21:38,김치전,1,15000
2025-06-03,21:45,소주,1,5000
2025-06-03,21:46,맥주,1,5000
2025-06-03,21:48,소주,1,5000
2025-06-03,21:48,오돌뼈,1,17000
2025-06-03,21:48,계란찜,1,7000
2025-06-03,21:57,닭발,1,18000
2025-06-03,21:58,맥주,1,5000
2025-06-03,22:07,하이볼,1,7000
2025-06-03,22:12,하이볼,1,7000
2025-06-03,22:13,닭발,1,18000
2025-06-03,22:15,닭발,1,18000
2025-06-03,22:18,계란찜,1,7000
2025-06-03,22:19,계란찜,1,7000
2025-06-03,22:20,소주,1,5000
2025-06-03,22:21,오돌뼈,1,17000
2025-06-03,22:24,소주,1,5000
2025-06-03,22:24,닭발,1,18000
2025-06-03,22:26,소주,1,5000
2025-06-03,22:28,소주,1,5000
2025-06-03,22:28,맥주,1,5000
2025-06-03,22:29,맥주,1,5000
2025-06-03,22:31,계란찜,1,7000
2025-06-03,22:36,소주,1,5000
2025-06-03,22:36,맥주,1,5000
2025-06-03,22:36,오돌뼈,1,17000
2025-06-03,22:38,김치전,1,15000
2025-06-03,22:43,소주,1,5000
2025-06-03,22:44,김치전,1,15000
2025-06-03,22:45,맥주,1,5000
2025-06-03,22:46,오돌뼈,1,17000
2025-06-03,23:00,소주,1,5000
2025-06-03,23:04,소주,1,5000
2025-06-03,23:12,닭발,1,18000
2025-06-03,23:17,닭발,1,18000
2025-06-03,23:45,맥주,1,5000
2025-06-04,19:03,김치전,1,15000
2025-06-04,19:05,소주,1,5000
2025-06-04,19:29,김치전,1,15000
2025-06-04,19:30,계란찜,1,7000
2025-06-04,19:31,맥주,1,5000
2025-06-04,19:36,소주,1,5000
2025-06-04,19:41,소주,1,5000
2025-06-04,19:42,소주,1,5000
2025-06-04,19:47,김치전,1,15000
2025-06-04,19:49,소주,1,5000
2025-06-04,19:59,닭발,1,18000
2025-06-04,20:02,하이볼,1,7000
2025-06-04,20:08,김치전,1,15000
2025-06-04,20:09,맥주,1,5000
2025-06-04,20:10,닭발,1,18000
2025-06-04,20:10,오돌뼈,1,17000
2025-06-04,20:11,김치전,1,15000
2025-06-04,20:15,김치전,1,15000
2025-06-04,20:16,소주,1,5000
2025-06-04,20:16,소주,1,5000
2025-06-04,20:18,맥주,1,5000
2025-06-04,20:25,하이볼,1,7000
2025-06-04,20:26,맥주,1,5000
2025-06-04,20:26,닭발,1,18000
2025-06-04,20:30,소주,1,5000
2025-06-04,20:31,소주,1,5000
2025-06-04,20:32,계란찜,1,7000
2025-06-04,20:33,맥주,1,5000
2025-06-04,20:34,맥주,1,5000
2025-06-04,20:39,오돌뼈,1,17000
2025-06-04,20:49,소주,1,5000
2025-06-04,20:50,오돌뼈,1,17000
2025-06-04,20:51,맥주,1,5000
2025-06-04,20:52,오돌뼈,1,17000
2025-06-04,20:54,맥주,1,5000
2025-06-04,20:54,오돌뼈,1,17000
2025-06-04,20:55,김치전,1,15000
2025-06-04,20:59,소주,1,5000
2025-06-04,20:59,소주,1,5000
2025-06-04,20:59,소주,1,5000
2025-06-04,21:00,소주,1,5000
2025-06-04,21:01,오돌뼈,1,17000
2025-06-04,21:06,맥주,1,5000
2025-06-04,21:10,소주,1,5000
2025-06-04,21:10,맥주,1,5000
2025-06-04,21:10,닭발,1,18000
2025-06-04,21:12,소주,1,5000
2025-06-04,21:14,소주,1,5000
2025-06-04,21:16,계란찜,1,7000
2025-06-04,21:20,맥주,1,5000
2025-06-04,21:25,맥주,1,5000
2025-06-04,21:28,하이볼,1,7000
2025-06-04,21:31,맥주,1,5000
2025-06-04,21:32,닭발,1,18000
2025-06-04,21:34,오돌뼈,1,17000
2025-06-04,21:35,맥주,1,5000
2025-06-04,21:35,맥주,1,5000
2025-06-04,21:38,소주,1,5000
2025-06-04,21:41,맥주,1,5000
2025-06-04,21:42,닭발,1,18000
2025-06-04,21:42,오돌뼈,1,17000
2025-06-04,21:44,맥주,1,5000
2025-06-04,21:45,닭발,1,18000
2025-06-04,21:47,소주,1,5000
2025-06-04,21:49,소주,1,5000
2025-06-04,21:53,하이볼,1,7000
2025-06-04,21:54,하이볼,1,7000
2025-06-04,21:55,소주,1,5000
2025-06-04,21:55,맥주,1,5000
2025-06-04,21:57,닭발,1,18000
2025-06-04,21:58,소주,1,5000
2025-06-04,21:58,맥주,1,5000
2025-06-04,21:58,계란찜,1,7000
2025-06-04,22:01,하이볼,1,7000
2025-06-04,22:04,소주,1,5000
2025-06-04,22:09,하이볼,1,7000
2025-06-04,22:12,닭발,1,18000
2025-06-04,22:13,맥주,1,5000
2025-06-04,22:14,오돌뼈,1,17000
2025-06-04,22:15,닭발,1,18000
2025-06-04,22:16,김치전,1,15000
2025-06-04,22:17,계란찜,1,7000
2025-06-04,22:18,계란찜,1,7000
2025-06-04,22:21,맥주,1,5000
2025-06-04,22:21,오돌뼈,1,17000
2025-06-04,22:26,소주,1,5000
2025-06-04,22:26,오돌뼈,1,17000
2025-06-04,22:31,하이볼,1,7000
2025-06-04,22:31,김치전,1,15000
2025-06-04,22:32,하이볼,1,7000
2025-06-04,22:42,계란찜,1,7000
2025-06-04,22:44,하이볼,1,7000
2025-06-04,22:50,계란찜,1,7000
2025-06-04,22:52,하이볼,1,7000
2025-06-04,22:52,김치전,1,15000
2025-06-04,23:05,오돌뼈,1,17000
2025-06-04,23:15,맥주,1,5000
2025-06-04,23:23,소주,1,5000
2025-06-04,23:41,김치전,1,15000
2025-06-04,23:46,하이볼,1,7000
2025-06-04,23:50,닭발,1,18000
2025-06-05,18:37,맥주,1,5000
2025-06-05,19:04,닭발,1,18000
2025-06-05,19:08,맥주,1,5000
2025-06-05,19:25,김치전,1,15000
2025-06-05,19:40,소주,1,5000
2025-06-05,19:41,하이볼,1,7000
2025-06-05,19:51,소주,1,5000
2025-06-05,19:59,하이볼,1,7000
2025-06-05,19:59,계란찜,1,7000
2025-06-05,20:07,닭발,1,18000
2025-06-05,20:08,닭발,1,18000
2025-06-05,20:14,닭발,1,18000
2025-06-05,20:14,계란찜,1,7000
2025-06-05,20:20,오돌뼈,1,17000
2025-06-05,20:21,닭발,1,18000
2025-06-05,20:29,계란찜,1,7000
2025-06-05,20:31,소주,1,5000
2025-06-05,20:35,맥주,1,5000
2025-06-05,20:40,오돌뼈,1,17000
2025-06-05,20:42,하이볼,1,7000
2025-06-05,20:44,맥주,1,5000
2025-06-05,20:46,소주,1,5000
2025-06-05,20:48,맥주,1,5000
2025-06-05,20:50,맥주,1,5000
2025-06-05,20:52,김치전,1,15000
2025-06-05,20:53,소주,1,5000
2025-06-05,20:53,맥주,1,5000
2025-06-05,20:53,닭발,1,18000
2025-06-05,20:54,소주,1,5000
2025-06-05,20:56,김치전,1,15000
2025-06-05,20:57,맥주,1,5000
2025-06-05,21:03,소주,1,5000
2025-06-05,21:07,하이볼,1,7000
2025-06-05,21:08,소주,1,5000
2025-06-05,21:11,하이볼,1,7000
2025-06-05,21:12,오돌뼈,1,17000
2025-06-05,21:14,소주,1,5000
2025-06-05,21:14,계란찜,1,7000
2025-06-05,21:17,소주,1,5000
2025-06-05,21:21,소주,1,5000
2025-06-05,21:22,김치전,1,15000
2025-06-05,21:25,계란찜,1,7000
2025-06-05,21:26,맥주,1,5000
2025-06-05,21:26,하이볼,1,7000
2025-06-05,21:26,닭발,1,18000
2025-06-05,21:30,소주,1,5000
2025-06-05,21:31,맥주,1,5000
2025-06-05,21:32,오돌뼈,1,17000
2025-06-05,21:33,오돌뼈,1,17000
2025-06-05,21:34,소주,1,5000
2025-06-05,21:34,맥주,1,5000
2025-06-05,21:35,맥주,1,5000
2025-06-05,21:36,오돌뼈,1,17000
2025-06-05,21:38,소주,1,5000
2025-06-05,21:41,소주,1,5000
2025-06-05,21:44,소주,1,5000
2025-06-05,21:46,소주,1,5000
2025-06-05,21:46,김치전,1,15000
2025-06-05,21:47,오돌뼈,1,17000
2025-06-05,21:49,맥주,1,5000
2025-06-05,21:54,소주,1,5000
2025-06-05,22:02,하이볼,1,7000
2025-06-05,22:03,소주,1,5000
2025-06-05,22:07,맥주,1,5000
2025-06-05,22:08,하이볼,1,7000
2025-06-05,22:10,계란찜,1,7000
2025-06-05,22:12,소주,1,5000
2025-06-05,22:12,맥주,1,5000
2025-06-05,22:16,소주,1,5000
2025-06-05,22:16,맥주,1,5000
2025-06-05,22:18,계란찜,1,7000
2025-06-05,22:18,계란찜,1,7000
2025-06-05,22:19,하이볼,1,7000
2025-06-05,22:20,닭발,1,18000
2025-06-05,22:22,닭발,1,18000
2025-06-05,22:23,맥주,1,5000
2025-06-05,22:25,닭발,1,18000
2025-06-05,22:27,맥주,1,5000
2025-06-05,22:30,소주,1,5000
2025-06-05,22:30,하이볼,1,7000
2025-06-05,22:34,계란찜,1,7000
2025-06-05,22:37,맥주,1,5000
2025-06-05,22:40,맥주,1,5000
2025-06-05,22:40,김치전,1,15000
2025-06-05,22:41,오돌뼈,1,17000
2025-06-05,22:43,닭발,1,18000
2025-06-05,22:43,오돌뼈,1,17000
2025-06-05,22:49,하이볼,1,7000
2025-06-05,22:54,닭발,1,18000
2025-06-05,22:58,김치전,1,15000
2025-06-05,23:01,소주,1,5000
2025-06-05,23:04,맥주,1,5000
2025-06-05,23:18,소주,1,5000
2025-06-05,23:19,맥주,1,5000
2025-06-05,23:22,닭발,1,18000
2025-06-05,23:25,오돌뼈,1,17000
2025-06-05,23:30,맥주,1,5000
2025-06-05,23:30,오돌뼈,1,17000
2025-06-05,23:50,하이볼,1,7000
2025-06-06,19:02,소주,1,5000
2025-06-06,19:05,오돌뼈,1,17000
2025-06-06,19:28,닭발,1,18000
2025-06-06,19:29,소주,1,5000
2025-06-06,19:32,오돌뼈,1,17000
2025-06-06,19:40,닭발,1,18000
2025-06-06,19:41,김치전,1,15000
2025-06-06,19:43,닭발,1,18000
2025-06-06,19:46,계란찜,1,7000
2025-06-06,19:53,계란찜,1,7000
2025-06-06,19:59,소주,1,5000
2025-06-06,20:00,맥주,1,5000
2025-06-06,20:02,소주,1,5000
2025-06-06,20:04,오돌뼈,1,17000
2025-06-06,20:05,맥주,1,5000
2025-06-06,20:09,맥주,1,5000
2025-06-06,20:11,소주,1,5000
2025-06-06,20:15,소주,1,5000
2025-06-06,20:15,닭발,1,18000
2025-06-06,20:16,맥주,1,5000
2025-06-06,20:21,닭발,1,18000
2025-06-06,20:23,하이볼,1,7000
2025-06-06,20:29,소주,1,5000
2025-06-06,20:30,오돌뼈,1,17000
2025-06-06,20:32,오돌뼈,1,17000
2025-06-06,20:32,오돌뼈,1,17000
2025-06-06,20:32,김치전,1,15000
2025-06-06,20:33,하이볼,1,7000
2025-06-06,20:34,맥주,1,5000
2025-06-06,20:35,닭발,1,18000
2025-06-06,20:36,맥주,1,5000
2025-06-06,20:36,계란찜,1,7000
2025-06-06,20:37,맥주,1,5000
2025-06-06,20:38,닭발,1,18000
2025-06-06,20:38,김치전,1,15000
2025-06-06,20:39,맥주,1,5000
2025-06-06,20:40,소주,1,5000
2025-06-06,20:40,오돌뼈,1,17000
2025-06-06,20:41,김치전,1,15000
2025-06-06,20:42,소주,1,5000
2025-06-06,20:43,하이볼,1,7000
2025-06-06,20:45,소주,1,5000
2025-06-06,20:46,하이볼,1,7000
2025-06-06,20:47,하이볼,1,7000
2025-06-06,20:48,오돌뼈,1,17000
2025-06-06,20:50,소주,1,5000
2025-06-06,20:50,맥주,1,5000
2025-06-06,20:51,김치전,1,15000
2025-06-06,20:52,하이볼,1,7000
2025-06-06,20:52,하이볼,1,7000
2025-06-06,20:53,맥주,1,5000
2025-06-06,20:53,김치전,1,15000
2025-06-06,20:54,김치전,1,15000
2025-06-06,20:58,소주,1,5000
2025-06-06,20:58,맥주,1,5000
2025-06-06,20:58,닭발,1,18000
2025-06-06,21:02,소주,1,5000
2025-06-06,21:02,소주,1,5000
2025-06-06,21:03,맥주,1,5000
2025-06-06,21:03,하이볼,1,7000
2025-06-06,21:04,맥주,1,5000
2025-06-06,21:04,계란찜,1,7000
2025-06-06,21:05,닭발,1,18000
2025-06-06,21:07,하이볼,1,7000
2025-06-06,21:09,소주,1,5000
2025-06-06,21:12,김치전,1,15000
2025-06-06,21:13,닭발,1,18000
2025-06-06,21:13,김치전,1,15000
2025-06-06,21:14,소주,1,5000
2025-06-06,21:14,닭발,1,18000
2025-06-06,21:17,닭발,1,18000
2025-06-06,21:19,오돌뼈,1,17000
2025-06-06,21:20,닭발,1,18000
2025-06-06,21:21,소주,1,5000
2025-06-06,21:22,소주,1,5000
2025-06-06,21:22,김치전,1,15000
2025-06-06,21:24,맥주,1,5000
2025-06-06,21:25,오돌뼈,1,17000
2025-06-06,21:28,소주,1,5000
2025-06-06,21:28,김치전,1,15000
2025-06-06,21:29,맥주,1,5000
2025-06-06,21:31,닭발,1,18000
2025-06-06,21:32,닭발,1,18000
2025-06-06,21:33,맥주,1,5000
2025-06-06,21:35,맥주,1,5000
2025-06-06,21:35,오돌뼈,1,17000
2025-06-06,21:36,맥주,1,5000
2025-06-06,21:36,맥주,1,5000
2025-06-06,21:36,하이볼,1,7000
2025-06-06,21:36,닭발,1,18000
2025-06-06,21:37,하이볼,1,7000
2025-06-06,21:40,소주,1,5000
2025-06-06,21:40,계란찜,1,7000
2025-06-06,21:44,소주,1,5000
2025-06-06,21:45,소주,1,5000
2025-06-06,21:45,맥주,1,5000
2025-06-06,21:47,소주,1,5000
2025-06-06,21:47,맥주,1,5000
2025-06-06,21:47,김치전,1,15000
2025-06-06,21:47,계란찜,1,7000
2025-06-06,21:48,하이볼,1,7000
2025-06-06,21:49,계란찜,1,7000
2025-06-06,21:50,소주,1,5000
2025-06-06,21:50,맥주,1,5000
2025-06-06,21:50,계란찜,1,7000
2025-06-06,21:55,소주,1,5000
2025-06-06,22:00,소주,1,5000
2025-06-06,22:01,맥주,1,5000
2025-06-06,22:02,오돌뼈,1,17000
2025-06-06,22:06,소주,1,5000
2025-06-06,22:08,오돌뼈,1,17000
2025-06-06,22:16,맥주,1,5000
2025-06-06,22:21,맥주,1,5000
2025-06-06,22:21,맥주,1,5000
2025-06-06,22:23,맥주,1,5000
2025-06-06,22:24,맥주,1,5000
2025-06-06,22:25,소주,1,5000
2025-06-06,22:25,계란찜,1,7000
2025-06-06,22:26,소주,1,5000
2025-06-06,22:29,하이볼,1,7000
2025-06-06,22:30,맥주,1,5000
2025-06-06,22:30,하이볼,1,7000
2025-06-06,22:31,맥주,1,5000
2025-06-06,22:33,하이볼,1,7000
2025-06-06,22:34,하이볼,1,7000
2025-06-06,22:39,오돌뼈,1,17000
2025-06-06,22:43,소주,1,5000
2025-06-06,22:46,김치전,1,15000
2025-06-06,22:47,소주,1,5000
2025-06-06,22:57,소주,1,5000
2025-06-06,23:04,하이볼,1,7000
2025-06-06,23:06,하이볼,1,7000
2025-06-06,23:12,김치전,1,15000
2025-06-06,23:13,닭발,1,18000
2025-06-06,23:30,닭발,1,18000
2025-06-06,23:31,계란찜,1,7000
2025-06-06,23:36,소주,1,5000
2025-06-06,23:40,소주,1,5000
2025-06-07,18:59,하이볼,1,7000
2025-06-07,19:01,소주,1,5000
2025-06-07,19:18,맥주,1,5000
2025-06-07,19:18,맥주,1,5000
2025-06-07,19:39,소주,1,5000
2025-06-07,19:41,맥주,1,5000
2025-06-07,19:42,맥주,1,5000
2025-06-07,19:51,김치전,1,15000
2025-06-07,19:56,소주,1,5000
2025-06-07,20:02,닭발,1,18000
2025-06-07,20:04,소주,1,5000
2025-06-07,20:08,소주,1,5000
2025-06-07,20:08,소주,1,5000
2025-06-07,20:09,맥주,1,5000
2025-06-07,20:10,맥주,1,5000
2025-06-07,20:11,오돌뼈,1,17000
2025-06-07,20:11,계란찜,1,7000
2025-06-07,20:12,김치전,1,15000
2025-06-07,20:17,소주,1,5000
2025-06-07,20:22,소주,1,5000
2025-06-07,20:23,닭발,1,18000
2025-06-07,20:26,닭발,1,18000
2025-06-07,20:27,오돌뼈,1,17000
2025-06-07,20:28,김치전,1,15000
2025-06-07,20:29,하이볼,1,7000
2025-06-07,20:31,하이볼,1,7000
2025-06-07,20:33,소주,1,5000
2025-06-07,20:33,하이볼,1,7000
2025-06-07,20:34,맥주,1,5000
2025-06-07,20:35,소주,1,5000
2025-06-07,20:35,계란찜,1,7000
2025-06-07,20:38,맥주,1,5000
2025-06-07,20:41,맥주,1,5000
2025-06-07,20:41,김치전,1,15000
2025-06-07,20:44,닭발,1,18000
2025-06-07,20:45,맥주,1,5000
2025-06-07,20:47,하이볼,1,7000
2025-06-07,20:48,소주,1,5000
2025-06-07,20:50,맥주,1,5000
2025-06-07,20:51,맥주,1,5000
2025-06-07,20:54,닭발,1,18000
2025-06-07,20:59,오돌뼈,1,17000
2025-06-07,21:02,맥주,1,5000
2025-06-07,21:02,오돌뼈,1,17000
2025-06-07,21:03,닭발,1,18000
2025-06-07,21:04,김치전,1,15000
2025-06-07,21:05,소주,1,5000
2025-06-07,21:06,소주,1,5000
2025-06-07,21:06,맥주,1,5000
2025-06-07,21:09,오돌뼈,1,17000
2025-06-07,21:09,오돌뼈,1,17000
2025-06-07,21:12,소주,1,5000
2025-06-07,21:15,김치전,1,15000
2025-06-07,21:19,소주,1,5000
2025-06-07,21:23,김치전,1,15000
2025-06-07,21:24,소주,1,5000
2025-06-07,21:26,소주,1,5000
2025-06-07,21:28,닭발,1,18000
2025-06-07,21:29,맥주,1,5000
2025-06-07,21:31,하이볼,1,7000
2025-06-07,21:32,소주,1,5000
2025-06-07,21:32,하이볼,1,7000
2025-06-07,21:34,계란찜,1,7000
2025-06-07,21:36,맥주,1,5000
2025-06-07,21:37,오돌뼈,1,17000
2025-06-07,21:38,맥주,1,5000
2025-06-07,21:38,계란찜,1,7000
2025-06-07,21:41,맥주,1,5000
2025-06-07,21:44,하이볼,1,7000
2025-06-07,21:46,계란찜,1,7000
2025-06-07,21:48,오돌뼈,1,17000
2025-06-07,21:50,오돌뼈,1,17000
2025-06-07,21:51,맥주,1,5000
2025-06-07,21:51,하이볼,1,7000
2025-06-07,21:54,소주,1,5000
2025-06-07,21:55,닭발,1,18000
2025-06-07,21:55,김치전,1,15000
2025-06-07,21:57,닭발,1,18000
2025-06-07,22:00,김치전,1,15000
2025-06-07,22:01,맥주,1,5000
2025-06-07,22:03,하이볼,1,7000
2025-06-07,22:05,소주,1,5000
2025-06-07,22:05,오돌뼈,1,17000
2025-06-07,22:11,소주,1,5000
2025-06-07,22:11,계란찜,1,7000
2025-06-07,22:11,계란찜,1,7000
2025-06-07,22:13,맥주,1,5000
2025-06-07,22:17,하이볼,1,7000
2025-06-07,22:18,계란찜,1,7000
2025-06-07,22:19,닭발,1,18000
2025-06-07,22:21,오돌뼈,1,17000
2025-06-07,22:23,맥주,1,5000
2025-06-07,22:24,김치전,1,15000
2025-06-07,22:26,맥주,1,5000
2025-06-07,22:28,소주,1,5000
2025-06-07,22:30,닭발,1,18000
2025-06-07,22:33,김치전,1,15000
2025-06-07,22:34,소주,1,5000
2025-06-07,22:37,닭발,1,18000
2025-06-07,22:38,닭발,1,18000
2025-06-07,22:40,하이볼,1,7000
2025-06-07,22:40,계란찜,1,7000
2025-06-07,22:46,소주,1,5000
2025-06-07,22:49,맥주,1,5000
2025-06-07,22:56,계란찜,1,7000
2025-06-07,22:59,닭발,1,18000
2025-06-07,22:59,계란찜,1,7000
2025-06-07,23:10,오돌뼈,1,17000
2025-06-07,23:13,소주,1,5000
2025-06-07,23:15,오돌뼈,1,17000
2025-06-07,23:17,닭발,1,18000
2025-06-07,23:24,소주,1,5000
2025-06-07,23:28,맥주,1,5000
2025-06-07,23:37,오돌뼈,1,17000
2025-06-07,23:49,소주,1,5000
2025-06-07,23:50,맥주,1,5000
2025-06-07,23:50,하이볼,1,7000
2025-06-08,19:23,소주,1,5000
2025-06-08,19:24,오돌뼈,1,17000
2025-06-08,19:46,하이볼,1,7000
2025-06-08,19:49,닭발,1,18000
2025-06-08,19:55,하이볼,1,7000
2025-06-08,19:56,소주,1,5000
2025-06-08,20:04,하이볼,1,7000
2025-06-08,20:13,김치전,1,15000
2025-06-08,20:16,소주,1,5000
2025-06-08,20:28,계란찜,1,7000
2025-06-08,20:29,계란찜,1,7000
2025-06-08,20:43,계란찜,1,7000
2025-06-08,20:44,소주,1,5000
2025-06-08,20:49,계란찜,1,7000
2025-06-08,20:50,맥주,1,5000
2025-06-08,20:51,계란찜,1,7000
2025-06-08,20:53,소주,1,5000
2025-06-08,20:54,닭발,1,18000
2025-06-08,20:55,소주,1,5000
2025-06-08,21:03,맥주,1,5000
2025-06-08,21:03,맥주,1,5000
2025-06-08,21:07,소주,1,5000
2025-06-08,21:12,소주,1,5000
2025-06-08,21:13,오돌뼈,1,17000
2025-06-08,21:14,하이볼,1,7000
2025-06-08,21:15,소주,1,5000
2025-06-08,21:20,맥주,1,5000
2025-06-08,21:21,하이볼,1,7000
2025-06-08,21:29,소주,1,5000
2025-06-08,21:32,닭발,1,18000
2025-06-08,21:37,닭발,1,18000
2025-06-08,21:38,맥주,1,5000
2025-06-08,21:51,김치전,1,15000
2025-06-08,21:54,닭발,1,18000
2025-06-08,21:55,맥주,1,5000
2025-06-08,21:58,맥주,1,5000
2025-06-08,21:59,맥주,1,5000
2025-06-08,21:59,닭발,1,18000
2025-06-08,22:02,맥주,1,5000
2025-06-08,22:02,김치전,1,15000
2025-06-08,22:05,오돌뼈,1,17000
2025-06-08,22:08,하이볼,1,7000
2025-06-08,22:15,소주,1,5000
2025-06-08,22:16,맥주,1,5000
2025-06-08,22:25,소주,1,5000
2025-06-08,22:28,김치전,1,15000
2025-06-08,22:34,김치전,1,15000
2025-06-08,22:37,오돌뼈,1,17000
2025-06-08,22:39,오돌뼈,1,17000
2025-06-08,22:46,계란찜,1,7000
2025-06-08,22:48,소주,1,5000
2025-06-08,22:51,닭발,1,18000
2025-06-08,22:55,맥주,1,5000
2025-06-08,22:56,닭발,1,18000
2025-06-08,22:58,맥주,1,5000
2025-06-08,23:02,닭발,1,18000
2025-06-08,23:28,오돌뼈,1,17000
2025-06-08,23:45,소주,1,5000
2025-06-09,19:04,김치전,1,15000
2025-06-09,19:24,맥주,1,5000
2025-06-09,20:10,소주,1,5000
2025-06-09,20:21,소주,1,5000
2025-06-09,20:24,하이볼,1,7000
2025-06-09,20:26,김치전,1,15000
2025-06-09,20:28,하이볼,1,7000
2025-06-09,20:33,닭발,1,18000
2025-06-09,20:33,김치전,1,15000
2025-06-09,20:40,하이볼,1,7000
2025-06-09,20:43,오돌뼈,1,17000
2025-06-09,20:44,맥주,1,5000
2025-06-09,20:54,소주,1,5000
2025-06-09,20:57,오돌뼈,1,17000
2025-06-09,21:01,소주,1,5000
2025-06-09,21:05,소주,1,5000
2025-06-09,21:07,계란찜,1,7000
2025-06-09,21:09,하이볼,1,7000
2025-06-09,21:13,하이볼,1,7000
2025-06-09,21:14,닭발,1,18000
2025-06-09,21:17,맥주,1,5000
2025-06-09,21:17,닭발,1,18000
2025-06-09,21:21,소주,1,5000
2025-06-09,21:22,소주,1,5000
2025-06-09,21:24,소주,1,5000
2025-06-09,21:24,소주,1,5000
2025-06-09,21:26,닭발,1,18000
2025-06-09,21:27,닭발,1,18000
2025-06-09,21:29,소주,1,5000
2025-06-09,21:30,계란찜,1,7000
2025-06-09,21:45,소주,1,5000
2025-06-09,21:45,맥주,1,5000
2025-06-09,21:47,닭발,1,18000
2025-06-09,21:52,계란찜,1,7000
2025-06-09,21:53,소주,1,5000
2025-06-09,21:58,오돌뼈,1,17000
2025-06-09,22:01,소주,1,5000
2025-06-09,22:01,하이볼,1,7000
2025-06-09,22:03,맥주,1,5000
2025-06-09,22:03,오돌뼈,1,17000
2025-06-09,22:08,오돌뼈,1,17000
2025-06-09,22:10,소주,1,5000
2025-06-09,22:10,맥주,1,5000
2025-06-09,22:14,맥주,1,5000
2025-06-09,22:15,맥주,1,5000
2025-06-09,22:16,맥주,1,5000
2025-06-09,22:16,하이볼,1,7000
2025-06-09,22:18,맥주,1,5000
2025-06-09,22:19,오돌뼈,1,17000
2025-06-09,22:19,김치전,1,15000
2025-06-09,22:20,오돌뼈,1,17000
2025-06-09,22:26,하이볼,1,7000
2025-06-09,22:38,닭발,1,18000
2025-06-09,22:44,맥주,1,5000
2025-06-09,22:57,소주,1,5000
2025-06-09,22:58,계란찜,1,7000
2025-06-09,23:00,닭발,1,18000
2025-06-09,23:05,닭발,1,18000
2025-06-09,23:25,김치전,1,15000
2025-06-09,23:28,맥주,1,5000
2025-06-09,23:30,소주,1,5000
2025-06-09,23:30,하이볼,1,7000
2025-06-10,19:00,하이볼,1,7000
2025-06-10,19:14,소주,1,5000
2025-06-10,19:31,소주,1,5000
2025-06-10,19:33,소주,1,5000
2025-06-10,19:34,소주,1,5000
2025-06-10,19:36,김치전,1,15000
2025-06-10,19:40,소주,1,5000
2025-06-10,20:00,오돌뼈,1,17000
2025-06-10,20:01,맥주,1,5000
2025-06-10,20:02,맥주,1,5000
2025-06-10,20:06,소주,1,5000
2025-06-10,20:13,소주,1,5000
2025-06-10,20:15,하이볼,1,7000
2025-06-10,20:16,맥주,1,5000
2025-06-10,20:19,김치전,1,15000
2025-06-10,20:25,맥주,1,5000
2025-06-10,20:28,하이볼,1,7000
2025-06-10,20:29,김치전,1,15000
2025-06-10,20:37,맥주,1,5000
2025-06-10,20:44,계란찜,1,7000
2025-06-10,20:50,하이볼,1,7000
2025-06-10,20:52,맥주,1,5000
2025-06-10,20:55,맥주,1,5000
2025-06-10,20:55,김치전,1,15000
2025-06-10,20:56,맥주,1,5000
2025-06-10,20:58,닭발,1,18000
2025-06-10,21:00,하이볼,1,7000
2025-06-10,21:01,소주,1,5000
2025-06-10,21:02,소주,1,5000
2025-06-10,21:07,하이볼,1,7000
2025-06-10,21:10,오돌뼈,1,17000
2025-06-10,21:11,소주,1,5000
2025-06-10,21:11,맥주,1,5000
2025-06-10,21:12,계란찜,1,7000
2025-06-10,21:14,오돌뼈,1,17000
2025-06-10,21:17,닭발,1,18000
2025-06-10,21:19,닭발,1,18000
2025-06-10,21:23,닭발,1,18000
2025-06-10,21:25,맥주,1,5000
2025-06-10,21:26,닭발,1,18000
2025-06-10,21:27,맥주,1,5000
2025-06-10,21:27,닭발,1,18000
2025-06-10,21:32,소주,1,5000
2025-06-10,21:33,하이볼,1,7000
2025-06-10,21:34,오돌뼈,1,17000
2025-06-10,21:37,맥주,1,5000
2025-06-10,21:38,소주,1,5000
2025-06-10,21:40,소주,1,5000
2025-06-10,21:41,소주,1,5000
2025-06-10,21:42,맥주,1,5000
2025-06-10,21:43,소주,1,5000
2025-06-10,21:45,맥주,1,5000
2025-06-10,21:46,소주,1,5000
2025-06-10,21:49,소주,1,5000
2025-06-10,21:51,하이볼,1,7000
2025-06-10,21:52,김치전,1,15000
2025-06-10,21:53,김치전,1,15000
2025-06-10,21:55,계란찜,1,7000
2025-06-10,22:02,소주,1,5000
2025-06-10,22:03,맥주,1,5000
2025-06-10,22:03,오돌뼈,1,17000
2025-06-10,22:04,오돌뼈,1,17000
2025-06-10,22:06,하이볼,1,7000
2025-06-10,22:10,오돌뼈,1,17000
2025-06-10,22:11,맥주,1,5000
2025-06-10,22:12,소주,1,5000
2025-06-10,22:15,소주,1,5000
2025-06-10,22:18,닭발,1,18000
2025-06-10,22:19,계란찜,1,7000
2025-06-10,22:21,맥주,1,5000
2025-06-10,22:22,닭발,1,18000
2025-06-10,22:24,오돌뼈,1,17000
2025-06-10,22:39,오돌뼈,1,17000
2025-06-10,22:40,하이볼,1,7000
2025-06-10,22:40,계란찜,1,7000
2025-06-10,22:42,맥주,1,5000
2025-06-10,22:42,맥주,1,5000
2025-06-10,22:47,닭발,1,18000
2025-06-10,22:53,소주,1,5000
2025-06-10,23:01,소주,1,5000
2025-06-10,23:05,닭발,1,18000
2025-06-10,23:05,김치전,1,15000
2025-06-10,23:09,오돌뼈,1,17000
2025-06-10,23:15,김치전,1,15000
2025-06-10,23:30,닭발,1,18000
2025-06-10,23:50,계란찜,1,7000
2025-06-11,19:05,하이볼,1,7000
2025-06-11,19:14,소주,1,5000
2025-06-11,19:14,하이볼,1,7000
2025-06-11,19:17,오돌뼈,1,17000
2025-06-11,19:27,소주,1,5000
2025-06-11,19:35,닭발,1,18000
2025-06-11,19:37,김치전,1,15000
2025-06-11,19:51,소주,1,5000
2025-06-11,19:53,맥주,1,5000
2025-06-11,19:53,김치전,1,15000
2025-06-11,19:58,김치전,1,15000
2025-06-11,20:00,하이볼,1,7000
2025-06-11,20:00,계란찜,1,7000
2025-06-11,20:16,닭발,1,18000
2025-06-11,20:19,소주,1,5000
2025-06-11,20:25,닭발,1,18000
2025-06-11,20:25,김치전,1,15000
2025-06-11,20:28,김치전,1,15000
2025-06-11,20:29,계란찜,1,7000
2025-06-11,20:31,소주,1,5000
2025-06-11,20:32,맥주,1,5000
2025-06-11,20:33,소주,1,5000
2025-06-11,20:34,소주,1,5000
2025-06-11,20:34,하이볼,1,7000
2025-06-11,20:40,맥주,1,5000
2025-06-11,20:41,김치전,1,15000
2025-06-11,20:46,소주,1,5000
2025-06-11,20:47,오돌뼈,1,17000
2025-06-11,20:48,맥주,1,5000
2025-06-11,20:49,맥주,1,5000
2025-06-11,20:49,오돌뼈,1,17000
2025-06-11,20:50,맥주,1,5000
2025-06-11,20:53,하이볼,1,7000
2025-06-11,20:54,소주,1,5000
2025-06-11,20:57,맥주,1,5000
2025-06-11,20:58,맥주,1,5000
2025-06-11,21:00,김치전,1,15000
2025-06-11,21:01,소주,1,5000
2025-06-11,21:02,닭발,1,18000
2025-06-11,21:10,계란찜,1,7000
2025-06-11,21:13,소주,1,5000
2025-06-11,21:14,소주,1,5000
2025-06-11,21:16,소주,1,5000
2025-06-11,21:16,맥주,1,5000
2025-06-11,21:16,하이볼,1,7000
2025-06-11,21:16,김치전,1,15000
2025-06-11,21:17,소주,1,5000
2025-06-11,21:18,소주,1,5000
2025-06-11,21:18,맥주,1,5000
2025-06-11,21:20,맥주,1,5000
2025-06-11,21:22,맥주,1,5000
2025-06-11,21:25,하이볼,1,7000
2025-06-11,21:26,닭발,1,18000
2025-06-11,21:30,오돌뼈,1,17000
2025-06-11,21:34,닭발,1,18000
2025-06-11,21:34,김치전,1,15000
2025-06-11,21:36,닭발,1,18000
2025-06-11,21:37,계란찜,1,7000
2025-06-11,21:39,닭발,1,18000
2025-06-11,21:41,맥주,1,5000
2025-06-11,21:41,계란찜,1,7000
2025-06-11,21:43,맥주,1,5000
2025-06-11,21:44,하이볼,1,7000
2025-06-11,21:44,닭발,1,18000
2025-06-11,21:45,오돌뼈,1,17000
2025-06-11,21:46,소주,1,5000
2025-06-11,21:48,소주,1,5000
2025-06-11,21:52,소주,1,5000
2025-06-11,21:53,오돌뼈,1,17000
2025-06-11,21:56,소주,1,5000
2025-06-11,21:56,하이볼,1,7000
2025-06-11,21:57,오돌뼈,1,17000
2025-06-11,21:58,소주,1,5000
2025-06-11,22:07,하이볼,1,7000
2025-06-11,22:08,맥주,1,5000
2025-06-11,22:11,소주,1,5000
2025-06-11,22:11,맥주,1,5000
2025-06-11,22:11,맥주,1,5000
2025-06-11,22:18,닭발,1,18000
2025-06-11,22:23,소주,1,5000
2025-06-11,22:25,닭발,1,18000
2025-06-11,22:28,소주,1,5000
2025-06-11,22:29,김치전,1,15000
2025-06-11,22:30,하이볼,1,7000
2025-06-11,22:33,소주,1,5000
2025-06-11,22:33,맥주,1,5000
2025-06-11,22:42,소주,1,5000
2025-06-11,22:45,맥주,1,5000
2025-06-11,22:46,김치전,1,15000
2025-06-11,22:48,계란찜,1,7000
2025-06-11,22:56,맥주,1,5000
2025-06-11,22:57,닭발,1,18000
2025-06-11,23:00,하이볼,1,7000
2025-06-11,23:01,맥주,1,5000
2025-06-11,23:01,맥주,1,5000
2025-06-11,23:05,소주,1,5000
2025-06-11,23:09,닭발,1,18000
2025-06-11,23:12,소주,1,5000
2025-06-11,23:19,맥주,1,5000
2025-06-11,23:23,오돌뼈,1,17000
2025-06-11,23:33,맥주,1,5000
2025-06-11,23:36,오돌뼈,1,17000
2025-06-11,23:46,오돌뼈,1,17000
2025-06-11,23:50,소주,1,5000
2025-06-11,23:50,맥주,1,5000
2025-06-11,23:50,하이볼,1,7000
2025-06-11,23:50,닭발,1,18000
2025-06-12,19:25,하이볼,1,7000
2025-06-12,19:33,소주,1,5000
2025-06-12,19:35,오돌뼈,1,17000
2025-06-12,19:38,맥주,1,5000
2025-06-12,19:38,닭발,1,18000
2025-06-12,19:54,맥주,1,5000
2025-06-12,20:00,소주,1,5000
2025-06-12,20:02,닭발,1,18000
2025-06-12,20:04,김치전,1,15000
2025-06-12,20:06,하이볼,1,7000
2025-06-12,20:08,맥주,1,5000
2025-06-12,20:13,하이볼,1,7000
2025-06-12,20:13,김치전,1,15000
2025-06-12,20:14,맥주,1,5000
2025-06-12,20:20,맥주,1,5000
2025-06-12,20:21,맥주,1,5000
2025-06-12,20:22,소주,1,5000
2025-06-12,20:24,맥주,1,5000
2025-06-12,20:25,맥주,1,5000
2025-06-12,20:26,소주,1,5000
2025-06-12,20:27,소주,1,5000
2025-06-12,20:27,김치전,1,15000
2025-06-12,20:29,소주,1,5000
2025-06-12,20:31,맥주,1,5000
2025-06-12,20:35,소주,1,5000
2025-06-12,20:36,맥주,1,5000
2025-06-12,20:37,소주,1,5000
2025-06-12,20:46,맥주,1,5000
2025-06-12,20:46,김치전,1,15000
2025-06-12,20:47,소주,1,5000
2025-06-12,20:51,하이볼,1,7000
2025-06-12,20:51,계란찜,1,7000
2025-06-12,20:52,김치전,1,15000
2025-06-12,20:53,맥주,1,5000
2025-06-12,20:53,맥주,1,5000
2025-06-12,20:53,닭발,1,18000
2025-06-12,20:54,계란찜,1,7000
2025-06-12,20:56,하이볼,1,7000
2025-06-12,20:57,닭발,1,18000
2025-06-12,20:58,소주,1,5000
2025-06-12,21:01,맥주,1,5000
2025-06-12,21:01,닭발,1,18000
2025-06-12,21:02,소주,1,5000
2025-06-12,21:08,소주,1,5000
2025-06-12,21:08,닭발,1,18000
2025-06-12,21:10,닭발,1,18000
2025-06-12,21:11,닭발,1,18000
2025-06-12,21:15,소주,1,5000
2025-06-12,21:15,하이볼,1,7000
2025-06-12,21:20,닭발,1,18000
2025-06-12,21:22,계란찜,1,7000
2025-06-12,21:23,계란찜,1,7000
2025-06-12,21:25,맥주,1,5000
2025-06-12,21:26,닭발,1,18000
2025-06-12,21:28,계란찜,1,7000
2025-06-12,21:30,소주,1,5000
2025-06-12,21:32,소주,1,5000
2025-06-12,21:35,소주,1,5000
2025-06-12,21:35,소주,1,5000
2025-06-12,21:35,소주,1,5000
2025-06-12,21:41,오돌뼈,1,17000
2025-06-12,21:42,계란찜,1,7000
2025-06-12,21:44,맥주,1,5000
2025-06-12,21:45,오돌뼈,1,17000
2025-06-12,21:47,오돌뼈,1,17000
2025-06-12,21:47,김치전,1,15000
2025-06-12,21:49,소주,1,5000
2025-06-12,21:56,김치전,1,15000
2025-06-12,21:57,닭발,1,18000
2025-06-12,21:58,오돌뼈,1,17000
2025-06-12,21:58,오돌뼈,1,17000
2025-06-12,21:59,소주,1,5000
2025-06-12,21:59,김치전,1,15000
2025-06-12,22:00,맥주,1,5000
2025-06-12,22:01,하이볼,1,7000
2025-06-12,22:03,오돌뼈,1,17000
2025-06-12,22:08,소주,1,5000
2025-06-12,22:13,닭발,1,18000
2025-06-12,22:13,계란찜,1,7000
2025-06-12,22:15,맥주,1,5000
2025-06-12,22:17,소주,1,5000
2025-06-12,22:20,소주,1,5000
2025-06-12,22:25,하이볼,1,7000
2025-06-12,22:27,맥주,1,5000
2025-06-12,22:30,하이볼,1,7000
2025-06-12,22:31,맥주,1,5000
2025-06-12,22:32,맥주,1,5000
2025-06-12,22:32,하이볼,1,7000
2025-06-12,22:35,하이볼,1,7000
2025-06-12,22:35,김치전,1,15000
2025-06-12,22:36,오돌뼈,1,17000
2025-06-12,22:37,계란찜,1,7000
2025-06-12,22:40,소주,1,5000
2025-06-12,22:41,하이볼,1,7000
2025-06-12,22:44,맥주,1,5000
2025-06-12,22:44,하이볼,1,7000
2025-06-12,22:49,소주,1,5000
2025-06-12,22:52,계란찜,1,7000
2025-06-12,22:58,맥주,1,5000
2025-06-12,23:00,오돌뼈,1,17000
2025-06-12,23:02,맥주,1,5000
2025-06-12,23:14,소주,1,5000
2025-06-12,23:15,닭발,1,18000
2025-06-12,23:26,맥주,1,5000
2025-06-12,23:50,오돌뼈,1,17000
2025-06-13,18:55,맥주,1,5000
2025-06-13,19:14,오돌뼈,1,17000
2025-06-13,19:17,오돌뼈,1,17000
2025-06-13,19:24,맥주,1,5000
2025-06-13,19:31,오돌뼈,1,17000
2025-06-13,19:37,오돌뼈,1,17000
2025-06-13,19:39,소주,1,5000
2025-06-13,19:40,소주,1,5000
2025-06-13,19:41,하이볼,1,7000
2025-06-13,19:41,하이볼,1,7000
2025-06-13,19:43,닭발,1,18000
2025-06-13,19:44,맥주,1,5000
2025-06-13,19:45,맥주,1,5000
2025-06-13,19:48,김치전,1,15000
2025-06-13,19:49,소주,1,5000
2025-06-13,19:57,맥주,1,5000
2025-06-13,20:08,소주,1,5000
2025-06-13,20:10,김치전,1,15000
2025-06-13,20:12,김치전,1,15000
2025-06-13,20:14,맥주,1,5000
2025-06-13,20:16,소주,1,5000
2025-06-13,20:16,계란찜,1,7000
2025-06-13,20:18,소주,1,5000
2025-06-13,20:18,닭발,1,18000
2025-06-13,20:18,김치전,1,15000
2025-06-13,20:22,맥주,1,5000
2025-06-13,20:24,소주,1,5000
2025-06-13,20:25,계란찜,1,7000
2025-06-13,20:30,맥주,1,5000
2025-06-13,20:31,김치전,1,15000
2025-06-13,20:31,계란찜,1,7000
2025-06-13,20:32,소주,1,5000
2025-06-13,20:32,소주,1,5000
2025-06-13,20:37,소주,1,5000
2025-06-13,20:37,맥주,1,5000
2025-06-13,20:38,김치전,1,15000
2025-06-13,20:39,소주,1,5000
2025-06-13,20:39,오돌뼈,1,17000
2025-06-13,20:39,오돌뼈,1,17000
2025-06-13,20:43,닭발,1,18000
2025-06-13,20:44,오돌뼈,1,17000
2025-06-13,20:44,계란찜,1,7000
2025-06-13,20:45,계란찜,1,7000
2025-06-13,20:46,맥주,1,5000
2025-06-13,20:50,소주,1,5000
2025-06-13,20:53,소주,1,5000
2025-06-13,20:54,소주,1,5000
2025-06-13,20:55,계란찜,1,7000
2025-06-13,20:58,김치전,1,15000
2025-06-13,20:59,소주,1,5000
2025-06-13,20:59,닭발,1,18000
2025-06-13,21:00,맥주,1,5000
2025-06-13,21:00,맥주,1,5000
2025-06-13,21:02,하이볼,1,7000
2025-06-13,21:06,하이볼,1,7000
2025-06-13,21:07,오돌뼈,1,17000
2025-06-13,21:08,닭발,1,18000
2025-06-13,21:09,소주,1,5000
2025-06-13,21:16,맥주,1,5000
2025-06-13,21:18,오돌뼈,1,17000
2025-06-13,21:19,하이볼,1,7000
2025-06-13,21:21,닭발,1,18000
2025-06-13,21:22,맥주,1,5000
2025-06-13,21:24,소주,1,5000
2025-06-13,21:27,맥주,1,5000
2025-06-13,21:28,소주,1,5000
2025-06-13,21:31,소주,1,5000
2025-06-13,21:31,맥주,1,5000
2025-06-13,21:31,닭발,1,18000
2025-06-13,21:31,김치전,1,15000
2025-06-13,21:35,소주,1,5000
2025-06-13,21:36,소주,1,5000
2025-06-13,21:37,하이볼,1,7000
2025-06-13,21:37,닭발,1,18000
2025-06-13,21:39,소주,1,5000
2025-06-13,21:40,소주,1,5000
2025-06-13,21:41,소주,1,5000
2025-06-13,21:42,닭발,1,18000
2025-06-13,21:42,오돌뼈,1,17000
2025-06-13,21:46,맥주,1,5000
2025-06-13,21:47,맥주,1,5000
2025-06-13,21:48,맥주,1,5000
2025-06-13,21:49,맥주,1,5000
2025-06-13,21:51,맥주,1,5000
2025-06-13,21:54,닭발,1,18000
2025-06-13,21:54,계란찜,1,7000
2025-06-13,21:54,계란찜,1,7000
2025-06-13,21:58,닭발,1,18000
2025-06-13,21:59,닭발,1,18000
2025-06-13,21:59,계란찜,1,7000
2025-06-13,22:00,소주,1,5000
2025-06-13,22:01,맥주,1,5000
2025-06-13,22:04,맥주,1,5000
2025-06-13,22:05,김치전,1,15000
2025-06-13,22:06,소주,1,5000
2025-06-13,22:06,닭발,1,18000
2025-06-13,22:07,하이볼,1,7000
2025-06-13,22:08,맥주,1,5000
2025-06-13,22:08,하이볼,1,7000
2025-06-13,22:08,하이볼,1,7000
2025-06-13,22:08,하이볼,1,7000
2025-06-13,22:10,오돌뼈,1,17000
2025-06-13,22:10,김치전,1,15000
2025-06-13,22:12,닭발,1,18000
2025-06-13,22:13,맥주,1,5000
2025-06-13,22:17,닭발,1,18000
2025-06-13,22:20,닭발,1,18000
2025-06-13,22:23,소주,1,5000
2025-06-13,22:24,맥주,1,5000
2025-06-13,22:24,김치전,1,15000
2025-06-13,22:39,소주,1,5000
2025-06-13,22:40,소주,1,5000
2025-06-13,22:40,하이볼,1,7000
2025-06-13,22:41,맥주,1,5000
2025-06-13,22:45,소주,1,5000
2025-06-13,22:54,계란찜,1,7000
2025-06-13,22:55,하이볼,1,7000
2025-06-13,22:58,맥주,1,5000
2025-06-13,22:59,하이볼,1,7000
2025-06-13,23:00,소주,1,5000
2025-06-13,23:00,하이볼,1,7000
2025-06-13,23:01,하이볼,1,7000
2025-06-13,23:01,닭발,1,18000
2025-06-13,23:07,닭발,1,18000
2025-06-13,23:10,소주,1,5000
2025-06-13,23:14,오돌뼈,1,17000
2025-06-13,23:17,김치전,1,15000
2025-06-13,23:19,오돌뼈,1,17000
2025-06-13,23:23,소주,1,5000
2025-06-13,23:30,계란찜,1,7000
2025-06-13,23:33,계란찜,1,7000
2025-06-13,23:40,하이볼,1,7000
2025-06-13,23:44,계란찜,1,7000
2025-06-13,23:50,닭발,1,18000
2025-06-14,18:33,김치전,1,15000
2025-06-14,19:24,김치전,1,15000
2025-06-14,19:40,소주,1,5000
2025-06-14,19:48,닭발,1,18000
2025-06-14,19:49,닭발,1,18000
2025-06-14,19:50,오돌뼈,1,17000
2025-06-14,19:57,소주,1,5000
2025-06-14,19:59,소주,1,5000
2025-06-14,20:03,닭발,1,18000
2025-06-14,20:05,소주,1,5000
2025-06-14,20:07,오돌뼈,1,17000
2025-06-14,20:16,맥주,1,5000
2025-06-14,20:16,오돌뼈,1,17000
2025-06-14,20:16,계란찜,1,7000
2025-06-14,20:18,닭발,1,18000
2025-06-14,20:18,닭발,1,18000
2025-06-14,20:28,맥주,1,5000
2025-06-14,20:29,소주,1,5000
2025-06-14,20:29,닭발,1,18000
2025-06-14,20:31,맥주,1,5000
2025-06-14,20:33,하이볼,1,7000
2025-06-14,20:35,소주,1,5000
2025-06-14,20:35,닭발,1,18000
2025-06-14,20:37,소주,1,5000
2025-06-14,20:37,하이볼,1,7000
2025-06-14,20:38,하이볼,1,7000
2025-06-14,20:40,맥주,1,5000
2025-06-14,20:41,김치전,1,15000
2025-06-14,20:42,맥주,1,5000
2025-06-14,20:43,하이볼,1,7000
2025-06-14,20:44,오돌뼈,1,17000
2025-06-14,20:45,닭발,1,18000
2025-06-14,20:46,맥주,1,5000
2025-06-14,20:48,소주,1,5000
2025-06-14,20:48,소주,1,5000
2025-06-14,20:48,맥주,1,5000
2025-06-14,20:49,하이볼,1,7000
2025-06-14,20:50,소주,1,5000
2025-06-14,20:51,닭발,1,18000
2025-06-14,20:52,맥주,1,5000
2025-06-14,20:53,소주,1,5000
2025-06-14,20:56,맥주,1,5000
2025-06-14,20:56,오돌뼈,1,17000
2025-06-14,20:57,계란찜,1,7000
2025-06-14,20:58,소주,1,5000
2025-06-14,20:59,소주,1,5000
2025-06-14,20:59,김치전,1,15000
2025-06-14,21:01,오돌뼈,1,17000
2025-06-14,21:02,소주,1,5000
2025-06-14,21:02,소주,1,5000
2025-06-14,21:05,맥주,1,5000
2025-06-14,21:06,소주,1,5000
2025-06-14,21:06,맥주,1,5000
2025-06-14,21:06,오돌뼈,1,17000
2025-06-14,21:08,닭발,1,18000
2025-06-14,21:08,김치전,1,15000
2025-06-14,21:09,소주,1,5000
2025-06-14,21:10,오돌뼈,1,17000
2025-06-14,21:12,맥주,1,5000
2025-06-14,21:14,오돌뼈,1,17000
2025-06-14,21:15,김치전,1,15000
2025-06-14,21:17,소주,1,5000
2025-06-14,21:17,소주,1,5000
2025-06-14,21:19,맥주,1,5000
2025-06-14,21:19,김치전,1,15000
2025-06-14,21:20,맥주,1,5000
2025-06-14,21:22,닭발,1,18000
2025-06-14,21:24,오돌뼈,1,17000
2025-06-14,21:24,김치전,1,15000
2025-06-14,21:26,하이볼,1,7000
2025-06-14,21:27,소주,1,5000
2025-06-14,21:31,맥주,1,5000
2025-06-14,21:32,계란찜,1,7000
2025-06-14,21:34,맥주,1,5000
2025-06-14,21:35,소주,1,5000
2025-06-14,21:39,하이볼,1,7000
2025-06-14,21:39,김치전,1,15000
2025-06-14,21:39,계란찜,1,7000
2025-06-14,21:41,맥주,1,5000
2025-06-14,21:42,소주,1,5000
2025-06-14,21:42,소주,1,5000
2025-06-14,21:42,맥주,1,5000
2025-06-14,21:45,하이볼,1,7000
2025-06-14,21:47,소주,1,5000
2025-06-14,21:48,하이볼,1,7000
2025-06-14,21:48,오돌뼈,1,17000
2025-06-14,21:49,맥주,1,5000
2025-06-14,21:49,닭발,1,18000
2025-06-14,21:50,오돌뼈,1,17000
2025-06-14,21:53,김치전,1,15000
2025-06-14,21:54,소주,1,5000
2025-06-14,21:54,김치전,1,15000
2025-06-14,21:55,맥주,1,5000
2025-06-14,21:55,김치전,1,15000
2025-06-14,21:55,계란찜,1,7000
2025-06-14,22:00,오돌뼈,1,17000
2025-06-14,22:03,김치전,1,15000
2025-06-14,22:04,오돌뼈,1,17000
2025-06-14,22:04,김치전,1,15000
2025-06-14,22:04,계란찜,1,7000
2025-06-14,22:08,소주,1,5000
2025-06-14,22:09,닭발,1,18000
2025-06-14,22:10,오돌뼈,1,17000
2025-06-14,22:12,맥주,1,5000
2025-06-14,22:14,계란찜,1,7000
2025-06-14,22:15,하이볼,1,7000
2025-06-14,22:17,맥주,1,5000
2025-06-14,22:17,하이볼,1,7000
2025-06-14,22:20,맥주,1,5000
2025-06-14,22:20,하이볼,1,7000
2025-06-14,22:22,맥주,1,5000
2025-06-14,22:23,소주,1,5000
2025-06-14,22:25,소주,1,5000
2025-06-14,22:25,맥주,1,5000
2025-06-14,22:28,소주,1,5000
2025-06-14,22:28,닭발,1,18000
2025-06-14,22:29,하이볼,1,7000
2025-06-14,22:32,닭발,1,18000
2025-06-14,22:35,소주,1,5000
2025-06-14,22:36,맥주,1,5000
2025-06-14,22:41,하이볼,1,7000
2025-06-14,22:45,맥주,1,5000
2025-06-14,22:47,하이볼,1,7000
2025-06-14,22:49,닭발,1,18000
2025-06-14,22:50,계란찜,1,7000
2025-06-14,22:52,김치전,1,15000
2025-06-14,22:57,맥주,1,5000
2025-06-14,22:58,맥주,1,5000
2025-06-14,23:01,닭발,1,18000
2025-06-14,23:04,소주,1,5000
2025-06-14,23:07,오돌뼈,1,17000
2025-06-14,23:16,맥주,1,5000
2025-06-14,23:27,오돌뼈,1,17000
2025-06-14,23:32,소주,1,5000
2025-06-14,23:33,소주,1,5000
2025-06-14,23:34,닭발,1,18000
2025-06-14,23:50,맥주,1,5000
2025-06-15,18:52,닭발,1,18000
2025-06-15,19:12,소주,1,5000
2025-06-15,19:54,하이볼,1,7000
2025-06-15,20:02,소주,1,5000
2025-06-15,20:04,하이볼,1,7000
2025-06-15,20:09,맥주,1,5000
2025-06-15,20:15,오돌뼈,1,17000
2025-06-15,20:18,오돌뼈,1,17000
2025-06-15,20:26,하이볼,1,7000
2025-06-15,20:33,김치전,1,15000
2025-06-15,20:36,김치전,1,15000
2025-06-15,20:37,맥주,1,5000
2025-06-15,20:44,맥주,1,5000
2025-06-15,20:46,소주,1,5000
2025-06-15,20:52,김치전,1,15000
2025-06-15,20:54,하이볼,1,7000
2025-06-15,20:54,닭발,1,18000
2025-06-15,20:55,계란찜,1,7000
2025-06-15,21:02,하이볼,1,7000
2025-06-15,21:03,하이볼,1,7000
2025-06-15,21:08,김치전,1,15000
2025-06-15,21:08,계란찜,1,7000
2025-06-15,21:16,맥주,1,5000
2025-06-15,21:17,소주,1,5000
2025-06-15,21:19,소주,1,5000
2025-06-15,21:22,맥주,1,5000
2025-06-15,21:23,닭발,1,18000
2025-06-15,21:25,계란찜,1,7000
2025-06-15,21:28,소주,1,5000
2025-06-15,21:34,맥주,1,5000
2025-06-15,21:42,소주,1,5000
2025-06-15,21:44,하이볼,1,7000
2025-06-15,21:45,소주,1,5000
2025-06-15,21:45,맥주,1,5000
2025-06-15,21:50,소주,1,5000
2025-06-15,21:50,닭발,1,18000
2025-06-15,21:52,닭발,1,18000
2025-06-15,21:52,닭발,1,18000
2025-06-15,21:54,닭발,1,18000
2025-06-15,22:03,오돌뼈,1,17000
2025-06-15,22:04,계란찜,1,7000
2025-06-15,22:08,오돌뼈,1,17000
2025-06-15,22:09,닭발,1,18000
2025-06-15,22:10,계란찜,1,7000
2025-06-15,22:12,맥주,1,5000
2025-06-15,22:14,소주,1,5000
2025-06-15,22:22,소주,1,5000
2025-06-15,22:24,소주,1,5000
2025-06-15,22:24,맥주,1,5000
2025-06-15,22:25,하이볼,1,7000
2025-06-15,22:29,오돌뼈,1,17000
2025-06-15,22:31,맥주,1,5000
2025-06-15,22:34,닭발,1,18000
2025-06-15,22:37,소주,1,5000
2025-06-15,22:42,소주,1,5000
2025-06-15,22:44,오돌뼈,1,17000
2025-06-15,22:46,소주,1,5000
2025-06-15,22:47,소주,1,5000
2025-06-15,23:10,소주,1,5000
2025-06-15,23:10,김치전,1,15000
2025-06-15,23:11,닭발,1,18000
2025-06-15,23:29,김치전,1,15000
2025-06-15,23:33,소주,1,5000
2025-06-15,23:41,맥주,1,5000
2025-06-15,23:50,맥주,1,5000
2025-06-16,19:22,오돌뼈,1,17000
2025-06-16,19:51,소주,1,5000
2025-06-16,20:09,하이볼,1,7000
2025-06-16,20:16,소주,1,5000
2025-06-16,20:26,닭발,1,18000
2025-06-16,20:34,오돌뼈,1,17000
2025-06-16,20:42,하이볼,1,7000
2025-06-16,20:55,김치전,1,15000
2025-06-16,20:56,소주,1,5000
2025-06-16,21:04,맥주,1,5000
2025-06-16,21:09,계란찜,1,7000
2025-06-16,21:11,하이볼,1,7000
2025-06-16,21:17,닭발,1,18000
2025-06-16,21:22,닭발,1,18000
2025-06-16,21:29,닭발,1,18000
2025-06-16,21:31,계란찜,1,7000
2025-06-16,21:37,맥주,1,5000
2025-06-16,21:37,닭발,1,18000
2025-06-16,21:46,소주,1,5000
2025-06-16,21:46,하이볼,1,7000
2025-06-16,21:53,오돌뼈,1,17000
2025-06-16,21:55,계란찜,1,7000
2025-06-16,21:56,김치전,1,15000
2025-06-16,22:03,소주,1,5000
2025-06-16,22:05,소주,1,5000
2025-06-16,22:09,소주,1,5000
2025-06-16,22:09,닭발,1,18000
2025-06-16,22:10,맥주,1,5000
2025-06-16,22:10,김치전,1,15000
2025-06-16,22:13,소주,1,5000
2025-06-16,22:25,계란찜,1,7000
2025-06-16,22:29,맥주,1,5000
2025-06-16,22:35,닭발,1,18000
2025-06-16,22:39,맥주,1,5000
2025-06-16,22:44,오돌뼈,1,17000
2025-06-16,22:50,오돌뼈,1,17000
2025-06-16,22:56,맥주,1,5000
2025-06-16,23:03,닭발,1,18000
2025-06-16,23:15,맥주,1,5000
2025-06-16,23:20,하이볼,1,7000
2025-06-16,23:25,하이볼,1,7000
2025-06-16,23:28,소주,1,5000
2025-06-16,23:36,맥주,1,5000
2025-06-16,23:50,소주,1,5000
2025-06-17,18:36,김치전,1,15000
2025-06-17,19:15,맥주,1,5000
2025-06-17,19:31,김치전,1,15000
2025-06-17,19:48,맥주,1,5000
2025-06-17,20:06,오돌뼈,1,17000
2025-06-17,20:12,하이볼,1,7000
2025-06-17,20:13,소주,1,5000
2025-06-17,20:18,김치전,1,15000
2025-06-17,20:27,맥주,1,5000
2025-06-17,20:29,오돌뼈,1,17000
2025-06-17,20:33,닭발,1,18000
2025-06-17,20:35,소주,1,5000
2025-06-17,20:41,오돌뼈,1,17000
2025-06-17,20:50,소주,1,5000
2025-06-17,20:52,하이볼,1,7000
2025-06-17,21:01,닭발,1,18000
2025-06-17,21:01,김치전,1,15000
2025-06-17,21:04,소주,1,5000
2025-06-17,21:05,맥주,1,5000
2025-06-17,21:09,맥주,1,5000
2025-06-17,21:09,맥주,1,5000
2025-06-17,21:09,닭발,1,18000
2025-06-17,21:12,맥주,1,5000
2025-06-17,21:15,하이볼,1,7000
2025-06-17,21:17,닭발,1,18000
2025-06-17,21:20,소주,1,5000
2025-06-17,21:22,소주,1,5000
2025-06-17,21:27,맥주,1,5000
2025-06-17,21:34,오돌뼈,1,17000
2025-06-17,21:37,오돌뼈,1,17000
2025-06-17,21:37,오돌뼈,1,17000
2025-06-17,21:42,계란찜,1,7000
2025-06-17,21:44,맥주,1,5000
2025-06-17,21:48,소주,1,5000
2025-06-17,21:52,맥주,1,5000
2025-06-17,21:53,소주,1,5000
2025-06-17,22:00,소주,1,5000
2025-06-17,22:01,닭발,1,18000
2025-06-17,22:02,소주,1,5000
2025-06-17,22:11,하이볼,1,7000
2025-06-17,22:15,김치전,1,15000
2025-06-17,22:22,하이볼,1,7000
2025-06-17,22:24,하이볼,1,7000
2025-06-17,22:32,소주,1,5000
2025-06-17,22:41,김치전,1,15000
2025-06-17,22:42,소주,1,5000
2025-06-17,22:45,소주,1,5000
2025-06-17,22:56,오돌뼈,1,17000
2025-06-17,23:03,소주,1,5000
2025-06-17,23:04,소주,1,5000
2025-06-17,23:09,계란찜,1,7000
2025-06-17,23:10,소주,1,5000
2025-06-17,23:11,소주,1,5000
2025-06-17,23:25,계란찜,1,7000
2025-06-17,23:28,맥주,1,5000
2025-06-17,23:31,계란찜,1,7000
2025-06-17,23:50,오돌뼈,1,17000
2025-06-18,18:51,하이볼,1,7000
2025-06-18,19:06,소주,1,5000
2025-06-18,19:26,김치전,1,15000
2025-06-18,19:28,소주,1,5000
2025-06-18,19:31,맥주,1,5000
2025-06-18,19:33,맥주,1,5000
2025-06-18,19:46,오돌뼈,1,17000
2025-06-18,19:49,닭발,1,18000
2025-06-18,19:57,소주,1,5000
2025-06-18,19:58,맥주,1,5000
2025-06-18,20:10,소주,1,5000
2025-06-18,20:16,소주,1,5000
2025-06-18,20:19,오돌뼈,1,17000
2025-06-18,20:20,닭발,1,18000
2025-06-18,20:24,맥주,1,5000
2025-06-18,20:26,소주,1,5000
2025-06-18,20:30,맥주,1,5000
2025-06-18,20:35,오돌뼈,1,17000
2025-06-18,20:39,닭발,1,18000
2025-06-18,20:39,닭발,1,18000
2025-06-18,20:42,소주,1,5000
2025-06-18,20:43,소주,1,5000
2025-06-18,20:46,닭발,1,18000
2025-06-18,20:48,소주,1,5000
2025-06-18,20:50,소주,1,5000
2025-06-18,20:58,맥주,1,5000
2025-06-18,21:10,하이볼,1,7000
2025-06-18,21:12,하이볼,1,7000
2025-06-18,21:17,소주,1,5000
2025-06-18,21:23,오돌뼈,1,17000
2025-06-18,21:26,오돌뼈,1,17000
2025-06-18,21:28,소주,1,5000
2025-06-18,21:33,오돌뼈,1,17000
2025-06-18,21:35,하이볼,1,7000
2025-06-18,21:37,소주,1,5000
2025-06-18,21:37,맥주,1,5000
2025-06-18,21:41,닭발,1,18000
2025-06-18,21:47,닭발,1,18000
2025-06-18,21:51,맥주,1,5000
2025-06-18,21:52,계란찜,1,7000
2025-06-18,21:59,맥주,1,5000
2025-06-18,22:00,하이볼,1,7000
2025-06-18,22:05,오돌뼈,1,17000
2025-06-18,22:07,소주,1,5000
2025-06-18,22:12,소주,1,5000
2025-06-18,22:14,김치전,1,15000
2025-06-18,22:15,하이볼,1,7000
2025-06-18,22:17,계란찜,1,7000
2025-06-18,22:24,김치전,1,15000
2025-06-18,22:26,김치전,1,15000
2025-06-18,22:26,김치전,1,15000
2025-06-18,22:26,계란찜,1,7000
2025-06-18,22:35,맥주,1,5000
2025-06-18,22:42,오돌뼈,1,17000
2025-06-18,22:51,김치전,1,15000
2025-06-18,22:54,오돌뼈,1,17000
2025-06-18,23:01,맥주,1,5000
2025-06-18,23:05,계란찜,1,7000
2025-06-18,23:15,닭발,1,18000
2025-06-18,23:19,맥주,1,5000
2025-06-18,23:22,맥주,1,5000
2025-06-18,23:50,하이볼,1,7000
2025-06-19,19:08,오돌뼈,1,17000
2025-06-19,19:22,맥주,1,5000
2025-06-19,19:33,하이볼,1,7000
2025-06-19,19:34,오돌뼈,1,17000
2025-06-19,19:43,맥주,1,5000
2025-06-19,19:51,소주,1,5000
2025-06-19,19:51,하이볼,1,7000
2025-06-19,19:52,김치전,1,15000
2025-06-19,19:56,닭발,1,18000
2025-06-19,20:05,오돌뼈,1,17000
2025-06-19,20:11,계란찜,1,7000
2025-06-19,20:21,소주,1,5000
2025-06-19,20:23,소주,1,5000
2025-06-19,20:25,소주,1,5000
2025-06-19,20:26,맥주,1,5000
2025-06-19,20:26,하이볼,1,7000
2025-06-19,20:30,소주,1,5000
2025-06-19,20:35,소주,1,5000
2025-06-19,20:37,소주,1,5000
2025-06-19,20:39,맥주,1,5000
2025-06-19,20:42,닭발,1,18000
2025-06-19,20:42,닭발,1,18000
2025-06-19,20:44,맥주,1,5000
2025-06-19,20:45,소주,1,5000
2025-06-19,20:55,오돌뼈,1,17000
2025-06-19,20:56,맥주,1,5000
2025-06-19,21:04,김치전,1,15000
2025-06-19,21:10,맥주,1,5000
2025-06-19,21:10,오돌뼈,1,17000
2025-06-19,21:11,닭발,1,18000
2025-06-19,21:13,소주,1,5000
2025-06-19,21:13,계란찜,1,7000
2025-06-19,21:16,하이볼,1,7000
2025-06-19,21:17,맥주,1,5000
2025-06-19,21:25,닭발,1,18000
2025-06-19,21:26,소주,1,5000
2025-06-19,21:27,소주,1,5000
2025-06-19,21:27,소주,1,5000
2025-06-19,21:33,오돌뼈,1,17000
2025-06-19,21:38,맥주,1,5000
2025-06-19,21:38,오돌뼈,1,17000
2025-06-19,21:39,맥주,1,5000
2025-06-19,21:40,맥주,1,5000
2025-06-19,21:41,소주,1,5000
2025-06-19,21:42,소주,1,5000
2025-06-19,21:45,하이볼,1,7000
2025-06-19,21:45,닭발,1,18000
2025-06-19,21:45,김치전,1,15000
2025-06-19,21:46,김치전,1,15000
2025-06-19,21:48,계란찜,1,7000
2025-06-19,21:52,오돌뼈,1,17000
2025-06-19,21:54,맥주,1,5000
2025-06-19,21:54,하이볼,1,7000
2025-06-19,21:57,닭발,1,18000
2025-06-19,22:00,맥주,1,5000
2025-06-19,22:03,소주,1,5000
2025-06-19,22:04,오돌뼈,1,17000
2025-06-19,22:14,김치전,1,15000
2025-06-19,22:16,맥주,1,5000
2025-06-19,22:16,계란찜,1,7000
2025-06-19,22:25,오돌뼈,1,17000
2025-06-19,22:28,소주,1,5000
2025-06-19,22:28,하이볼,1,7000
2025-06-19,22:30,맥주,1,5000
2025-06-19,22:32,계란찜,1,7000
2025-06-19,22:35,닭발,1,18000
2025-06-19,22:39,맥주,1,5000
2025-06-19,22:41,하이볼,1,7000
2025-06-19,22:49,닭발,1,18000
2025-06-19,22:50,소주,1,5000
2025-06-19,23:08,닭발,1,18000
2025-06-19,23:25,소주,1,5000
2025-06-19,23:28,소주,1,5000
2025-06-19,23:45,맥주,1,5000
2025-06-19,23:50,소주,1,5000
2025-06-19,23:50,하이볼,1,7000
2025-06-20,19:24,소주,1,5000
2025-06-20,19:24,닭발,1,18000
2025-06-20,19:36,맥주,1,5000
2025-06-20,19:36,오돌뼈,1,17000
2025-06-20,19:43,소주,1,5000
2025-06-20,19:45,소주,1,5000
2025-06-20,19:48,맥주,1,5000
2025-06-20,20:05,김치전,1,15000
2025-06-20,20:11,소주,1,5000
2025-06-20,20:12,소주,1,5000
2025-06-20,20:13,하이볼,1,7000
2025-06-20,20:18,소주,1,5000
2025-06-20,20:18,맥주,1,5000
2025-06-20,20:19,맥주,1,5000
2025-06-20,20:26,오돌뼈,1,17000
2025-06-20,20:27,맥주,1,5000
2025-06-20,20:28,소주,1,5000
2025-06-20,20:30,소주,1,5000
2025-06-20,20:33,김치전,1,15000
2025-06-20,20:37,맥주,1,5000
2025-06-20,20:40,계란찜,1,7000
2025-06-20,20:42,소주,1,5000
2025-06-20,20:44,소주,1,5000
2025-06-20,20:44,소주,1,5000
2025-06-20,20:50,닭발,1,18000
2025-06-20,20:52,계란찜,1,7000
2025-06-20,20:54,김치전,1,15000
2025-06-20,20:58,맥주,1,5000
2025-06-20,21:02,하이볼,1,7000
2025-06-20,21:03,소주,1,5000
2025-06-20,21:03,하이볼,1,7000
2025-06-20,21:04,소주,1,5000
2025-06-20,21:08,김치전,1,15000
2025-06-20,21:09,김치전,1,15000
2025-06-20,21:10,소주,1,5000
2025-06-20,21:10,하이볼,1,7000
2025-06-20,21:14,하이볼,1,7000
2025-06-20,21:21,오돌뼈,1,17000
2025-06-20,21:23,김치전,1,15000
2025-06-20,21:24,소주,1,5000
2025-06-20,21:24,맥주,1,5000
2025-06-20,21:24,오돌뼈,1,17000
2025-06-20,21:26,맥주,1,5000
2025-06-20,21:29,오돌뼈,1,17000
2025-06-20,21:32,하이볼,1,7000
2025-06-20,21:32,오돌뼈,1,17000
2025-06-20,21:34,닭발,1,18000
2025-06-20,21:36,오돌뼈,1,17000
2025-06-20,21:36,오돌뼈,1,17000
2025-06-20,21:36,김치전,1,15000
2025-06-20,21:37,계란찜,1,7000
2025-06-20,21:41,소주,1,5000
2025-06-20,21:45,계란찜,1,7000
2025-06-20,21:55,닭발,1,18000
2025-06-20,21:57,소주,1,5000
2025-06-20,22:02,맥주,1,5000
2025-06-20,22:04,맥주,1,5000
2025-06-20,22:05,소주,1,5000
2025-06-20,22:09,닭발,1,18000
2025-06-20,22:15,하이볼,1,7000
2025-06-20,22:15,하이볼,1,7000
2025-06-20,22:20,닭발,1,18000
2025-06-20,22:21,소주,1,5000
2025-06-20,22:24,오돌뼈,1,17000
2025-06-20,22:25,맥주,1,5000
2025-06-20,22:31,계란찜,1,7000
2025-06-20,22:32,맥주,1,5000
2025-06-20,22:33,맥주,1,5000
2025-06-20,22:36,닭발,1,18000
2025-06-20,23:14,맥주,1,5000
2025-06-20,23:40,닭발,1,18000
2025-06-20,23:49,맥주,1,5000
2025-06-20,23:50,닭발,1,18000
2025-06-21,18:53,맥주,1,5000
2025-06-21,19:18,소주,1,5000
2025-06-21,19:26,맥주,1,5000
2025-06-21,19:27,소주,1,5000
2025-06-21,19:28,소주,1,5000
2025-06-21,19:36,하이볼,1,7000
2025-06-21,19:42,하이볼,1,7000
2025-06-21,19:45,닭발,1,18000
2025-06-21,19:46,맥주,1,5000
2025-06-21,19:49,맥주,1,5000
2025-06-21,19:49,계란찜,1,7000
2025-06-21,19:51,맥주,1,5000
2025-06-21,19:55,소주,1,5000
2025-06-21,20:06,하이볼,1,7000
2025-06-21,20:07,소주,1,5000
2025-06-21,20:11,김치전,1,15000
2025-06-21,20:13,계란찜,1,7000
2025-06-21,20:17,소주,1,5000
2025-06-21,20:24,맥주,1,5000
2025-06-21,20:24,오돌뼈,1,17000
2025-06-21,20:25,하이볼,1,7000
2025-06-21,20:25,오돌뼈,1,17000
2025-06-21,20:27,하이볼,1,7000
2025-06-21,20:31,맥주,1,5000
2025-06-21,20:33,김치전,1,15000
2025-06-21,20:34,닭발,1,18000
2025-06-21,20:36,소주,1,5000
2025-06-21,20:37,계란찜,1,7000
2025-06-21,20:39,맥주,1,5000
2025-06-21,20:39,닭발,1,18000
2025-06-21,20:41,하이볼,1,7000
2025-06-21,20:41,하이볼,1,7000
2025-06-21,20:41,닭발,1,18000
2025-06-21,20:42,닭발,1,18000
2025-06-21,20:42,오돌뼈,1,17000
2025-06-21,20:42,계란찜,1,7000
2025-06-21,20:43,오돌뼈,1,17000
2025-06-21,20:44,김치전,1,15000
2025-06-21,20:45,계란찜,1,7000
2025-06-21,20:47,하이볼,1,7000
2025-06-21,20:49,오돌뼈,1,17000
2025-06-21,20:50,맥주,1,5000
2025-06-21,20:50,계란찜,1,7000
2025-06-21,20:54,닭발,1,18000
2025-06-21,20:55,맥주,1,5000
2025-06-21,20:55,맥주,1,5000
2025-06-21,20:56,소주,1,5000
2025-06-21,20:57,소주,1,5000
2025-06-21,21:02,소주,1,5000
2025-06-21,21:02,소주,1,5000
2025-06-21,21:02,소주,1,5000
2025-06-21,21:02,소주,1,5000
2025-06-21,21:02,맥주,1,5000
2025-06-21,21:02,계란찜,1,7000
2025-06-21,21:03,소주,1,5000
2025-06-21,21:05,닭발,1,18000
2025-06-21,21:05,김치전,1,15000
2025-06-21,21:08,소주,1,5000
2025-06-21,21:08,오돌뼈,1,17000
2025-06-21,21:08,오돌뼈,1,17000
2025-06-21,21:09,닭발,1,18000
2025-06-21,21:09,오돌뼈,1,17000
2025-06-21,21:11,소주,1,5000
2025-06-21,21:11,소주,1,5000
2025-06-21,21:13,맥주,1,5000
2025-06-21,21:14,맥주,1,5000
2025-06-21,21:14,닭발,1,18000
2025-06-21,21:15,맥주,1,5000
2025-06-21,21:16,소주,1,5000
2025-06-21,21:16,닭발,1,18000
2025-06-21,21:16,김치전,1,15000
2025-06-21,21:17,맥주,1,5000
2025-06-21,21:17,맥주,1,5000
2025-06-21,21:19,소주,1,5000
2025-06-21,21:22,김치전,1,15000
2025-06-21,21:22,계란찜,1,7000
2025-06-21,21:24,닭발,1,18000
2025-06-21,21:25,오돌뼈,1,17000
2025-06-21,21:26,소주,1,5000
2025-06-21,21:30,소주,1,5000
2025-06-21,21:30,오돌뼈,1,17000
2025-06-21,21:33,소주,1,5000
2025-06-21,21:33,하이볼,1,7000
2025-06-21,21:33,하이볼,1,7000
2025-06-21,21:33,김치전,1,15000
2025-06-21,21:36,맥주,1,5000
2025-06-21,21:37,닭발,1,18000
2025-06-21,21:38,오돌뼈,1,17000
2025-06-21,21:40,소주,1,5000
2025-06-21,21:40,하이볼,1,7000
2025-06-21,21:42,맥주,1,5000
2025-06-21,21:46,하이볼,1,7000
2025-06-21,21:49,소주,1,5000
2025-06-21,21:52,하이볼,1,7000
2025-06-21,21:53,오돌뼈,1,17000
2025-06-21,21:54,소주,1,5000
2025-06-21,21:54,맥주,1,5000
2025-06-21,21:56,오돌뼈,1,17000
2025-06-21,21:57,김치전,1,15000
2025-06-21,21:59,닭발,1,18000
2025-06-21,21:59,닭발,1,18000
2025-06-21,22:00,소주,1,5000
2025-06-21,22:00,하이볼,1,7000
2025-06-21,22:04,계란찜,1,7000
2025-06-21,22:06,소주,1,5000
2025-06-21,22:06,하이볼,1,7000
2025-06-21,22:09,닭발,1,18000
2025-06-21,22:09,김치전,1,15000
2025-06-21,22:10,소주,1,5000
2025-06-21,22:14,맥주,1,5000
2025-06-21,22:14,맥주,1,5000
2025-06-21,22:15,맥주,1,5000
2025-06-21,22:19,하이볼,1,7000
2025-06-21,22:22,계란찜,1,7000
2025-06-21,22:24,소주,1,5000
2025-06-21,22:25,소주,1,5000
2025-06-21,22:28,하이볼,1,7000
2025-06-21,22:28,하이볼,1,7000
2025-06-21,22:29,하이볼,1,7000
2025-06-21,22:30,김치전,1,15000
2025-06-21,22:36,맥주,1,5000
2025-06-21,22:36,김치전,1,15000
2025-06-21,22:41,오돌뼈,1,17000
2025-06-21,22:44,소주,1,5000
2025-06-21,22:44,하이볼,1,7000
2025-06-21,22:50,닭발,1,18000
2025-06-21,22:51,맥주,1,5000
2025-06-21,22:54,닭발,1,18000
2025-06-21,22:56,소주,1,5000
2025-06-21,22:57,소주,1,5000
2025-06-21,23:12,닭발,1,18000
2025-06-21,23:13,소주,1,5000
2025-06-21,23:15,계란찜,1,7000
2025-06-21,23:17,오돌뼈,1,17000
2025-06-21,23:18,맥주,1,5000
2025-06-21,23:27,맥주,1,5000
2025-06-21,23:27,김치전,1,15000
2025-06-21,23:28,맥주,1,5000
2025-06-21,23:29,하이볼,1,7000
2025-06-21,23:50,맥주,1,5000
2025-06-21,23:50,맥주,1,5000
2025-06-22,19:23,소주,1,5000
2025-06-22,19:36,맥주,1,5000
2025-06-22,19:55,소주,1,5000
2025-06-22,20:04,하이볼,1,7000
2025-06-22,20:23,닭발,1,18000
2025-06-22,20:23,오돌뼈,1,17000
2025-06-22,20:27,소주,1,5000
2025-06-22,20:28,오돌뼈,1,17000
2025-06-22,20:34,오돌뼈,1,17000
2025-06-22,20:36,소주,1,5000
2025-06-22,20:39,소주,1,5000
2025-06-22,20:45,맥주,1,5000
2025-06-22,20:48,소주,1,5000
2025-06-22,20:54,소주,1,5000
2025-06-22,21:00,김치전,1,15000
2025-06-22,21:02,김치전,1,15000
2025-06-22,21:04,소주,1,5000
2025-06-22,21:04,맥주,1,5000
2025-06-22,21:07,계란찜,1,7000
2025-06-22,21:10,닭발,1,18000
2025-06-22,21:16,소주,1,5000
2025-06-22,21:19,하이볼,1,7000
2025-06-22,21:19,계란찜,1,7000
2025-06-22,21:23,김치전,1,15000
2025-06-22,21:24,맥주,1,5000
2025-06-22,21:25,맥주,1,5000
2025-06-22,21:26,닭발,1,18000
2025-06-22,21:26,오돌뼈,1,17000
2025-06-22,21:27,오돌뼈,1,17000
2025-06-22,21:28,하이볼,1,7000
2025-06-22,21:30,오돌뼈,1,17000
2025-06-22,21:30,김치전,1,15000
2025-06-22,21:33,소주,1,5000
2025-06-22,21:37,닭발,1,18000
2025-06-22,21:37,김치전,1,15000
2025-06-22,21:42,닭발,1,18000
2025-06-22,21:51,소주,1,5000
2025-06-22,21:52,계란찜,1,7000
2025-06-22,21:53,닭발,1,18000
2025-06-22,21:55,김치전,1,15000
2025-06-22,21:56,소주,1,5000
2025-06-22,21:56,맥주,1,5000
2025-06-22,21:57,소주,1,5000
2025-06-22,22:03,맥주,1,5000
2025-06-22,22:04,맥주,1,5000
2025-06-22,22:08,맥주,1,5000
2025-06-22,22:09,맥주,1,5000
2025-06-22,22:12,오돌뼈,1,17000
2025-06-22,22:14,계란찜,1,7000
2025-06-22,22:19,하이볼,1,7000
2025-06-22,22:20,김치전,1,15000
2025-06-22,22:22,하이볼,1,7000
2025-06-22,22:25,계란찜,1,7000
2025-06-22,22:37,맥주,1,5000
2025-06-22,22:47,맥주,1,5000
2025-06-22,22:50,소주,1,5000
2025-06-22,22:55,소주,1,5000
2025-06-22,22:59,맥주,1,5000
2025-06-22,23:00,소주,1,5000
2025-06-22,23:01,하이볼,1,7000
2025-06-22,23:08,하이볼,1,7000
2025-06-22,23:10,계란찜,1,7000
2025-06-22,23:11,김치전,1,15000
2025-06-22,23:15,맥주,1,5000
2025-06-23,18:50,소주,1,5000
2025-06-23,19:30,오돌뼈,1,17000
2025-06-23,19:33,닭발,1,18000
2025-06-23,19:59,맥주,1,5000
2025-06-23,20:14,김치전,1,15000
2025-06-23,20:17,소주,1,5000
2025-06-23,20:18,오돌뼈,1,17000
2025-06-23,20:22,김치전,1,15000
2025-06-23,20:24,맥주,1,5000
2025-06-23,20:25,소주,1,5000
2025-06-23,20:28,하이볼,1,7000
2025-06-23,20:28,오돌뼈,1,17000
2025-06-23,20:31,소주,1,5000
2025-06-23,20:34,닭발,1,18000
2025-06-23,20:34,닭발,1,18000
2025-06-23,20:35,소주,1,5000
2025-06-23,20:35,계란찜,1,7000
2025-06-23,20:36,계란찜,1,7000
2025-06-23,20:43,오돌뼈,1,17000
2025-06-23,20:47,맥주,1,5000
2025-06-23,20:48,오돌뼈,1,17000
2025-06-23,20:49,닭발,1,18000
2025-06-23,20:51,하이볼,1,7000
2025-06-23,20:51,하이볼,1,7000
2025-06-23,20:53,맥주,1,5000
2025-06-23,20:55,닭발,1,18000
2025-06-23,20:55,계란찜,1,7000
2025-06-23,20:56,하이볼,1,7000
2025-06-23,20:56,오돌뼈,1,17000
2025-06-23,20:58,김치전,1,15000
2025-06-23,21:02,소주,1,5000
2025-06-23,21:04,계란찜,1,7000
2025-06-23,21:05,소주,1,5000
2025-06-23,21:06,소주,1,5000
2025-06-23,21:06,맥주,1,5000
2025-06-23,21:13,맥주,1,5000
2025-06-23,21:15,닭발,1,18000
2025-06-23,21:18,하이볼,1,7000
2025-06-23,21:22,소주,1,5000
2025-06-23,21:28,맥주,1,5000
2025-06-23,21:31,소주,1,5000
2025-06-23,21:32,소주,1,5000
2025-06-23,21:34,소주,1,5000
2025-06-23,21:35,소주,1,5000
2025-06-23,21:35,닭발,1,18000
2025-06-23,21:35,김치전,1,15000
2025-06-23,21:36,소주,1,5000
2025-06-23,21:39,김치전,1,15000
2025-06-23,21:46,맥주,1,5000
2025-06-23,21:46,김치전,1,15000
2025-06-23,21:47,맥주,1,5000
2025-06-23,21:49,맥주,1,5000
2025-06-23,21:55,하이볼,1,7000
2025-06-23,21:57,맥주,1,5000
2025-06-23,21:58,소주,1,5000
2025-06-23,21:59,소주,1,5000
2025-06-23,21:59,맥주,1,5000
2025-06-23,22:01,소주,1,5000
2025-06-23,22:03,맥주,1,5000
2025-06-23,22:04,계란찜,1,7000
2025-06-23,22:05,소주,1,5000
2025-06-23,22:05,하이볼,1,7000
2025-06-23,22:06,맥주,1,5000
2025-06-23,22:07,하이볼,1,7000
2025-06-23,22:10,하이볼,1,7000
2025-06-23,22:11,오돌뼈,1,17000
2025-06-23,22:14,닭발,1,18000
2025-06-23,22:16,하이볼,1,7000
2025-06-23,22:17,김치전,1,15000
2025-06-23,22:18,계란찜,1,7000
2025-06-23,22:21,소주,1,5000
2025-06-23,22:25,오돌뼈,1,17000
2025-06-23,22:26,맥주,1,5000
2025-06-23,22:27,계란찜,1,7000
2025-06-23,22:28,맥주,1,5000
2025-06-23,22:29,맥주,1,5000
2025-06-23,22:30,닭발,1,18000
2025-06-23,22:31,오돌뼈,1,17000
2025-06-23,22:32,닭발,1,18000
2025-06-23,22:38,소주,1,5000
2025-06-23,22:43,맥주,1,5000
2025-06-23,22:44,김치전,1,15000
2025-06-23,22:50,소주,1,5000
2025-06-23,22:57,소주,1,5000
2025-06-23,23:09,하이볼,1,7000
2025-06-23,23:13,소주,1,5000
2025-06-23,23:15,맥주,1,5000
2025-06-24,18:57,소주,1,5000
2025-06-24,19:13,하이볼,1,7000
2025-06-24,19:40,소주,1,5000
2025-06-24,19:41,계란찜,1,7000
2025-06-24,19:45,소주,1,5000
2025-06-24,19:46,맥주,1,5000
2025-06-24,19:47,계란찜,1,7000
2025-06-24,19:52,닭발,1,18000
2025-06-24,19:59,맥주,1,5000
2025-06-24,19:59,맥주,1,5000
2025-06-24,20:00,소주,1,5000
2025-06-24,20:03,맥주,1,5000
2025-06-24,20:08,계란찜,1,7000
2025-06-24,20:09,닭발,1,18000
2025-06-24,20:13,오돌뼈,1,17000
2025-06-24,20:14,김치전,1,15000
2025-06-24,20:15,하이볼,1,7000
2025-06-24,20:17,맥주,1,5000
2025-06-24,20:17,오돌뼈,1,17000
2025-06-24,20:20,오돌뼈,1,17000
2025-06-24,20:21,소주,1,5000
2025-06-24,20:25,닭발,1,18000
2025-06-24,20:27,소주,1,5000
2025-06-24,20:28,하이볼,1,7000
2025-06-24,20:29,소주,1,5000
2025-06-24,20:32,맥주,1,5000
2025-06-24,20:33,오돌뼈,1,17000
2025-06-24,20:36,오돌뼈,1,17000
2025-06-24,20:41,소주,1,5000
2025-06-24,20:51,닭발,1,18000
2025-06-24,20:52,소주,1,5000
2025-06-24,20:52,맥주,1,5000
2025-06-24,20:53,닭발,1,18000
2025-06-24,20:54,소주,1,5000
2025-06-24,20:57,닭발,1,18000
2025-06-24,20:58,맥주,1,5000
2025-06-24,20:58,하이볼,1,7000
2025-06-24,21:00,하이볼,1,7000
2025-06-24,21:00,닭발,1,18000
2025-06-24,21:00,계란찜,1,7000
2025-06-24,21:01,닭발,1,18000
2025-06-24,21:06,맥주,1,5000
2025-06-24,21:06,오돌뼈,1,17000
2025-06-24,21:07,계란찜,1,7000
2025-06-24,21:10,맥주,1,5000
2025-06-24,21:10,오돌뼈,1,17000
2025-06-24,21:11,맥주,1,5000
2025-06-24,21:13,맥주,1,5000
2025-06-24,21:13,하이볼,1,7000
2025-06-24,21:14,소주,1,5000
2025-06-24,21:14,닭발,1,18000
2025-06-24,21:14,오돌뼈,1,17000
2025-06-24,21:18,소주,1,5000
2025-06-24,21:18,하이볼,1,7000
2025-06-24,21:19,소주,1,5000
2025-06-24,21:20,맥주,1,5000
2025-06-24,21:20,닭발,1,18000
2025-06-24,21:21,소주,1,5000
2025-06-24,21:21,오돌뼈,1,17000
2025-06-24,21:21,김치전,1,15000
2025-06-24,21:22,맥주,1,5000
2025-06-24,21:23,소주,1,5000
2025-06-24,21:25,소주,1,5000
2025-06-24,21:25,맥주,1,5000
2025-06-24,21:29,소주,1,5000
2025-06-24,21:29,오돌뼈,1,17000
2025-06-24,21:31,소주,1,5000
2025-06-24,21:31,맥주,1,5000
2025-06-24,21:31,하이볼,1,7000
2025-06-24,21:32,소주,1,5000
2025-06-24,21:34,소주,1,5000
2025-06-24,21:34,소주,1,5000
2025-06-24,21:35,소주,1,5000
2025-06-24,21:35,맥주,1,5000
2025-06-24,21:37,소주,1,5000
2025-06-24,21:40,하이볼,1,7000
2025-06-24,21:41,맥주,1,5000
2025-06-24,21:42,소주,1,5000
2025-06-24,21:42,소주,1,5000
2025-06-24,21:43,소주,1,5000
2025-06-24,21:43,닭발,1,18000
2025-06-24,21:45,맥주,1,5000
2025-06-24,21:45,김치전,1,15000
2025-06-24,21:50,하이볼,1,7000
2025-06-24,21:51,하이볼,1,7000
2025-06-24,21:52,계란찜,1,7000
2025-06-24,21:53,김치전,1,15000
2025-06-24,21:54,맥주,1,5000
2025-06-24,21:54,계란찜,1,7000
2025-06-24,21:55,소주,1,5000
2025-06-24,21:56,맥주,1,5000
2025-06-24,21:56,하이볼,1,7000
2025-06-24,21:57,소주,1,5000
2025-06-24,21:59,닭발,1,18000
2025-06-24,22:03,닭발,1,18000
2025-06-24,22:04,맥주,1,5000
2025-06-24,22:08,소주,1,5000
2025-06-24,22:09,소주,1,5000
2025-06-24,22:10,소주,1,5000
2025-06-24,22:11,소주,1,5000
2025-06-24,22:11,소주,1,5000
2025-06-24,22:13,맥주,1,5000
2025-06-24,22:16,계란찜,1,7000
2025-06-24,22:19,소주,1,5000
2025-06-24,22:20,닭발,1,18000
2025-06-24,22:21,맥주,1,5000
2025-06-24,22:22,소주,1,5000
2025-06-24,22:22,맥주,1,5000
2025-06-24,22:23,김치전,1,15000
2025-06-24,22:25,맥주,1,5000
2025-06-24,22:28,계란찜,1,7000
2025-06-24,22:34,오돌뼈,1,17000
2025-06-24,22:35,소주,1,5000
2025-06-24,22:35,오돌뼈,1,17000
2025-06-24,22:36,김치전,1,15000
2025-06-24,22:37,김치전,1,15000
2025-06-24,22:38,하이볼,1,7000
2025-06-24,22:39,맥주,1,5000
2025-06-24,22:40,김치전,1,15000
2025-06-24,22:42,맥주,1,5000
2025-06-24,22:49,하이볼,1,7000
2025-06-24,22:55,계란찜,1,7000
2025-06-24,22:57,닭발,1,18000
2025-06-24,23:02,닭발,1,18000
2025-06-24,23:02,김치전,1,15000
2025-06-24,23:06,하이볼,1,7000
2025-06-24,23:07,맥주,1,5000
2025-06-24,23:08,김치전,1,15000
2025-06-24,23:17,오돌뼈,1,17000
2025-06-24,23:25,계란찜,1,7000
2025-06-24,23:27,맥주,1,5000
2025-06-24,23:44,오돌뼈,1,17000
2025-06-24,23:49,맥주,1,5000
2025-06-25,18:39,하이볼,1,7000
2025-06-25,19:10,맥주,1,5000
2025-06-25,19:17,맥주,1,5000
2025-06-25,19:45,하이볼,1,7000
2025-06-25,19:48,맥주,1,5000
2025-06-25,19:56,소주,1,5000
2025-06-25,19:57,오돌뼈,1,17000
2025-06-25,20:04,맥주,1,5000
2025-06-25,20:08,소주,1,5000
2025-06-25,20:08,하이볼,1,7000
2025-06-25,20:12,닭발,1,18000
2025-06-25,20:14,소주,1,5000
2025-06-25,20:15,닭발,1,18000
2025-06-25,20:15,오돌뼈,1,17000
2025-06-25,20:15,김치전,1,15000
2025-06-25,20:18,하이볼,1,7000
2025-06-25,20:20,김치전,1,15000
2025-06-25,20:21,소주,1,5000
2025-06-25,20:22,김치전,1,15000
2025-06-25,20:24,맥주,1,5000
2025-06-25,20:29,맥주,1,5000
2025-06-25,20:30,김치전,1,15000
2025-06-25,20:31,소주,1,5000
2025-06-25,20:31,맥주,1,5000
2025-06-25,20:34,계란찜,1,7000
2025-06-25,20:37,하이볼,1,7000
2025-06-25,20:39,소주,1,5000
2025-06-25,20:44,소주,1,5000
2025-06-25,20:45,하이볼,1,7000
2025-06-25,20:46,오돌뼈,1,17000
2025-06-25,20:48,소주,1,5000
2025-06-25,20:49,하이볼,1,7000
2025-06-25,20:50,맥주,1,5000
2025-06-25,20:51,맥주,1,5000
2025-06-25,20:53,소주,1,5000
2025-06-25,20:56,소주,1,5000
2025-06-25,20:58,닭발,1,18000
2025-06-25,20:59,소주,1,5000
2025-06-25,20:59,계란찜,1,7000
2025-06-25,21:00,닭발,1,18000
2025-06-25,21:01,맥주,1,5000
2025-06-25,21:03,하이볼,1,7000
2025-06-25,21:06,닭발,1,18000
2025-06-25,21:06,계란찜,1,7000
2025-06-25,21:07,맥주,1,5000
2025-06-25,21:07,맥주,1,5000
2025-06-25,21:09,맥주,1,5000
2025-06-25,21:11,하이볼,1,7000
2025-06-25,21:11,닭발,1,18000
2025-06-25,21:11,계란찜,1,7000
2025-06-25,21:13,김치전,1,15000
2025-06-25,21:14,소주,1,5000
2025-06-25,21:20,맥주,1,5000
2025-06-25,21:22,닭발,1,18000
2025-06-25,21:22,닭발,1,18000
2025-06-25,21:24,소주,1,5000
2025-06-25,21:24,소주,1,5000
2025-06-25,21:24,맥주,1,5000
2025-06-25,21:24,김치전,1,15000
2025-06-25,21:25,소주,1,5000
2025-06-25,21:25,하이볼,1,7000
2025-06-25,21:26,소주,1,5000
2025-06-25,21:27,소주,1,5000
2025-06-25,21:27,오돌뼈,1,17000
2025-06-25,21:29,맥주,1,5000
2025-06-25,21:29,계란찜,1,7000
2025-06-25,21:30,소주,1,5000
2025-06-25,21:30,맥주,1,5000
2025-06-25,21:31,소주,1,5000
2025-06-25,21:31,하이볼,1,7000
2025-06-25,21:31,계란찜,1,7000
2025-06-25,21:32,소주,1,5000
2025-06-25,21:32,맥주,1,5000
2025-06-25,21:34,소주,1,5000
2025-06-25,21:34,닭발,1,18000
2025-06-25,21:36,닭발,1,18000
2025-06-25,21:37,김치전,1,15000
2025-06-25,21:39,맥주,1,5000
2025-06-25,21:40,오돌뼈,1,17000
2025-06-25,21:41,닭발,1,18000
2025-06-25,21:43,맥주,1,5000
2025-06-25,21:44,닭발,1,18000
2025-06-25,21:44,닭발,1,18000
2025-06-25,21:44,오돌뼈,1,17000
2025-06-25,21:44,계란찜,1,7000
2025-06-25,21:49,김치전,1,15000
2025-06-25,21:51,닭발,1,18000
2025-06-25,21:52,닭발,1,18000
2025-06-25,21:53,맥주,1,5000
2025-06-25,21:54,소주,1,5000
2025-06-25,21:54,하이볼,1,7000
2025-06-25,21:55,하이볼,1,7000
2025-06-25,21:58,소주,1,5000
2025-06-25,21:58,맥주,1,5000
2025-06-25,22:02,김치전,1,15000
2025-06-25,22:03,소주,1,5000
2025-06-25,22:03,소주,1,5000
2025-06-25,22:05,맥주,1,5000
2025-06-25,22:06,맥주,1,5000
2025-06-25,22:07,소주,1,5000
2025-06-25,22:07,닭발,1,18000
2025-06-25,22:09,소주,1,5000
2025-06-25,22:10,오돌뼈,1,17000
2025-06-25,22:13,맥주,1,5000
2025-06-25,22:14,계란찜,1,7000
2025-06-25,22:15,오돌뼈,1,17000
2025-06-25,22:15,계란찜,1,7000
2025-06-25,22:16,맥주,1,5000
2025-06-25,22:18,하이볼,1,7000
2025-06-25,22:18,김치전,1,15000
2025-06-25,22:19,맥주,1,5000
2025-06-25,22:21,김치전,1,15000
2025-06-25,22:22,소주,1,5000
2025-06-25,22:23,하이볼,1,7000
2025-06-25,22:23,김치전,1,15000
2025-06-25,22:24,소주,1,5000
2025-06-25,22:25,소주,1,5000
2025-06-25,22:25,하이볼,1,7000
2025-06-25,22:28,김치전,1,15000
2025-06-25,22:31,오돌뼈,1,17000
2025-06-25,22:32,소주,1,5000
2025-06-25,22:32,오돌뼈,1,17000
2025-06-25,22:35,닭발,1,18000
2025-06-25,22:38,김치전,1,15000
2025-06-25,22:39,하이볼,1,7000
2025-06-25,22:41,소주,1,5000
2025-06-25,22:41,닭발,1,18000
2025-06-25,22:41,오돌뼈,1,17000
2025-06-25,22:42,맥주,1,5000
2025-06-25,22:45,김치전,1,15000
2025-06-25,22:48,오돌뼈,1,17000
2025-06-25,22:49,오돌뼈,1,17000
2025-06-25,22:50,소주,1,5000
2025-06-25,22:51,소주,1,5000
2025-06-25,22:54,계란찜,1,7000
2025-06-25,22:55,맥주,1,5000
2025-06-25,22:56,맥주,1,5000
2025-06-25,22:57,오돌뼈,1,17000
2025-06-25,22:58,오돌뼈,1,17000
2025-06-25,23:02,계란찜,1,7000
2025-06-25,23:06,계란찜,1,7000
2025-06-25,23:09,맥주,1,5000
2025-06-25,23:14,하이볼,1,7000
2025-06-25,23:16,계란찜,1,7000
2025-06-25,23:18,소주,1,5000
2025-06-25,23:22,김치전,1,15000
2025-06-25,23:33,맥주,1,5000
2025-06-25,23:34,소주,1,5000
2025-06-25,23:50,소주,1,5000
2025-06-25,23:50,닭발,1,18000
2025-06-26,18:56,닭발,1,18000
2025-06-26,19:17,닭발,1,18000
2025-06-26,19:24,맥주,1,5000
2025-06-26,19:25,닭발,1,18000
2025-06-26,19:26,소주,1,5000
2025-06-26,19:32,오돌뼈,1,17000
2025-06-26,19:35,소주,1,5000
2025-06-26,19:44,맥주,1,5000
2025-06-26,19:46,닭발,1,18000
2025-06-26,19:47,오돌뼈,1,17000
2025-06-26,19:47,김치전,1,15000
2025-06-26,19:48,김치전,1,15000
2025-06-26,19:50,하이볼,1,7000
2025-06-26,19:52,계란찜,1,7000
2025-06-26,20:01,김치전,1,15000
2025-06-26,20:04,하이볼,1,7000
2025-06-26,20:06,계란찜,1,7000
2025-06-26,20:09,하이볼,1,7000
2025-06-26,20:11,계란찜,1,7000
2025-06-26,20:12,오돌뼈,1,17000
2025-06-26,20:14,계란찜,1,7000
2025-06-26,20:18,소주,1,5000
2025-06-26,20:18,하이볼,1,7000
2025-06-26,20:20,맥주,1,5000
2025-06-26,20:21,김치전,1,15000
2025-06-26,20:22,맥주,1,5000
2025-06-26,20:24,소주,1,5000
2025-06-26,20:25,맥주,1,5000
2025-06-26,20:28,소주,1,5000
2025-06-26,20:28,맥주,1,5000
2025-06-26,20:31,소주,1,5000
2025-06-26,20:35,하이볼,1,7000
2025-06-26,20:35,닭발,1,18000
2025-06-26,20:38,소주,1,5000
2025-06-26,20:38,맥주,1,5000
2025-06-26,20:41,맥주,1,5000
2025-06-26,20:44,오돌뼈,1,17000
2025-06-26,20:44,김치전,1,15000
2025-06-26,20:45,소주,1,5000
2025-06-26,20:45,닭발,1,18000
2025-06-26,20:46,맥주,1,5000
2025-06-26,20:47,맥주,1,5000
2025-06-26,20:50,닭발,1,18000
2025-06-26,20:51,소주,1,5000
2025-06-26,20:54,소주,1,5000
2025-06-26,20:55,하이볼,1,7000
2025-06-26,20:57,소주,1,5000
2025-06-26,20:57,맥주,1,5000
2025-06-26,20:57,하이볼,1,7000
2025-06-26,20:57,하이볼,1,7000
2025-06-26,20:59,소주,1,5000
2025-06-26,21:01,맥주,1,5000
2025-06-26,21:04,닭발,1,18000
2025-06-26,21:05,맥주,1,5000
2025-06-26,21:06,오돌뼈,1,17000
2025-06-26,21:08,계란찜,1,7000
2025-06-26,21:09,맥주,1,5000
2025-06-26,21:10,닭발,1,18000
2025-06-26,21:11,소주,1,5000
2025-06-26,21:12,맥주,1,5000
2025-06-26,21:13,닭발,1,18000
2025-06-26,21:14,소주,1,5000
2025-06-26,21:14,소주,1,5000
2025-06-26,21:16,소주,1,5000
2025-06-26,21:18,맥주,1,5000
2025-06-26,21:19,김치전,1,15000
2025-06-26,21:20,오돌뼈,1,17000
2025-06-26,21:21,오돌뼈,1,17000
2025-06-26,21:24,계란찜,1,7000
2025-06-26,21:25,닭발,1,18000
2025-06-26,21:26,계란찜,1,7000
2025-06-26,21:27,오돌뼈,1,17000
2025-06-26,21:29,닭발,1,18000
2025-06-26,21:30,김치전,1,15000
2025-06-26,21:32,오돌뼈,1,17000
2025-06-26,21:32,계란찜,1,7000
2025-06-26,21:34,하이볼,1,7000
2025-06-26,21:35,김치전,1,15000
2025-06-26,21:36,닭발,1,18000
2025-06-26,21:36,김치전,1,15000
2025-06-26,21:37,소주,1,5000
2025-06-26,21:37,김치전,1,15000
2025-06-26,21:38,오돌뼈,1,17000
2025-06-26,21:39,맥주,1,5000
2025-06-26,21:40,오돌뼈,1,17000
2025-06-26,21:43,소주,1,5000
2025-06-26,21:44,닭발,1,18000
2025-06-26,21:45,소주,1,5000
2025-06-26,21:47,맥주,1,5000
2025-06-26,21:47,맥주,1,5000
2025-06-26,21:48,맥주,1,5000
2025-06-26,21:49,소주,1,5000
2025-06-26,21:49,맥주,1,5000
2025-06-26,21:49,맥주,1,5000
2025-06-26,21:51,맥주,1,5000
2025-06-26,21:52,소주,1,5000
2025-06-26,21:53,김치전,1,15000
2025-06-26,21:56,하이볼,1,7000
2025-06-26,21:58,하이볼,1,7000
2025-06-26,21:59,소주,1,5000
2025-06-26,21:59,닭발,1,18000
2025-06-26,21:59,오돌뼈,1,17000
2025-06-26,22:00,닭발,1,18000
2025-06-26,22:05,김치전,1,15000
2025-06-26,22:06,계란찜,1,7000
2025-06-26,22:08,소주,1,5000
2025-06-26,22:12,맥주,1,5000
2025-06-26,22:13,하이볼,1,7000
2025-06-26,22:13,하이볼,1,7000
2025-06-26,22:13,오돌뼈,1,17000
2025-06-26,22:14,닭발,1,18000
2025-06-26,22:15,닭발,1,18000
2025-06-26,22:16,오돌뼈,1,17000
2025-06-26,22:19,소주,1,5000
2025-06-26,22:19,맥주,1,5000
2025-06-26,22:22,하이볼,1,7000
2025-06-26,22:23,맥주,1,5000
2025-06-26,22:24,오돌뼈,1,17000
2025-06-26,22:25,계란찜,1,7000
2025-06-26,22:28,소주,1,5000
2025-06-26,22:30,소주,1,5000
2025-06-26,22:31,오돌뼈,1,17000
2025-06-26,22:34,소주,1,5000
2025-06-26,22:36,닭발,1,18000
2025-06-26,22:39,소주,1,5000
2025-06-26,22:42,소주,1,5000
2025-06-26,22:43,하이볼,1,7000
2025-06-26,22:44,하이볼,1,7000
2025-06-26,22:47,계란찜,1,7000
2025-06-26,22:48,맥주,1,5000
2025-06-26,22:50,맥주,1,5000
2025-06-26,22:55,소주,1,5000
2025-06-26,22:56,맥주,1,5000
2025-06-26,22:56,오돌뼈,1,17000
2025-06-26,22:57,소주,1,5000
2025-06-26,22:57,맥주,1,5000
2025-06-26,23:00,하이볼,1,7000
2025-06-26,23:04,소주,1,5000
2025-06-26,23:18,김치전,1,15000
2025-06-26,23:21,소주,1,5000
2025-06-26,23:28,닭발,1,18000
2025-06-26,23:28,김치전,1,15000
2025-06-26,23:31,계란찜,1,7000
2025-06-26,23:43,계란찜,1,7000
2025-06-26,23:46,소주,1,5000
2025-06-27,18:50,하이볼,1,7000
2025-06-27,19:19,닭발,1,18000
2025-06-27,19:22,오돌뼈,1,17000
2025-06-27,19:24,오돌뼈,1,17000
2025-06-27,19:29,맥주,1,5000
2025-06-27,19:35,계란찜,1,7000
2025-06-27,19:42,소주,1,5000
2025-06-27,19:43,맥주,1,5000
2025-06-27,19:45,닭발,1,18000
2025-06-27,19:49,하이볼,1,7000
2025-06-27,19:52,소주,1,5000
2025-06-27,19:53,맥주,1,5000
2025-06-27,19:56,소주,1,5000
2025-06-27,19:57,김치전,1,15000
2025-06-27,20:01,소주,1,5000
2025-06-27,20:05,하이볼,1,7000
2025-06-27,20:07,하이볼,1,7000
2025-06-27,20:08,김치전,1,15000
2025-06-27,20:08,계란찜,1,7000
2025-06-27,20:12,소주,1,5000
2025-06-27,20:14,김치전,1,15000
2025-06-27,20:14,계란찜,1,7000
2025-06-27,20:18,소주,1,5000
2025-06-27,20:18,맥주,1,5000
2025-06-27,20:20,소주,1,5000
2025-06-27,20:24,소주,1,5000
2025-06-27,20:25,닭발,1,18000
2025-06-27,20:27,오돌뼈,1,17000
2025-06-27,20:28,소주,1,5000
2025-06-27,20:28,소주,1,5000
2025-06-27,20:28,김치전,1,15000
2025-06-27,20:30,소주,1,5000
2025-06-27,20:30,맥주,1,5000
2025-06-27,20:31,계란찜,1,7000
2025-06-27,20:32,맥주,1,5000
2025-06-27,20:33,김치전,1,15000
2025-06-27,20:34,닭발,1,18000
2025-06-27,20:37,맥주,1,5000
2025-06-27,20:38,김치전,1,15000
2025-06-27,20:40,맥주,1,5000
2025-06-27,20:40,계란찜,1,7000
2025-06-27,20:41,맥주,1,5000
2025-06-27,20:45,김치전,1,15000
2025-06-27,20:48,하이볼,1,7000
2025-06-27,20:48,오돌뼈,1,17000
2025-06-27,20:49,소주,1,5000
2025-06-27,20:49,닭발,1,18000
2025-06-27,20:50,소주,1,5000
2025-06-27,20:51,소주,1,5000
2025-06-27,20:51,김치전,1,15000
2025-06-27,20:52,소주,1,5000
2025-06-27,20:52,소주,1,5000
2025-06-27,20:52,닭발,1,18000
2025-06-27,20:52,오돌뼈,1,17000
2025-06-27,20:53,맥주,1,5000
2025-06-27,20:55,닭발,1,18000
2025-06-27,20:55,오돌뼈,1,17000
2025-06-27,20:56,닭발,1,18000
2025-06-27,20:56,김치전,1,15000
2025-06-27,20:57,맥주,1,5000
2025-06-27,20:58,닭발,1,18000
2025-06-27,20:59,소주,1,5000
2025-06-27,20:59,닭발,1,18000
2025-06-27,21:03,맥주,1,5000
2025-06-27,21:03,맥주,1,5000
2025-06-27,21:04,하이볼,1,7000
2025-06-27,21:04,김치전,1,15000
2025-06-27,21:04,계란찜,1,7000
2025-06-27,21:05,닭발,1,18000
2025-06-27,21:06,맥주,1,5000
2025-06-27,21:06,하이볼,1,7000
2025-06-27,21:06,김치전,1,15000
2025-06-27,21:07,맥주,1,5000
2025-06-27,21:09,소주,1,5000
2025-06-27,21:09,맥주,1,5000
2025-06-27,21:10,계란찜,1,7000
2025-06-27,21:11,오돌뼈,1,17000
2025-06-27,21:11,오돌뼈,1,17000
2025-06-27,21:12,소주,1,5000
2025-06-27,21:12,하이볼,1,7000
2025-06-27,21:12,계란찜,1,7000
2025-06-27,21:13,맥주,1,5000
2025-06-27,21:15,하이볼,1,7000
2025-06-27,21:15,하이볼,1,7000
2025-06-27,21:17,맥주,1,5000
2025-06-27,21:17,닭발,1,18000
2025-06-27,21:17,닭발,1,18000
2025-06-27,21:18,맥주,1,5000
2025-06-27,21:18,맥주,1,5000
2025-06-27,21:18,오돌뼈,1,17000
2025-06-27,21:21,하이볼,1,7000
2025-06-27,21:22,소주,1,5000
2025-06-27,21:26,오돌뼈,1,17000
2025-06-27,21:26,계란찜,1,7000
2025-06-27,21:28,오돌뼈,1,17000
2025-06-27,21:28,김치전,1,15000
2025-06-27,21:29,소주,1,5000
2025-06-27,21:29,소주,1,5000
2025-06-27,21:29,맥주,1,5000
2025-06-27,21:30,오돌뼈,1,17000
2025-06-27,21:31,맥주,1,5000
2025-06-27,21:32,소주,1,5000
2025-06-27,21:34,계란찜,1,7000
2025-06-27,21:36,소주,1,5000
2025-06-27,21:36,하이볼,1,7000
2025-06-27,21:36,김치전,1,15000
2025-06-27,21:37,소주,1,5000
2025-06-27,21:38,하이볼,1,7000
2025-06-27,21:39,닭발,1,18000
2025-06-27,21:42,소주,1,5000
2025-06-27,21:43,하이볼,1,7000
2025-06-27,21:44,닭발,1,18000
2025-06-27,21:46,맥주,1,5000
2025-06-27,21:46,닭발,1,18000
2025-06-27,21:46,계란찜,1,7000
2025-06-27,21:47,소주,1,5000
2025-06-27,21:47,소주,1,5000
2025-06-27,21:47,소주,1,5000
2025-06-27,21:48,맥주,1,5000
2025-06-27,21:49,맥주,1,5000
2025-06-27,21:49,오돌뼈,1,17000
2025-06-27,21:50,오돌뼈,1,17000
2025-06-27,21:51,닭발,1,18000
2025-06-27,21:53,소주,1,5000
2025-06-27,21:53,닭발,1,18000
2025-06-27,21:54,맥주,1,5000
2025-06-27,21:54,김치전,1,15000
2025-06-27,21:56,소주,1,5000
2025-06-27,21:59,김치전,1,15000
2025-06-27,21:59,계란찜,1,7000
2025-06-27,22:03,하이볼,1,7000
2025-06-27,22:04,소주,1,5000
2025-06-27,22:04,소주,1,5000
2025-06-27,22:04,소주,1,5000
2025-06-27,22:04,하이볼,1,7000
2025-06-27,22:07,맥주,1,5000
2025-06-27,22:07,오돌뼈,1,17000
2025-06-27,22:08,소주,1,5000
2025-06-27,22:09,맥주,1,5000
2025-06-27,22:09,맥주,1,5000
2025-06-27,22:10,소주,1,5000
2025-06-27,22:11,소주,1,5000
2025-06-27,22:11,김치전,1,15000
2025-06-27,22:12,김치전,1,15000
2025-06-27,22:12,계란찜,1,7000
2025-06-27,22:13,소주,1,5000
2025-06-27,22:14,소주,1,5000
2025-06-27,22:14,맥주,1,5000
2025-06-27,22:14,하이볼,1,7000
2025-06-27,22:17,하이볼,1,7000
2025-06-27,22:17,닭발,1,18000
2025-06-27,22:18,맥주,1,5000
2025-06-27,22:18,닭발,1,18000
2025-06-27,22:18,오돌뼈,1,17000
2025-06-27,22:20,하이볼,1,7000
2025-06-27,22:20,닭발,1,18000
2025-06-27,22:22,소주,1,5000
2025-06-27,22:22,하이볼,1,7000
2025-06-27,22:23,하이볼,1,7000
2025-06-27,22:24,소주,1,5000
2025-06-27,22:25,오돌뼈,1,17000
2025-06-27,22:28,소주,1,5000
2025-06-27,22:29,소주,1,5000
2025-06-27,22:30,닭발,1,18000
2025-06-27,22:34,오돌뼈,1,17000
2025-06-27,22:35,맥주,1,5000
2025-06-27,22:35,닭발,1,18000
2025-06-27,22:36,맥주,1,5000
2025-06-27,22:36,오돌뼈,1,17000
2025-06-27,22:37,하이볼,1,7000
2025-06-27,22:39,소주,1,5000
2025-06-27,22:39,맥주,1,5000
2025-06-27,22:41,계란찜,1,7000
2025-06-27,22:42,맥주,1,5000
2025-06-27,22:43,김치전,1,15000
2025-06-27,22:43,김치전,1,15000
2025-06-27,22:46,맥주,1,5000
2025-06-27,22:48,맥주,1,5000
2025-06-27,22:50,하이볼,1,7000
2025-06-27,22:51,김치전,1,15000
2025-06-27,22:55,맥주,1,5000
2025-06-27,22:56,오돌뼈,1,17000
2025-06-27,22:59,소주,1,5000
2025-06-27,22:59,오돌뼈,1,17000
2025-06-27,23:02,소주,1,5000
2025-06-27,23:04,맥주,1,5000
2025-06-27,23:04,맥주,1,5000
2025-06-27,23:04,계란찜,1,7000
2025-06-27,23:06,소주,1,5000
2025-06-27,23:07,소주,1,5000
2025-06-27,23:07,맥주,1,5000
2025-06-27,23:07,오돌뼈,1,17000
2025-06-27,23:07,김치전,1,15000
2025-06-27,23:11,맥주,1,5000
2025-06-27,23:11,닭발,1,18000
2025-06-27,23:12,소주,1,5000
2025-06-27,23:13,소주,1,5000
2025-06-27,23:16,맥주,1,5000
2025-06-27,23:32,맥주,1,5000
2025-06-27,23:37,하이볼,1,7000
2025-06-27,23:48,맥주,1,5000
2025-06-27,23:50,소주,1,5000
2025-06-27,23:50,소주,1,5000
2025-06-27,23:50,맥주,1,5000
2025-06-27,23:50,계란찜,1,7000
2025-06-28,18:58,닭발,1,18000
2025-06-28,19:15,하이볼,1,7000
2025-06-28,19:40,계란찜,1,7000
2025-06-28,19:48,맥주,1,5000
2025-06-28,20:06,소주,1,5000
2025-06-28,20:15,소주,1,5000
2025-06-28,20:20,김치전,1,15000
2025-06-28,20:21,오돌뼈,1,17000
2025-06-28,20:26,닭발,1,18000
2025-06-28,20:27,소주,1,5000
2025-06-28,20:29,김치전,1,15000
2025-06-28,20:43,소주,1,5000
2025-06-28,20:44,김치전,1,15000
2025-06-28,20:47,닭발,1,18000
2025-06-28,20:49,맥주,1,5000
2025-06-28,20:52,하이볼,1,7000
2025-06-28,20:53,소주,1,5000
2025-06-28,20:54,하이볼,1,7000
2025-06-28,20:55,맥주,1,5000
2025-06-28,20:59,맥주,1,5000
2025-06-28,21:05,소주,1,5000
2025-06-28,21:12,계란찜,1,7000
2025-06-28,21:17,김치전,1,15000
2025-06-28,21:20,닭발,1,18000
2025-06-28,21:23,소주,1,5000
2025-06-28,21:29,맥주,1,5000
2025-06-28,21:31,소주,1,5000
2025-06-28,21:32,소주,1,5000
2025-06-28,21:38,소주,1,5000
2025-06-28,21:40,소주,1,5000
2025-06-28,21:42,맥주,1,5000
2025-06-28,21:46,맥주,1,5000
2025-06-28,21:48,하이볼,1,7000
2025-06-28,21:54,닭발,1,18000
2025-06-28,21:55,오돌뼈,1,17000
2025-06-28,22:07,소주,1,5000
2025-06-28,22:07,오돌뼈,1,17000
2025-06-28,22:09,하이볼,1,7000
2025-06-28,22:10,김치전,1,15000
2025-06-28,22:13,오돌뼈,1,17000
2025-06-28,22:13,계란찜,1,7000
2025-06-28,22:15,닭발,1,18000
2025-06-28,22:16,하이볼,1,7000
2025-06-28,22:23,소주,1,5000
2025-06-28,22:25,김치전,1,15000
2025-06-28,22:26,맥주,1,5000
2025-06-28,22:26,오돌뼈,1,17000
2025-06-28,22:27,맥주,1,5000
2025-06-28,22:29,닭발,1,18000
2025-06-28,22:34,소주,1,5000
2025-06-28,22:40,맥주,1,5000
2025-06-28,22:41,오돌뼈,1,17000
2025-06-28,22:54,닭발,1,18000
2025-06-28,22:57,소주,1,5000
2025-06-28,23:04,맥주,1,5000
2025-06-28,23:15,소주,1,5000
2025-06-28,23:25,맥주,1,5000
2025-06-28,23:26,계란찜,1,7000
2025-06-28,23:30,오돌뼈,1,17000
2025-06-28,23:32,닭발,1,18000
2025-06-28,23:50,맥주,1,5000
2025-06-28,23:50,닭발,1,18000
2025-06-29,19:31,김치전,1,15000
2025-06-29,19:46,하이볼,1,7000
2025-06-29,20:05,하이볼,1,7000
2025-06-29,20:10,소주,1,5000
2025-06-29,20:15,오돌뼈,1,17000
2025-06-29,20:41,맥주,1,5000
2025-06-29,20:53,소주,1,5000
2025-06-29,20:58,닭발,1,18000
2025-06-29,21:05,소주,1,5000
2025-06-29,21:08,맥주,1,5000
2025-06-29,21:12,소주,1,5000
2025-06-29,21:15,맥주,1,5000
2025-06-29,21:19,맥주,1,5000
2025-06-29,21:26,하이볼,1,7000
2025-06-29,21:31,맥주,1,5000
2025-06-29,21:33,맥주,1,5000
2025-06-29,21:38,닭발,1,18000
2025-06-29,21:41,김치전,1,15000
2025-06-29,21:41,김치전,1,15000
2025-06-29,22:00,소주,1,5000
2025-06-29,22:04,하이볼,1,7000
2025-06-29,22:04,오돌뼈,1,17000
2025-06-29,22:05,소주,1,5000
2025-06-29,22:08,닭발,1,18000
2025-06-29,22:11,소주,1,5000
2025-06-29,22:14,맥주,1,5000
2025-06-29,22:19,김치전,1,15000
2025-06-29,22:33,닭발,1,18000
2025-06-29,22:35,닭발,1,18000
2025-06-29,22:46,오돌뼈,1,17000
2025-06-29,22:52,하이볼,1,7000
2025-06-29,22:58,계란찜,1,7000
2025-06-29,23:08,소주,1,5000
2025-06-30,19:27,김치전,1,15000
2025-06-30,19:41,하이볼,1,7000
2025-06-30,19:50,맥주,1,5000
2025-06-30,20:05,맥주,1,5000
2025-06-30,20:18,닭발,1,18000
2025-06-30,20:19,소주,1,5000
2025-06-30,20:22,소주,1,5000
2025-06-30,20:34,오돌뼈,1,17000
2025-06-30,20:35,닭발,1,18000
2025-06-30,20:40,닭발,1,18000
2025-06-30,20:42,소주,1,5000
2025-06-30,20:48,닭발,1,18000
2025-06-30,20:51,하이볼,1,7000
2025-06-30,20:57,소주,1,5000
2025-06-30,21:00,맥주,1,5000
2025-06-30,21:03,소주,1,5000
2025-06-30,21:07,계란찜,1,7000
2025-06-30,21:15,김치전,1,15000
2025-06-30,21:16,계란찜,1,7000
2025-06-30,21:23,맥주,1,5000
2025-06-30,21:30,소주,1,5000
2025-06-30,21:37,소주,1,5000
2025-06-30,21:45,소주,1,5000
2025-06-30,21:50,소주,1,5000
2025-06-30,21:53,맥주,1,5000
2025-06-30,22:08,김치전,1,15000
2025-06-30,22:09,맥주,1,5000
2025-06-30,22:15,오돌뼈,1,17000
2025-06-30,22:24,하이볼,1,7000
2025-06-30,22:48,소주,1,5000
2025-06-30,22:54,계란찜,1,7000
2025-06-30,23:20,맥주,1,5000
2025-06-30,23:43,김치전,1,15000
2025-07-01,18:57,하이볼,1,7000
2025-07-01,20:27,맥주,1,5000
2025-07-01,20:30,소주,1,5000
2025-07-01,20:33,오돌뼈,1,17000
2025-07-01,20:40,김치전,1,15000
2025-07-01,20:48,하이볼,1,7000
2025-07-01,21:08,소주,1,5000
2025-07-01,21:10,하이볼,1,7000
2025-07-01,21:12,맥주,1,5000
2025-07-01,21:16,닭발,1,18000
2025-07-01,21:19,하이볼,1,7000
2025-07-01,21:20,맥주,1,5000
2025-07-01,21:40,오돌뼈,1,17000
2025-07-01,21:42,맥주,1,5000
2025-07-01,21:51,맥주,1,5000
2025-07-01,22:04,맥주,1,5000
2025-07-01,22:07,소주,1,5000
2025-07-01,22:07,닭발,1,18000
2025-07-01,22:11,맥주,1,5000
2025-07-01,22:17,소주,1,5000
2025-07-01,22:23,소주,1,5000
2025-07-01,22:23,닭발,1,18000
2025-07-01,22:27,하이볼,1,7000
2025-07-01,22:27,닭발,1,18000
2025-07-01,22:40,닭발,1,18000
2025-07-01,22:49,오돌뼈,1,17000
2025-07-01,22:49,계란찜,1,7000
2025-07-01,22:53,소주,1,5000
2025-07-01,23:32,김치전,1,15000
2025-07-02,19:26,닭발,1,18000
2025-07-02,19:48,소주,1,5000
2025-07-02,19:56,맥주,1,5000
2025-07-02,20:04,김치전,1,15000
2025-07-02,20:14,소주,1,5000
2025-07-02,20:14,오돌뼈,1,17000
2025-07-02,20:19,하이볼,1,7000
2025-07-02,20:20,닭발,1,18000
2025-07-02,20:36,하이볼,1,7000
2025-07-02,20:37,소주,1,5000
2025-07-02,20:52,맥주,1,5000
2025-07-02,20:53,맥주,1,5000
2025-07-02,20:56,소주,1,5000
2025-07-02,21:04,소주,1,5000
2025-07-02,21:09,소주,1,5000
2025-07-02,21:15,김치전,1,15000
2025-07-02,21:19,맥주,1,5000
2025-07-02,21:36,맥주,1,5000
2025-07-02,21:36,맥주,1,5000
2025-07-02,21:36,닭발,1,18000
2025-07-02,21:37,닭발,1,18000
2025-07-02,21:40,소주,1,5000
2025-07-02,21:47,김치전,1,15000
2025-07-02,21:54,맥주,1,5000
2025-07-02,21:54,계란찜,1,7000
2025-07-02,21:55,소주,1,5000
2025-07-02,21:55,하이볼,1,7000
2025-07-02,21:56,소주,1,5000
2025-07-02,21:58,소주,1,5000
2025-07-02,22:05,소주,1,5000
2025-07-02,22:11,계란찜,1,7000
2025-07-02,22:19,닭발,1,18000
2025-07-02,22:21,하이볼,1,7000
2025-07-02,22:42,맥주,1,5000
2025-07-02,22:48,닭발,1,18000
2025-07-02,22:53,하이볼,1,7000
2025-07-02,22:57,맥주,1,5000
2025-07-02,23:01,하이볼,1,7000
2025-07-02,23:33,소주,1,5000
2025-07-03,18:58,오돌뼈,1,17000
2025-07-03,19:47,맥주,1,5000
2025-07-03,20:13,소주,1,5000
2025-07-03,20:17,소주,1,5000
2025-07-03,20:17,하이볼,1,7000
2025-07-03,20:25,소주,1,5000
2025-07-03,20:27,하이볼,1,7000
2025-07-03,20:28,하이볼,1,7000
2025-07-03,20:31,소주,1,5000
2025-07-03,20:34,김치전,1,15000
2025-07-03,20:43,소주,1,5000
2025-07-03,20:56,오돌뼈,1,17000
2025-07-03,20:58,소주,1,5000
2025-07-03,20:59,소주,1,5000
2025-07-03,21:07,소주,1,5000
2025-07-03,21:12,소주,1,5000
2025-07-03,21:12,닭발,1,18000
2025-07-03,21:16,맥주,1,5000
2025-07-03,21:17,소주,1,5000
2025-07-03,21:18,닭발,1,18000
2025-07-03,21:25,오돌뼈,1,17000
2025-07-03,21:26,닭발,1,18000
2025-07-03,21:33,맥주,1,5000
2025-07-03,21:33,맥주,1,5000
2025-07-03,21:33,하이볼,1,7000
2025-07-03,21:38,닭발,1,18000
2025-07-03,21:44,김치전,1,15000
2025-07-03,21:45,김치전,1,15000
2025-07-03,21:46,계란찜,1,7000
2025-07-03,22:08,맥주,1,5000
2025-07-03,22:11,하이볼,1,7000
2025-07-03,22:33,소주,1,5000
2025-07-03,22:38,오돌뼈,1,17000
2025-07-03,22:43,닭발,1,18000
2025-07-03,22:46,계란찜,1,7000
2025-07-03,22:48,맥주,1,5000
2025-07-03,23:04,소주,1,5000
2025-07-03,23:04,맥주,1,5000
2025-07-03,23:08,닭발,1,18000
2025-07-03,23:10,맥주,1,5000
2025-07-04,19:07,맥주,1,5000
2025-07-04,19:45,닭발,1,18000
2025-07-04,20:10,맥주,1,5000
2025-07-04,20:13,닭발,1,18000
2025-07-04,20:19,맥주,1,5000
2025-07-04,20:24,맥주,1,5000
2025-07-04,20:28,소주,1,5000
2025-07-04,20:34,소주,1,5000
2025-07-04,20:38,오돌뼈,1,17000
2025-07-04,20:50,오돌뼈,1,17000
2025-07-04,20:53,오돌뼈,1,17000
2025-07-04,20:54,닭발,1,18000
2025-07-04,20:55,소주,1,5000
2025-07-04,20:57,소주,1,5000
2025-07-04,21:05,하이볼,1,7000
2025-07-04,21:07,하이볼,1,7000
2025-07-04,21:09,소주,1,5000
2025-07-04,21:12,맥주,1,5000
2025-07-04,21:12,오돌뼈,1,17000
2025-07-04,21:22,닭발,1,18000
2025-07-04,21:24,소주,1,5000
2025-07-04,21:25,김치전,1,15000
2025-07-04,21:38,닭발,1,18000
2025-07-04,21:40,소주,1,5000
2025-07-04,21:50,하이볼,1,7000
2025-07-04,21:52,소주,1,5000
2025-07-04,21:52,김치전,1,15000
2025-07-04,21:54,맥주,1,5000
2025-07-04,21:54,닭발,1,18000
2025-07-04,21:58,맥주,1,5000
2025-07-04,22:00,김치전,1,15000
2025-07-04,22:03,계란찜,1,7000
2025-07-04,22:22,소주,1,5000
2025-07-04,22:23,계란찜,1,7000
2025-07-04,22:26,하이볼,1,7000
2025-07-04,22:29,닭발,1,18000
2025-07-04,22:33,맥주,1,5000
2025-07-04,22:33,오돌뼈,1,17000
2025-07-04,22:39,맥주,1,5000
2025-07-04,22:56,하이볼,1,7000
2025-07-04,23:09,오돌뼈,1,17000
2025-07-04,23:21,맥주,1,5000
2025-07-04,23:34,오돌뼈,1,17000
2025-07-04,23:39,맥주,1,5000
2025-07-04,23:50,소주,1,5000
2025-07-04,23:50,맥주,1,5000
2025-07-04,23:50,하이볼,1,7000
2025-07-05,19:11,소주,1,5000
2025-07-05,19:23,김치전,1,15000
2025-07-05,20:04,맥주,1,5000
2025-07-05,20:07,소주,1,5000
2025-07-05,20:07,소주,1,5000
2025-07-05,20:07,맥주,1,5000
2025-07-05,20:19,소주,1,5000
2025-07-05,20:25,맥주,1,5000
2025-07-05,20:27,닭발,1,18000
2025-07-05,20:28,김치전,1,15000
2025-07-05,20:29,소주,1,5000
2025-07-05,20:29,맥주,1,5000
2025-07-05,20:32,하이볼,1,7000
2025-07-05,20:32,닭발,1,18000
2025-07-05,20:34,오돌뼈,1,17000
2025-07-05,20:40,하이볼,1,7000
2025-07-05,20:44,닭발,1,18000
2025-07-05,20:51,소주,1,5000
2025-07-05,20:52,계란찜,1,7000
2025-07-05,20:54,닭발,1,18000
2025-07-05,20:54,오돌뼈,1,17000
2025-07-05,21:11,오돌뼈,1,17000
2025-07-05,21:13,닭발,1,18000
2025-07-05,21:30,소주,1,5000
2025-07-05,21:48,소주,1,5000
2025-07-05,21:57,하이볼,1,7000
2025-07-05,21:58,계란찜,1,7000
2025-07-05,22:16,닭발,1,18000
2025-07-05,22:23,맥주,1,5000
2025-07-05,22:29,맥주,1,5000
2025-07-05,22:37,계란찜,1,7000
2025-07-05,22:41,맥주,1,5000
2025-07-05,22:53,하이볼,1,7000
2025-07-05,22:54,김치전,1,15000
2025-07-05,22:55,하이볼,1,7000
2025-07-05,23:09,계란찜,1,7000
2025-07-05,23:21,맥주,1,5000
2025-07-05,23:40,소주,1,5000
2025-07-06,19:48,하이볼,1,7000
2025-07-06,20:25,하이볼,1,7000
2025-07-06,20:27,하이볼,1,7000
2025-07-06,20:33,맥주,1,5000
2025-07-06,20:58,맥주,1,5000
2025-07-06,21:25,맥주,1,5000
2025-07-06,21:40,소주,1,5000
2025-07-06,21:54,맥주,1,5000
2025-07-06,21:54,맥주,1,5000
2025-07-06,22:28,계란찜,1,7000
2025-07-06,22:39,하이볼,1,7000
2025-07-06,22:40,닭발,1,18000
2025-07-06,22:49,김치전,1,15000
2025-07-06,22:59,김치전,1,15000
2025-07-06,23:02,맥주,1,5000
2025-07-06,23:50,소주,1,5000
2025-07-07,19:49,계란찜,1,7000
2025-07-07,19:54,닭발,1,18000
2025-07-07,20:04,계란찜,1,7000
2025-07-07,20:09,하이볼,1,7000
2025-07-07,20:09,닭발,1,18000
2025-07-07,20:15,맥주,1,5000
2025-07-07,20:20,소주,1,5000
2025-07-07,20:22,계란찜,1,7000
2025-07-07,20:23,소주,1,5000
2025-07-07,20:49,맥주,1,5000
2025-07-07,21:01,하이볼,1,7000
2025-07-07,21:07,오돌뼈,1,17000
2025-07-07,21:14,계란찜,1,7000
2025-07-07,21:18,하이볼,1,7000
2025-07-07,21:26,소주,1,5000
2025-07-07,21:29,소주,1,5000
2025-07-07,21:29,맥주,1,5000
2025-07-07,21:41,닭발,1,18000
2025-07-07,21:41,김치전,1,15000
2025-07-07,21:42,오돌뼈,1,17000
2025-07-07,21:44,김치전,1,15000
2025-07-07,21:50,맥주,1,5000
2025-07-07,21:57,김치전,1,15000
2025-07-07,22:42,소주,1,5000
2025-07-07,22:48,오돌뼈,1,17000
2025-07-07,22:49,오돌뼈,1,17000
2025-07-07,22:56,김치전,1,15000
2025-07-07,23:13,소주,1,5000
2025-07-08,19:08,하이볼,1,7000
2025-07-08,19:28,소주,1,5000
2025-07-08,19:35,김치전,1,15000
2025-07-08,20:05,닭발,1,18000
2025-07-08,20:20,맥주,1,5000
2025-07-08,20:39,맥주,1,5000
2025-07-08,20:45,하이볼,1,7000
2025-07-08,21:01,맥주,1,5000
2025-07-08,21:13,맥주,1,5000
2025-07-08,21:20,닭발,1,18000
2025-07-08,21:25,맥주,1,5000
2025-07-08,21:27,닭발,1,18000
2025-07-08,21:30,맥주,1,5000
2025-07-08,21:34,맥주,1,5000
2025-07-08,21:38,하이볼,1,7000
2025-07-08,21:48,닭발,1,18000
2025-07-08,21:53,소주,1,5000
2025-07-08,21:54,소주,1,5000
2025-07-08,22:10,소주,1,5000
2025-07-08,22:11,김치전,1,15000
2025-07-08,22:23,소주,1,5000
2025-07-08,22:25,계란찜,1,7000
2025-07-08,22:29,하이볼,1,7000
2025-07-08,22:31,맥주,1,5000
2025-07-08,22:32,오돌뼈,1,17000
2025-07-08,22:35,김치전,1,15000
2025-07-08,22:45,맥주,1,5000
2025-07-08,22:48,소주,1,5000
2025-07-08,22:48,김치전,1,15000
2025-07-08,23:15,맥주,1,5000
2025-07-08,23:32,소주,1,5000
2025-07-09,19:13,계란찜,1,7000
2025-07-09,19:48,맥주,1,5000
2025-07-09,20:16,김치전,1,15000
2025-07-09,20:32,오돌뼈,1,17000
2025-07-09,20:50,닭발,1,18000
2025-07-09,20:56,맥주,1,5000
2025-07-09,21:04,맥주,1,5000
2025-07-09,21:05,맥주,1,5000
2025-07-09,21:15,하이볼,1,7000
2025-07-09,21:19,맥주,1,5000
2025-07-09,21:26,하이볼,1,7000
2025-07-09,21:30,김치전,1,15000
2025-07-09,21:33,소주,1,5000
2025-07-09,21:45,소주,1,5000
2025-07-09,21:45,김치전,1,15000
2025-07-09,21:55,닭발,1,18000
2025-07-09,21:57,소주,1,5000
2025-07-09,22:04,하이볼,1,7000
2025-07-09,22:22,하이볼,1,7000
2025-07-09,22:34,소주,1,5000
2025-07-09,22:41,오돌뼈,1,17000
2025-07-09,22:56,소주,1,5000
2025-07-09,23:42,소주,1,5000
2025-07-09,23:43,맥주,1,5000
2025-07-10,19:12,오돌뼈,1,17000
2025-07-10,20:04,소주,1,5000
2025-07-10,20:13,맥주,1,5000
2025-07-10,20:28,김치전,1,15000
2025-07-10,20:30,소주,1,5000
2025-07-10,20:51,소주,1,5000
2025-07-10,20:51,닭발,1,18000
2025-07-10,20:54,소주,1,5000
2025-07-10,20:58,하이볼,1,7000
2025-07-10,21:00,하이볼,1,7000
2025-07-10,21:18,오돌뼈,1,17000
2025-07-10,21:19,소주,1,5000
2025-07-10,21:26,오돌뼈,1,17000
2025-07-10,21:32,맥주,1,5000
2025-07-10,21:32,하이볼,1,7000
2025-07-10,21:40,김치전,1,15000
2025-07-10,21:42,닭발,1,18000
2025-07-10,21:58,소주,1,5000
2025-07-10,22:02,오돌뼈,1,17000
2025-07-10,22:03,하이볼,1,7000
2025-07-10,22:03,계란찜,1,7000
2025-07-10,22:05,맥주,1,5000
2025-07-10,22:09,김치전,1,15000
2025-07-10,22:27,김치전,1,15000
2025-07-10,22:49,맥주,1,5000
2025-07-10,23:03,맥주,1,5000
2025-07-10,23:22,하이볼,1,7000
2025-07-11,19:41,소주,1,5000
2025-07-11,19:52,소주,1,5000
2025-07-11,19:57,소주,1,5000
2025-07-11,19:58,하이볼,1,7000
2025-07-11,20:03,오돌뼈,1,17000
2025-07-11,20:08,소주,1,5000
2025-07-11,20:24,소주,1,5000
2025-07-11,20:24,오돌뼈,1,17000
2025-07-11,20:26,김치전,1,15000
2025-07-11,20:36,오돌뼈,1,17000
2025-07-11,20:42,오돌뼈,1,17000
2025-07-11,20:43,하이볼,1,7000
2025-07-11,20:50,오돌뼈,1,17000
2025-07-11,20:52,닭발,1,18000
2025-07-11,20:54,맥주,1,5000
2025-07-11,20:54,닭발,1,18000
2025-07-11,20:58,소주,1,5000
2025-07-11,20:58,맥주,1,5000
2025-07-11,21:01,맥주,1,5000
2025-07-11,21:03,맥주,1,5000
2025-07-11,21:04,소주,1,5000
2025-07-11,21:04,계란찜,1,7000
2025-07-11,21:07,소주,1,5000
2025-07-11,21:18,하이볼,1,7000
2025-07-11,21:22,오돌뼈,1,17000
2025-07-11,21:25,김치전,1,15000
2025-07-11,21:37,맥주,1,5000
2025-07-11,21:38,소주,1,5000
2025-07-11,21:42,김치전,1,15000
2025-07-11,21:55,닭발,1,18000
2025-07-11,21:56,닭발,1,18000
2025-07-11,22:04,닭발,1,18000
2025-07-11,22:28,계란찜,1,7000
2025-07-11,22:34,하이볼,1,7000
2025-07-11,22:36,김치전,1,15000
2025-07-11,22:38,김치전,1,15000
2025-07-11,22:53,맥주,1,5000
2025-07-11,23:36,맥주,1,5000
2025-07-11,23:48,소주,1,5000
2025-07-12,19:09,오돌뼈,1,17000
2025-07-12,20:13,소주,1,5000
2025-07-12,20:17,오돌뼈,1,17000
2025-07-12,20:29,맥주,1,5000
2025-07-12,20:34,오돌뼈,1,17000
2025-07-12,20:36,소주,1,5000
2025-07-12,20:40,맥주,1,5000
2025-07-12,20:41,계란찜,1,7000
2025-07-12,20:46,맥주,1,5000
2025-07-12,20:47,맥주,1,5000
2025-07-12,20:51,소주,1,5000
2025-07-12,20:58,오돌뼈,1,17000
2025-07-12,21:02,소주,1,5000
2025-07-12,21:04,닭발,1,18000
2025-07-12,21:08,소주,1,5000
2025-07-12,21:10,맥주,1,5000
2025-07-12,21:11,소주,1,5000
2025-07-12,21:21,김치전,1,15000
2025-07-12,21:23,김치전,1,15000
2025-07-12,21:27,맥주,1,5000
2025-07-12,21:33,맥주,1,5000
2025-07-12,21:35,김치전,1,15000
2025-07-12,21:40,계란찜,1,7000
2025-07-12,21:43,소주,1,5000
2025-07-12,21:48,닭발,1,18000
2025-07-12,21:48,김치전,1,15000
2025-07-12,21:49,소주,1,5000
2025-07-12,22:00,소주,1,5000
2025-07-12,22:02,소주,1,5000
2025-07-12,22:30,맥주,1,5000
2025-07-12,22:35,맥주,1,5000
2025-07-12,22:36,닭발,1,18000
2025-07-12,22:41,닭발,1,18000
2025-07-12,22:46,닭발,1,18000
2025-07-12,22:47,하이볼,1,7000
2025-07-12,22:50,김치전,1,15000
2025-07-12,23:05,김치전,1,15000
2025-07-12,23:20,맥주,1,5000
2025-07-12,23:23,닭발,1,18000
2025-07-12,23:50,닭발,1,18000
2025-07-13,18:58,맥주,1,5000
2025-07-13,20:00,맥주,1,5000
2025-07-13,20:07,소주,1,5000
2025-07-13,20:24,오돌뼈,1,17000
2025-07-13,20:41,소주,1,5000
2025-07-13,21:03,소주,1,5000
2025-07-13,21:04,하이볼,1,7000
2025-07-13,21:24,하이볼,1,7000
2025-07-13,21:30,맥주,1,5000
2025-07-13,21:54,소주,1,5000
2025-07-13,22:08,맥주,1,5000
2025-07-13,22:28,맥주,1,5000
2025-07-13,22:39,오돌뼈,1,17000
2025-07-13,22:45,오돌뼈,1,17000
2025-07-14,19:26,닭발,1,18000
2025-07-14,20:22,소주,1,5000
2025-07-14,20:55,맥주,1,5000
2025-07-14,21:21,하이볼,1,7000
2025-07-14,21:37,오돌뼈,1,17000
2025-07-14,22:16,소주,1,5000
2025-07-14,22:37,김치전,1,15000
2025-07-14,23:19,맥주,1,5000
2025-07-14,23:19,오돌뼈,1,17000
2025-07-15,19:17,소주,1,5000
2025-07-15,19:46,하이볼,1,7000
2025-07-15,19:56,계란찜,1,7000
2025-07-15,20:01,맥주,1,5000
2025-07-15,20:12,소주,1,5000
2025-07-15,20:18,오돌뼈,1,17000
2025-07-15,20:25,소주,1,5000
2025-07-15,20:25,닭발,1,18000
2025-07-15,20:30,김치전,1,15000
2025-07-15,20:50,맥주,1,5000
2025-07-15,20:53,맥주,1,5000
2025-07-15,20:55,소주,1,5000
2025-07-15,21:09,소주,1,5000
2025-07-15,21:11,맥주,1,5000
2025-07-15,21:12,소주,1,5000
2025-07-15,21:21,소주,1,5000
2025-07-15,21:21,오돌뼈,1,17000
2025-07-15,21:28,김치전,1,15000
2025-07-15,21:28,김치전,1,15000
2025-07-15,21:36,닭발,1,18000
2025-07-15,21:41,소주,1,5000
2025-07-15,21:41,오돌뼈,1,17000
2025-07-15,21:51,맥주,1,5000
2025-07-15,21:51,하이볼,1,7000
2025-07-15,21:51,계란찜,1,7000
2025-07-15,22:00,맥주,1,5000
2025-07-15,22:00,오돌뼈,1,17000
2025-07-15,22:03,맥주,1,5000
2025-07-15,22:07,닭발,1,18000
2025-07-15,22:14,하이볼,1,7000
2025-07-15,22:15,계란찜,1,7000
2025-07-15,22:15,계란찜,1,7000
2025-07-15,22:18,계란찜,1,7000
2025-07-15,22:24,닭발,1,18000
2025-07-15,22:57,김치전,1,15000
2025-07-16,19:16,맥주,1,5000
2025-07-16,20:01,소주,1,5000
2025-07-16,20:16,소주,1,5000
2025-07-16,20:16,맥주,1,5000
2025-07-16,20:22,소주,1,5000
2025-07-16,20:34,맥주,1,5000
2025-07-16,20:35,맥주,1,5000
2025-07-16,20:45,소주,1,5000
2025-07-16,20:59,소주,1,5000
2025-07-16,21:00,하이볼,1,7000
2025-07-16,21:03,소주,1,5000
2025-07-16,21:03,하이볼,1,7000
2025-07-16,21:08,맥주,1,5000
2025-07-16,21:15,닭발,1,18000
2025-07-16,21:16,하이볼,1,7000
2025-07-16,21:18,맥주,1,5000
2025-07-16,21:21,닭발,1,18000
2025-07-16,21:21,닭발,1,18000
2025-07-16,21:22,맥주,1,5000
2025-07-16,21:27,소주,1,5000
2025-07-16,21:27,닭발,1,18000
2025-07-16,21:45,김치전,1,15000
2025-07-16,21:48,하이볼,1,7000
2025-07-16,21:54,하이볼,1,7000
2025-07-16,22:10,김치전,1,15000
2025-07-16,22:28,닭발,1,18000
2025-07-16,23:05,맥주,1,5000
2025-07-16,23:12,맥주,1,5000
2025-07-16,23:13,닭발,1,18000
2025-07-16,23:41,하이볼,1,7000
2025-07-17,19:10,소주,1,5000
2025-07-17,19:40,김치전,1,15000
2025-07-17,19:54,하이볼,1,7000
2025-07-17,20:09,맥주,1,5000
2025-07-17,20:09,오돌뼈,1,17000
2025-07-17,20:11,닭발,1,18000
2025-07-17,20:11,닭발,1,18000
2025-07-17,20:22,오돌뼈,1,17000
2025-07-17,20:23,하이볼,1,7000
2025-07-17,20:32,맥주,1,5000
2025-07-17,20:39,소주,1,5000
2025-07-17,20:50,김치전,1,15000
2025-07-17,20:53,소주,1,5000
2025-07-17,20:54,맥주,1,5000
2025-07-17,20:55,계란찜,1,7000
2025-07-17,21:06,맥주,1,5000
2025-07-17,21:12,닭발,1,18000
2025-07-17,21:12,김치전,1,15000
2025-07-17,21:16,오돌뼈,1,17000
2025-07-17,21:19,닭발,1,18000
2025-07-17,21:22,닭발,1,18000
2025-07-17,21:32,맥주,1,5000
2025-07-17,21:35,김치전,1,15000
2025-07-17,21:37,맥주,1,5000
2025-07-17,21:37,계란찜,1,7000
2025-07-17,21:38,맥주,1,5000
2025-07-17,21:40,오돌뼈,1,17000
2025-07-17,21:41,닭발,1,18000
2025-07-17,21:44,하이볼,1,7000
2025-07-17,21:50,하이볼,1,7000
2025-07-17,21:53,계란찜,1,7000
2025-07-17,22:02,김치전,1,15000
2025-07-17,22:04,소주,1,5000
2025-07-17,22:09,소주,1,5000
2025-07-17,22:14,소주,1,5000
2025-07-17,22:16,소주,1,5000
2025-07-17,22:17,소주,1,5000
2025-07-17,22:21,소주,1,5000
2025-07-17,22:32,닭발,1,18000
2025-07-17,23:12,맥주,1,5000
2025-07-17,23:37,계란찜,1,7000
2025-07-18,19:00,하이볼,1,7000
2025-07-18,19:22,오돌뼈,1,17000
2025-07-18,19:31,계란찜,1,7000
2025-07-18,19:34,소주,1,5000
2025-07-18,19:40,닭발,1,18000
2025-07-18,20:04,하이볼,1,7000
2025-07-18,20:06,맥주,1,5000
2025-07-18,20:17,맥주,1,5000
2025-07-18,20:21,맥주,1,5000
2025-07-18,20:27,맥주,1,5000
2025-07-18,20:35,맥주,1,5000
2025-07-18,20:36,닭발,1,18000
2025-07-18,20:41,소주,1,5000
2025-07-18,20:47,김치전,1,15000
2025-07-18,20:54,하이볼,1,7000
2025-07-18,20:55,닭발,1,18000
2025-07-18,20:59,맥주,1,5000
2025-07-18,21:06,소주,1,5000
2025-07-18,21:06,맥주,1,5000
2025-07-18,21:10,오돌뼈,1,17000
2025-07-18,21:18,소주,1,5000
2025-07-18,21:18,오돌뼈,1,17000
2025-07-18,21:20,계란찜,1,7000
2025-07-18,21:23,닭발,1,18000
2025-07-18,21:50,닭발,1,18000
2025-07-18,21:51,소주,1,5000
2025-07-18,21:52,김치전,1,15000
2025-07-18,21:57,오돌뼈,1,17000
2025-07-18,22:03,계란찜,1,7000
2025-07-18,22:07,김치전,1,15000
2025-07-18,22:08,소주,1,5000
2025-07-18,22:11,소주,1,5000
2025-07-18,22:20,소주,1,5000
2025-07-18,22:32,소주,1,5000
2025-07-18,22:33,오돌뼈,1,17000
2025-07-18,22:42,맥주,1,5000
2025-07-18,22:46,닭발,1,18000
2025-07-18,22:47,소주,1,5000
2025-07-18,23:03,김치전,1,15000
2025-07-18,23:05,맥주,1,5000
2025-07-18,23:14,소주,1,5000
2025-07-18,23:23,닭발,1,18000
2025-07-18,23:29,계란찜,1,7000
2025-07-18,23:50,오돌뼈,1,17000
2025-07-19,18:47,맥주,1,5000
2025-07-19,18:49,소주,1,5000
2025-07-19,19:07,맥주,1,5000
2025-07-19,19:10,맥주,1,5000
2025-07-19,19:46,맥주,1,5000
2025-07-19,19:51,하이볼,1,7000
2025-07-19,20:00,닭발,1,18000
2025-07-19,20:01,소주,1,5000
2025-07-19,20:03,하이볼,1,7000
2025-07-19,20:24,계란찜,1,7000
2025-07-19,20:31,소주,1,5000
2025-07-19,20:36,맥주,1,5000
2025-07-19,20:45,오돌뼈,1,17000
2025-07-19,20:55,닭발,1,18000
2025-07-19,21:00,소주,1,5000
2025-07-19,21:00,오돌뼈,1,17000
2025-07-19,21:02,소주,1,5000
2025-07-19,21:03,계란찜,1,7000
2025-07-19,21:09,맥주,1,5000
2025-07-19,21:09,맥주,1,5000
2025-07-19,21:09,닭발,1,18000
2025-07-19,21:16,오돌뼈,1,17000
2025-07-19,21:17,김치전,1,15000
2025-07-19,21:20,맥주,1,5000
2025-07-19,21:38,소주,1,5000
2025-07-19,21:42,소주,1,5000
2025-07-19,21:47,맥주,1,5000
2025-07-19,21:57,하이볼,1,7000
2025-07-19,22:08,소주,1,5000
2025-07-19,22:13,오돌뼈,1,17000
2025-07-19,22:24,하이볼,1,7000
2025-07-19,22:32,김치전,1,15000
2025-07-19,22:33,소주,1,5000
2025-07-19,22:40,오돌뼈,1,17000
2025-07-19,22:45,계란찜,1,7000
2025-07-19,23:33,김치전,1,15000
2025-07-19,23:50,닭발,1,18000
2025-07-20,18:46,맥주,1,5000
2025-07-20,19:07,하이볼,1,7000
2025-07-20,19:08,하이볼,1,7000
2025-07-20,19:46,맥주,1,5000
2025-07-20,20:04,소주,1,5000
2025-07-20,20:34,하이볼,1,7000
2025-07-20,21:02,하이볼,1,7000
2025-07-20,21:24,소주,1,5000
2025-07-20,21:29,소주,1,5000
2025-07-20,21:34,맥주,1,5000
2025-07-20,21:34,하이볼,1,7000
2025-07-20,21:34,계란찜,1,7000
2025-07-20,21:41,소주,1,5000
2025-07-20,21:46,닭발,1,18000
2025-07-20,21:58,닭발,1,18000
2025-07-20,22:06,오돌뼈,1,17000
2025-07-20,22:09,오돌뼈,1,17000
2025-07-20,22:24,맥주,1,5000
2025-07-20,22:29,계란찜,1,7000
2025-07-20,22:53,소주,1,5000
2025-07-20,23:50,하이볼,1,7000
2025-07-21,19:29,하이볼,1,7000
2025-07-21,19:50,소주,1,5000
2025-07-21,19:53,김치전,1,15000
2025-07-21,19:54,맥주,1,5000
2025-07-21,20:23,맥주,1,5000
2025-07-21,20:42,소주,1,5000
2025-07-21,20:49,오돌뼈,1,17000
2025-07-21,21:04,닭발,1,18000
2025-07-21,21:09,오돌뼈,1,17000
2025-07-21,21:10,닭발,1,18000
2025-07-21,21:29,닭발,1,18000
2025-07-21,21:33,소주,1,5000
2025-07-21,21:34,소주,1,5000
2025-07-21,21:38,맥주,1,5000
2025-07-21,22:05,소주,1,5000
2025-07-21,22:28,소주,1,5000
2025-07-21,22:29,하이볼,1,7000
2025-07-21,22:35,김치전,1,15000
2025-07-21,22:42,김치전,1,15000
2025-07-21,22:50,닭발,1,18000
2025-07-21,22:52,맥주,1,5000
2025-07-21,23:26,소주,1,5000
2025-07-21,23:27,닭발,1,18000
2025-07-22,19:29,계란찜,1,7000
2025-07-22,19:31,소주,1,5000
2025-07-22,19:35,계란찜,1,7000
2025-07-22,19:47,소주,1,5000
2025-07-22,20:00,맥주,1,5000
2025-07-22,20:10,소주,1,5000
2025-07-22,20:11,오돌뼈,1,17000
2025-07-22,20:23,오돌뼈,1,17000
2025-07-22,20:27,오돌뼈,1,17000
2025-07-22,20:34,맥주,1,5000
2025-07-22,20:47,맥주,1,5000
2025-07-22,20:56,닭발,1,18000
2025-07-22,20:58,닭발,1,18000
2025-07-22,21:16,오돌뼈,1,17000
2025-07-22,21:18,소주,1,5000
2025-07-22,21:18,맥주,1,5000
2025-07-22,21:21,맥주,1,5000
2025-07-22,21:22,소주,1,5000
2025-07-22,21:25,김치전,1,15000
2025-07-22,21:41,김치전,1,15000
2025-07-22,21:55,닭발,1,18000
2025-07-22,21:56,소주,1,5000
2025-07-22,21:57,닭발,1,18000
2025-07-22,22:15,맥주,1,5000
2025-07-22,22:25,소주,1,5000
2025-07-22,22:26,맥주,1,5000
2025-07-22,22:38,소주,1,5000
2025-07-22,22:45,하이볼,1,7000
2025-07-22,22:50,소주,1,5000
2025-07-22,22:50,하이볼,1,7000
2025-07-22,23:07,하이볼,1,7000
2025-07-22,23:33,김치전,1,15000
2025-07-22,23:50,맥주,1,5000
2025-07-23,19:57,맥주,1,5000
2025-07-23,20:18,소주,1,5000
2025-07-23,20:23,맥주,1,5000
2025-07-23,20:24,맥주,1,5000
2025-07-23,20:41,맥주,1,5000
2025-07-23,20:45,소주,1,5000
2025-07-23,21:03,닭발,1,18000
2025-07-23,21:06,소주,1,5000
2025-07-23,21:18,오돌뼈,1,17000
2025-07-23,21:23,닭발,1,18000
2025-07-23,21:36,김치전,1,15000
2025-07-23,21:48,소주,1,5000
2025-07-23,21:53,맥주,1,5000
2025-07-23,22:01,맥주,1,5000
2025-07-23,22:23,맥주,1,5000
2025-07-23,22:25,맥주,1,5000
2025-07-23,22:47,맥주,1,5000
2025-07-23,23:10,소주,1,5000
2025-07-23,23:18,하이볼,1,7000
2025-07-23,23:24,소주,1,5000
2025-07-23,23:26,소주,1,5000
2025-07-23,23:34,소주,1,5000
2025-07-23,23:47,김치전,1,15000
2025-07-24,19:45,하이볼,1,7000
2025-07-24,19:54,계란찜,1,7000
2025-07-24,20:21,소주,1,5000
2025-07-24,20:26,김치전,1,15000
2025-07-24,20:27,계란찜,1,7000
2025-07-24,20:44,소주,1,5000
2025-07-24,20:44,소주,1,5000
2025-07-24,20:54,맥주,1,5000
2025-07-24,21:07,맥주,1,5000
2025-07-24,21:09,오돌뼈,1,17000
2025-07-24,21:10,소주,1,5000
2025-07-24,21:13,맥주,1,5000
2025-07-24,21:17,닭발,1,18000
2025-07-24,21:21,맥주,1,5000
2025-07-24,21:25,소주,1,5000
2025-07-24,21:26,닭발,1,18000
2025-07-24,21:28,김치전,1,15000
2025-07-24,21:47,소주,1,5000
2025-07-24,21:54,소주,1,5000
2025-07-24,22:01,소주,1,5000
2025-07-24,22:01,오돌뼈,1,17000
2025-07-24,22:02,소주,1,5000
2025-07-24,22:06,오돌뼈,1,17000
2025-07-24,22:14,맥주,1,5000
2025-07-24,22:17,맥주,1,5000
2025-07-24,22:19,오돌뼈,1,17000
2025-07-24,22:26,맥주,1,5000
2025-07-24,22:27,하이볼,1,7000
2025-07-24,22:29,닭발,1,18000
2025-07-24,22:33,김치전,1,15000
2025-07-24,22:38,맥주,1,5000
2025-07-24,22:42,닭발,1,18000
2025-07-24,23:05,김치전,1,15000
2025-07-24,23:42,닭발,1,18000
2025-07-24,23:50,하이볼,1,7000
2025-07-25,18:55,소주,1,5000
2025-07-25,18:59,닭발,1,18000
2025-07-25,19:03,김치전,1,15000
2025-07-25,19:18,소주,1,5000
2025-07-25,19:32,닭발,1,18000
2025-07-25,19:43,닭발,1,18000
2025-07-25,19:54,맥주,1,5000
2025-07-25,19:57,오돌뼈,1,17000
2025-07-25,20:16,소주,1,5000
2025-07-25,20:18,오돌뼈,1,17000
2025-07-25,20:21,맥주,1,5000
2025-07-25,20:24,맥주,1,5000
2025-07-25,20:24,맥주,1,5000
2025-07-25,20:38,김치전,1,15000
2025-07-25,20:39,소주,1,5000
2025-07-25,20:42,맥주,1,5000
2025-07-25,20:47,맥주,1,5000
2025-07-25,20:54,맥주,1,5000
2025-07-25,20:57,소주,1,5000
2025-07-25,20:58,맥주,1,5000
2025-07-25,21:07,소주,1,5000
2025-07-25,21:11,소주,1,5000
2025-07-25,21:22,하이볼,1,7000
2025-07-25,21:23,김치전,1,15000
2025-07-25,21:26,맥주,1,5000
2025-07-25,21:35,닭발,1,18000
2025-07-25,21:57,김치전,1,15000
2025-07-25,21:58,맥주,1,5000
2025-07-25,21:58,김치전,1,15000
2025-07-25,22:05,맥주,1,5000
2025-07-25,22:12,닭발,1,18000
2025-07-25,22:21,맥주,1,5000
2025-07-25,22:32,소주,1,5000
2025-07-25,22:45,오돌뼈,1,17000
2025-07-25,23:24,소주,1,5000
2025-07-25,23:32,계란찜,1,7000
2025-07-26,20:14,맥주,1,5000
2025-07-26,20:15,소주,1,5000
2025-07-26,20:20,소주,1,5000
2025-07-26,20:25,닭발,1,18000
2025-07-26,20:26,오돌뼈,1,17000
2025-07-26,20:28,오돌뼈,1,17000
2025-07-26,20:29,계란찜,1,7000
2025-07-26,20:30,닭발,1,18000
2025-07-26,20:30,오돌뼈,1,17000
2025-07-26,20:39,맥주,1,5000
2025-07-26,20:46,소주,1,5000
2025-07-26,20:48,닭발,1,18000
2025-07-26,20:49,닭발,1,18000
2025-07-26,20:54,오돌뼈,1,17000
2025-07-26,21:02,맥주,1,5000
2025-07-26,21:02,하이볼,1,7000
2025-07-26,21:06,소주,1,5000
2025-07-26,21:09,하이볼,1,7000
2025-07-26,21:12,맥주,1,5000
2025-07-26,21:12,김치전,1,15000
2025-07-26,21:15,닭발,1,18000
2025-07-26,21:18,계란찜,1,7000
2025-07-26,21:19,맥주,1,5000
2025-07-26,21:21,소주,1,5000
2025-07-26,21:21,맥주,1,5000
2025-07-26,21:31,하이볼,1,7000
2025-07-26,21:31,김치전,1,15000
2025-07-26,21:32,계란찜,1,7000
2025-07-26,21:33,맥주,1,5000
2025-07-26,21:34,맥주,1,5000
2025-07-26,21:35,맥주,1,5000
2025-07-26,21:35,하이볼,1,7000
2025-07-26,21:44,닭발,1,18000
2025-07-26,21:45,소주,1,5000
2025-07-26,21:50,계란찜,1,7000
2025-07-26,21:52,김치전,1,15000
2025-07-26,21:53,맥주,1,5000
2025-07-26,21:53,김치전,1,15000
2025-07-26,21:55,맥주,1,5000
2025-07-26,21:58,오돌뼈,1,17000
2025-07-26,22:03,오돌뼈,1,17000
2025-07-26,22:07,계란찜,1,7000
2025-07-26,22:13,김치전,1,15000
2025-07-26,22:15,하이볼,1,7000
2025-07-26,22:26,소주,1,5000
2025-07-26,22:40,소주,1,5000
2025-07-26,22:47,김치전,1,15000
2025-07-26,22:52,김치전,1,15000
2025-07-26,23:04,맥주,1,5000
2025-07-26,23:06,하이볼,1,7000
2025-07-26,23:10,소주,1,5000
2025-07-26,23:50,맥주,1,5000
2025-07-27,19:17,맥주,1,5000
2025-07-27,19:50,김치전,1,15000
2025-07-27,20:23,소주,1,5000
2025-07-27,20:46,닭발,1,18000
2025-07-27,21:13,닭발,1,18000
2025-07-27,21:56,계란찜,1,7000
2025-07-27,22:02,맥주,1,5000
2025-07-27,22:24,소주,1,5000
2025-07-27,22:37,소주,1,5000
2025-07-27,22:43,닭발,1,18000
2025-07-27,23:04,소주,1,5000
2025-07-27,23:07,맥주,1,5000
2025-07-27,23:50,소주,1,5000
2025-07-28,19:07,소주,1,5000
2025-07-28,20:01,맥주,1,5000
2025-07-28,20:01,닭발,1,18000
2025-07-28,20:09,소주,1,5000
2025-07-28,20:16,김치전,1,15000
2025-07-28,20:28,오돌뼈,1,17000
2025-07-28,20:40,오돌뼈,1,17000
2025-07-28,20:42,하이볼,1,7000
2025-07-28,20:46,소주,1,5000
2025-07-28,21:08,계란찜,1,7000
2025-07-28,21:17,김치전,1,15000
2025-07-28,21:20,하이볼,1,7000
2025-07-28,21:40,하이볼,1,7000
2025-07-28,21:59,소주,1,5000
2025-07-28,21:59,김치전,1,15000
2025-07-28,22:02,김치전,1,15000
2025-07-28,22:14,소주,1,5000
2025-07-28,22:21,맥주,1,5000
2025-07-28,22:29,맥주,1,5000
2025-07-28,22:40,소주,1,5000
2025-07-28,23:13,계란찜,1,7000
2025-07-28,23:50,닭발,1,18000
2025-07-28,23:50,김치전,1,15000
2025-07-29,19:46,오돌뼈,1,17000
2025-07-29,20:03,하이볼,1,7000
2025-07-29,20:16,오돌뼈,1,17000
2025-07-29,20:24,소주,1,5000
2025-07-29,20:35,김치전,1,15000
2025-07-29,20:50,소주,1,5000
2025-07-29,21:01,소주,1,5000
2025-07-29,21:01,닭발,1,18000
2025-07-29,21:10,소주,1,5000
2025-07-29,21:11,소주,1,5000
2025-07-29,21:13,닭발,1,18000
2025-07-29,21:36,계란찜,1,7000
2025-07-29,22:00,맥주,1,5000
2025-07-29,22:08,김치전,1,15000
2025-07-29,22:13,하이볼,1,7000
2025-07-29,22:14,맥주,1,5000
2025-07-29,22:39,닭발,1,18000
2025-07-29,22:53,맥주,1,5000
2025-07-29,22:54,맥주,1,5000
2025-07-29,22:54,하이볼,1,7000
2025-07-29,23:03,소주,1,5000
2025-07-29,23:23,오돌뼈,1,17000
2025-07-30,19:09,소주,1,5000
2025-07-30,20:00,하이볼,1,7000
2025-07-30,20:06,소주,1,5000
2025-07-30,20:16,김치전,1,15000
2025-07-30,20:17,소주,1,5000
2025-07-30,20:17,김치전,1,15000
2025-07-30,20:20,소주,1,5000
2025-07-30,20:50,맥주,1,5000
2025-07-30,20:51,김치전,1,15000
2025-07-30,20:58,오돌뼈,1,17000
2025-07-30,21:01,오돌뼈,1,17000
2025-07-30,21:06,하이볼,1,7000
2025-07-30,21:12,오돌뼈,1,17000
2025-07-30,21:18,소주,1,5000
2025-07-30,21:18,하이볼,1,7000
2025-07-30,21:24,닭발,1,18000
2025-07-30,21:35,오돌뼈,1,17000
2025-07-30,21:38,맥주,1,5000
2025-07-30,21:38,맥주,1,5000
2025-07-30,21:38,닭발,1,18000
2025-07-30,21:43,김치전,1,15000
2025-07-30,21:45,소주,1,5000
2025-07-30,21:47,소주,1,5000
2025-07-30,21:48,하이볼,1,7000
2025-07-30,21:54,맥주,1,5000
2025-07-30,22:00,맥주,1,5000
2025-07-30,22:01,닭발,1,18000
2025-07-30,22:07,닭발,1,18000
2025-07-30,22:08,맥주,1,5000
2025-07-30,22:09,김치전,1,15000
2025-07-30,22:33,계란찜,1,7000
2025-07-30,22:34,오돌뼈,1,17000
2025-07-30,22:38,계란찜,1,7000
2025-07-30,22:41,소주,1,5000
2025-07-30,22:41,소주,1,5000
2025-07-30,22:44,오돌뼈,1,17000
2025-07-30,23:02,소주,1,5000
2025-07-31,19:04,맥주,1,5000
2025-07-31,19:05,닭발,1,18000
2025-07-31,19:13,김치전,1,15000
2025-07-31,19:49,닭발,1,18000
2025-07-31,20:06,오돌뼈,1,17000
2025-07-31,20:12,김치전,1,15000
2025-07-31,20:14,닭발,1,18000
2025-07-31,20:24,닭발,1,18000
2025-07-31,20:31,소주,1,5000
2025-07-31,20:54,맥주,1,5000
2025-07-31,20:56,소주,1,5000
2025-07-31,20:56,오돌뼈,1,17000
2025-07-31,20:59,소주,1,5000
2025-07-31,21:04,닭발,1,18000
2025-07-31,21:08,하이볼,1,7000
2025-07-31,21:11,하이볼,1,7000
2025-07-31,21:38,소주,1,5000
2025-07-31,21:44,맥주,1,5000
2025-07-31,21:52,소주,1,5000
2025-07-31,22:06,소주,1,5000
2025-07-31,22:10,오돌뼈,1,17000
2025-07-31,22:11,오돌뼈,1,17000
2025-07-31,22:19,맥주,1,5000
2025-07-31,22:20,오돌뼈,1,17000
2025-07-31,22:24,소주,1,5000
2025-07-31,22:29,맥주,1,5000
2025-07-31,22:32,김치전,1,15000
2025-07-31,22:46,하이볼,1,7000
2025-07-31,22:54,하이볼,1,7000
2025-07-31,22:58,계란찜,1,7000
2025-07-31,23:39,맥주,1,5000
2025-08-01,18:56,오돌뼈,1,17000
2025-08-01,19:15,맥주,1,5000
2025-08-01,19:16,닭발,1,18000
2025-08-01,19:23,오돌뼈,1,17000
2025-08-01,19:35,김치전,1,15000
2025-08-01,20:06,오돌뼈,1,17000
2025-08-01,20:11,소주,1,5000
2025-08-01,20:20,맥주,1,5000
2025-08-01,20:21,하이볼,1,7000
2025-08-01,20:23,계란찜,1,7000
2025-08-01,20:29,김치전,1,15000
2025-08-01,20:35,맥주,1,5000
2025-08-01,20:35,오돌뼈,1,17000
2025-08-01,20:38,맥주,1,5000
2025-08-01,20:48,소주,1,5000
2025-08-01,20:49,하이볼,1,7000
2025-08-01,20:54,김치전,1,15000
2025-08-01,20:58,소주,1,5000
2025-08-01,20:58,닭발,1,18000
2025-08-01,21:01,소주,1,5000
2025-08-01,21:10,하이볼,1,7000
2025-08-01,21:30,닭발,1,18000
2025-08-01,21:41,하이볼,1,7000
2025-08-01,21:43,김치전,1,15000
2025-08-01,21:48,소주,1,5000
2025-08-01,21:52,김치전,1,15000
2025-08-01,21:55,소주,1,5000
2025-08-01,21:57,닭발,1,18000
2025-08-01,21:58,맥주,1,5000
2025-08-01,22:10,계란찜,1,7000
2025-08-01,22:11,소주,1,5000
2025-08-01,22:11,닭발,1,18000
2025-08-01,22:13,하이볼,1,7000
2025-08-01,22:19,닭발,1,18000
2025-08-01,22:27,맥주,1,5000
2025-08-01,22:28,맥주,1,5000
2025-08-01,22:31,오돌뼈,1,17000
2025-08-01,22:40,소주,1,5000
2025-08-01,23:04,맥주,1,5000
2025-08-01,23:13,맥주,1,5000
2025-08-01,23:50,소주,1,5000
2025-08-02,20:01,맥주,1,5000
2025-08-02,20:12,소주,1,5000
2025-08-02,20:14,맥주,1,5000
2025-08-02,20:16,김치전,1,15000
2025-08-02,20:18,하이볼,1,7000
2025-08-02,20:27,김치전,1,15000
2025-08-02,20:32,소주,1,5000
2025-08-02,20:32,소주,1,5000
2025-08-02,20:37,맥주,1,5000
2025-08-02,20:47,김치전,1,15000
2025-08-02,20:48,계란찜,1,7000
2025-08-02,20:49,맥주,1,5000
2025-08-02,20:49,계란찜,1,7000
2025-08-02,20:53,소주,1,5000
2025-08-02,21:04,오돌뼈,1,17000
2025-08-02,21:05,맥주,1,5000
2025-08-02,21:06,계란찜,1,7000
2025-08-02,21:08,계란찜,1,7000
2025-08-02,21:11,하이볼,1,7000
2025-08-02,21:17,오돌뼈,1,17000
2025-08-02,21:21,닭발,1,18000
2025-08-02,21:21,김치전,1,15000
2025-08-02,21:23,소주,1,5000
2025-08-02,21:23,닭발,1,18000
2025-08-02,21:24,김치전,1,15000
2025-08-02,21:28,하이볼,1,7000
2025-08-02,21:31,하이볼,1,7000
2025-08-02,21:33,계란찜,1,7000
2025-08-02,21:36,닭발,1,18000
2025-08-02,21:39,오돌뼈,1,17000
2025-08-02,21:45,하이볼,1,7000
2025-08-02,21:53,하이볼,1,7000
2025-08-02,21:53,닭발,1,18000
2025-08-02,21:54,닭발,1,18000
2025-08-02,21:55,김치전,1,15000
2025-08-02,21:58,맥주,1,5000
2025-08-02,22:02,하이볼,1,7000
2025-08-02,22:03,소주,1,5000
2025-08-02,22:07,소주,1,5000
2025-08-02,22:10,닭발,1,18000
2025-08-02,22:15,맥주,1,5000
2025-08-02,22:16,맥주,1,5000
2025-08-02,22:59,맥주,1,5000
2025-08-02,23:02,소주,1,5000
2025-08-02,23:10,하이볼,1,7000
2025-08-02,23:46,소주,1,5000
2025-08-03,19:37,닭발,1,18000
2025-08-03,20:07,오돌뼈,1,17000
2025-08-03,20:21,소주,1,5000
2025-08-03,20:23,오돌뼈,1,17000
2025-08-03,20:32,맥주,1,5000
2025-08-03,20:59,맥주,1,5000
2025-08-03,21:02,김치전,1,15000
2025-08-03,21:13,소주,1,5000
2025-08-03,21:29,오돌뼈,1,17000
2025-08-03,21:33,하이볼,1,7000
2025-08-03,21:37,맥주,1,5000
2025-08-03,21:51,하이볼,1,7000
2025-08-03,22:22,맥주,1,5000
2025-08-03,22:24,오돌뼈,1,17000
2025-08-03,22:29,소주,1,5000
2025-08-03,22:45,계란찜,1,7000
2025-08-03,22:54,소주,1,5000
2025-08-03,23:12,소주,1,5000
2025-08-04,19:01,맥주,1,5000
2025-08-04,19:47,맥주,1,5000
2025-08-04,20:06,하이볼,1,7000
2025-08-04,20:25,김치전,1,15000
2025-08-04,20:47,오돌뼈,1,17000
2025-08-04,20:51,닭발,1,18000
2025-08-04,21:02,맥주,1,5000
2025-08-04,21:11,오돌뼈,1,17000
2025-08-04,21:12,김치전,1,15000
2025-08-04,21:17,소주,1,5000
2025-08-04,21:34,닭발,1,18000
2025-08-04,21:50,김치전,1,15000
2025-08-04,21:52,소주,1,5000
2025-08-04,21:52,소주,1,5000
2025-08-04,22:01,소주,1,5000
2025-08-04,22:02,소주,1,5000
2025-08-04,22:12,맥주,1,5000
2025-08-04,22:37,하이볼,1,7000
2025-08-04,22:50,맥주,1,5000
2025-08-04,23:14,소주,1,5000
2025-08-04,23:43,소주,1,5000
2025-08-04,23:44,오돌뼈,1,17000
2025-08-05,19:19,오돌뼈,1,17000
2025-08-05,19:30,오돌뼈,1,17000
2025-08-05,19:40,오돌뼈,1,17000
2025-08-05,19:47,닭발,1,18000
2025-08-05,19:56,소주,1,5000
2025-08-05,19:56,소주,1,5000
2025-08-05,20:11,맥주,1,5000
2025-08-05,20:29,오돌뼈,1,17000
2025-08-05,20:33,닭발,1,18000
2025-08-05,20:49,오돌뼈,1,17000
2025-08-05,20:52,맥주,1,5000
2025-08-05,21:00,맥주,1,5000
2025-08-05,21:00,닭발,1,18000
2025-08-05,21:14,김치전,1,15000
2025-08-05,21:15,계란찜,1,7000
2025-08-05,21:30,닭발,1,18000
2025-08-05,21:32,계란찜,1,7000
2025-08-05,21:37,맥주,1,5000
2025-08-05,21:40,김치전,1,15000
2025-08-05,21:42,김치전,1,15000
2025-08-05,21:44,하이볼,1,7000
2025-08-05,21:48,하이볼,1,7000
2025-08-05,22:08,소주,1,5000
2025-08-05,22:11,닭발,1,18000
2025-08-05,22:27,계란찜,1,7000
2025-08-05,22:32,맥주,1,5000
2025-08-05,22:40,소주,1,5000
2025-08-05,22:41,하이볼,1,7000
2025-08-05,22:45,소주,1,5000
2025-08-05,22:45,오돌뼈,1,17000
2025-08-05,23:10,소주,1,5000
2025-08-06,19:24,맥주,1,5000
2025-08-06,19:46,계란찜,1,7000
2025-08-06,19:53,소주,1,5000
2025-08-06,20:00,맥주,1,5000
2025-08-06,20:05,소주,1,5000
2025-08-06,20:12,오돌뼈,1,17000
2025-08-06,20:24,맥주,1,5000
2025-08-06,20:39,소주,1,5000
2025-08-06,20:44,맥주,1,5000
2025-08-06,20:54,소주,1,5000
2025-08-06,20:57,소주,1,5000
2025-08-06,21:04,맥주,1,5000
2025-08-06,21:18,소주,1,5000
2025-08-06,21:27,오돌뼈,1,17000
2025-08-06,21:31,닭발,1,18000
2025-08-06,21:34,소주,1,5000
2025-08-06,21:38,맥주,1,5000
2025-08-06,21:41,닭발,1,18000
2025-08-06,21:50,하이볼,1,7000
2025-08-06,22:09,닭발,1,18000
2025-08-06,22:13,오돌뼈,1,17000
2025-08-06,22:21,계란찜,1,7000
2025-08-06,22:26,맥주,1,5000
2025-08-06,22:44,오돌뼈,1,17000
2025-08-07,19:16,김치전,1,15000
2025-08-07,19:34,하이볼,1,7000
2025-08-07,19:35,맥주,1,5000
2025-08-07,20:18,맥주,1,5000
2025-08-07,20:21,닭발,1,18000
2025-08-07,20:22,소주,1,5000
2025-08-07,20:27,맥주,1,5000
2025-08-07,20:29,소주,1,5000
2025-08-07,20:29,계란찜,1,7000
2025-08-07,20:30,닭발,1,18000
2025-08-07,20:34,계란찜,1,7000
2025-08-07,20:50,하이볼,1,7000
2025-08-07,20:58,김치전,1,15000
2025-08-07,21:06,소주,1,5000
2025-08-07,21:08,닭발,1,18000
2025-08-07,21:18,김치전,1,15000
2025-08-07,21:26,소주,1,5000
2025-08-07,21:43,맥주,1,5000
2025-08-07,21:51,맥주,1,5000
2025-08-07,21:54,계란찜,1,7000
2025-08-07,22:23,오돌뼈,1,17000
2025-08-07,22:30,닭발,1,18000
2025-08-07,22:30,김치전,1,15000
2025-08-07,22:31,맥주,1,5000
2025-08-07,22:34,닭발,1,18000
2025-08-07,22:35,닭발,1,18000
2025-08-07,22:39,오돌뼈,1,17000
2025-08-07,22:47,김치전,1,15000
2025-08-07,22:54,맥주,1,5000
2025-08-07,22:57,소주,1,5000
2025-08-07,23:22,하이볼,1,7000
2025-08-07,23:34,하이볼,1,7000
2025-08-07,23:45,소주,1,5000
2025-08-08,19:19,소주,1,5000
2025-08-08,19:19,소주,1,5000
2025-08-08,20:03,맥주,1,5000
2025-08-08,20:04,하이볼,1,7000
2025-08-08,20:33,맥주,1,5000
2025-08-08,20:36,맥주,1,5000
2025-08-08,20:42,하이볼,1,7000
2025-08-08,20:45,소주,1,5000
2025-08-08,20:59,소주,1,5000
2025-08-08,21:01,소주,1,5000
2025-08-08,21:05,오돌뼈,1,17000
2025-08-08,21:08,맥주,1,5000
2025-08-08,21:15,맥주,1,5000
2025-08-08,21:15,김치전,1,15000
2025-08-08,21:17,소주,1,5000
2025-08-08,21:22,맥주,1,5000
2025-08-08,21:29,하이볼,1,7000
2025-08-08,21:34,계란찜,1,7000
2025-08-08,21:37,소주,1,5000
2025-08-08,21:38,맥주,1,5000
2025-08-08,21:48,계란찜,1,7000
2025-08-08,21:56,하이볼,1,7000
2025-08-08,21:56,닭발,1,18000
2025-08-08,21:57,맥주,1,5000
2025-08-08,22:01,김치전,1,15000
2025-08-08,22:06,오돌뼈,1,17000
2025-08-08,22:07,소주,1,5000
2025-08-08,22:08,하이볼,1,7000
2025-08-08,22:18,소주,1,5000
2025-08-08,22:18,계란찜,1,7000
2025-08-08,22:19,맥주,1,5000
2025-08-08,22:20,하이볼,1,7000
2025-08-08,22:21,소주,1,5000
2025-08-08,22:24,닭발,1,18000
2025-08-08,22:42,맥주,1,5000
2025-08-08,22:42,오돌뼈,1,17000
2025-08-08,22:53,닭발,1,18000
2025-08-08,23:08,소주,1,5000
2025-08-08,23:13,소주,1,5000
2025-08-09,18:54,닭발,1,18000
2025-08-09,19:08,오돌뼈,1,17000
2025-08-09,20:09,하이볼,1,7000
2025-08-09,20:19,소주,1,5000
2025-08-09,20:22,김치전,1,15000
2025-08-09,20:26,계란찜,1,7000
2025-08-09,20:32,계란찜,1,7000
2025-08-09,20:33,맥주,1,5000
2025-08-09,20:41,오돌뼈,1,17000
2025-08-09,20:50,오돌뼈,1,17000
2025-08-09,20:52,김치전,1,15000
2025-08-09,21:04,김치전,1,15000
2025-08-09,21:06,하이볼,1,7000
2025-08-09,21:23,소주,1,5000
2025-08-09,21:25,소주,1,5000
2025-08-09,21:25,하이볼,1,7000
2025-08-09,21:30,맥주,1,5000
2025-08-09,21:36,소주,1,5000
2025-08-09,21:36,맥주,1,5000
2025-08-09,21:37,오돌뼈,1,17000
2025-08-09,21:41,오돌뼈,1,17000
2025-08-09,21:43,오돌뼈,1,17000
2025-08-09,21:55,소주,1,5000
2025-08-09,21:57,맥주,1,5000
2025-08-09,21:59,맥주,1,5000
2025-08-09,22:02,계란찜,1,7000
2025-08-09,22:05,닭발,1,18000
2025-08-09,22:13,소주,1,5000
2025-08-09,22:21,맥주,1,5000
2025-08-09,22:22,오돌뼈,1,17000
2025-08-09,22:33,맥주,1,5000
2025-08-09,22:54,계란찜,1,7000
2025-08-09,23:06,맥주,1,5000
2025-08-09,23:11,계란찜,1,7000
2025-08-09,23:14,계란찜,1,7000
2025-08-09,23:42,김치전,1,15000
2025-08-09,23:50,소주,1,5000
2025-08-09,23:50,닭발,1,18000
2025-08-10,19:19,김치전,1,15000
2025-08-10,19:30,계란찜,1,7000
2025-08-10,19:37,김치전,1,15000
2025-08-10,20:10,소주,1,5000
2025-08-10,20:17,닭발,1,18000
2025-08-10,20:29,하이볼,1,7000
2025-08-10,20:51,소주,1,5000
2025-08-10,21:02,하이볼,1,7000
2025-08-10,21:34,하이볼,1,7000
2025-08-10,21:36,하이볼,1,7000
2025-08-10,21:49,맥주,1,5000
2025-08-10,21:51,계란찜,1,7000
2025-08-10,22:05,김치전,1,15000
2025-08-10,22:38,닭발,1,18000
2025-08-10,23:11,소주,1,5000
2025-08-10,23:31,하이볼,1,7000
2025-08-11,19:34,닭발,1,18000
2025-08-11,19:53,소주,1,5000
2025-08-11,19:57,계란찜,1,7000
2025-08-11,20:10,닭발,1,18000
2025-08-11,20:24,하이볼,1,7000
2025-08-11,20:35,소주,1,5000
2025-08-11,20:39,오돌뼈,1,17000
2025-08-11,20:47,닭발,1,18000
2025-08-11,20:57,맥주,1,5000
2025-08-11,20:57,계란찜,1,7000
2025-08-11,20:59,하이볼,1,7000
2025-08-11,21:13,맥주,1,5000
2025-08-11,21:19,소주,1,5000
2025-08-11,21:24,맥주,1,5000
2025-08-11,21:32,김치전,1,15000
2025-08-11,21:53,소주,1,5000
2025-08-11,22:48,맥주,1,5000
2025-08-12,19:30,닭발,1,18000
2025-08-12,20:12,오돌뼈,1,17000
2025-08-12,20:25,닭발,1,18000
2025-08-12,20:27,오돌뼈,1,17000
2025-08-12,20:31,오돌뼈,1,17000
2025-08-12,20:41,맥주,1,5000
2025-08-12,20:49,소주,1,5000
2025-08-12,20:50,소주,1,5000
2025-08-12,20:58,하이볼,1,7000
2025-08-12,21:04,맥주,1,5000
2025-08-12,21:08,오돌뼈,1,17000
2025-08-12,21:09,하이볼,1,7000
2025-08-12,21:22,맥주,1,5000
2025-08-12,21:36,소주,1,5000
2025-08-12,21:36,계란찜,1,7000
2025-08-12,21:37,계란찜,1,7000
2025-08-12,21:38,맥주,1,5000
2025-08-12,21:40,소주,1,5000
2025-08-12,21:44,오돌뼈,1,17000
2025-08-12,21:50,하이볼,1,7000
2025-08-12,21:54,소주,1,5000
2025-08-12,21:56,소주,1,5000
2025-08-12,22:04,소주,1,5000
2025-08-12,22:39,소주,1,5000
2025-08-12,22:49,맥주,1,5000
2025-08-13,18:58,소주,1,5000
2025-08-13,19:55,맥주,1,5000
2025-08-13,20:03,닭발,1,18000
2025-08-13,20:38,김치전,1,15000
2025-08-13,21:17,닭발,1,18000
2025-08-13,21:18,맥주,1,5000
2025-08-13,21:22,맥주,1,5000
2025-08-13,21:24,맥주,1,5000
2025-08-13,21:25,맥주,1,5000
2025-08-13,21:25,맥주,1,5000
2025-08-13,21:26,맥주,1,5000
2025-08-13,21:46,소주,1,5000
2025-08-13,21:52,계란찜,1,7000
2025-08-13,21:57,김치전,1,15000
2025-08-13,22:11,소주,1,5000
2025-08-13,22:20,닭발,1,18000
2025-08-13,22:30,김치전,1,15000
2025-08-13,22:32,소주,1,5000
2025-08-13,22:36,소주,1,5000
2025-08-13,22:36,소주,1,5000
2025-08-13,22:57,하이볼,1,7000
2025-08-13,23:13,김치전,1,15000
2025-08-13,23:17,소주,1,5000
2025-08-14,19:05,계란찜,1,7000
2025-08-14,19:19,닭발,1,18000
2025-08-14,19:31,소주,1,5000
2025-08-14,19:53,하이볼,1,7000
2025-08-14,19:55,맥주,1,5000
2025-08-14,20:13,하이볼,1,7000
2025-08-14,20:14,닭발,1,18000
2025-08-14,20:28,맥주,1,5000
2025-08-14,20:31,소주,1,5000
2025-08-14,20:31,닭발,1,18000
2025-08-14,21:03,맥주,1,5000
2025-08-14,21:06,계란찜,1,7000
2025-08-14,21:08,오돌뼈,1,17000
2025-08-14,21:15,김치전,1,15000
2025-08-14,21:29,하이볼,1,7000
2025-08-14,21:30,맥주,1,5000
2025-08-14,21:33,계란찜,1,7000
2025-08-14,21:39,맥주,1,5000
2025-08-14,21:43,하이볼,1,7000
2025-08-14,21:47,소주,1,5000
2025-08-14,21:50,김치전,1,15000
2025-08-14,21:54,하이볼,1,7000
2025-08-14,21:57,맥주,1,5000
2025-08-14,22:00,계란찜,1,7000
2025-08-14,22:03,소주,1,5000
2025-08-14,22:04,오돌뼈,1,17000
2025-08-14,22:12,소주,1,5000
2025-08-14,22:16,소주,1,5000
2025-08-14,22:25,맥주,1,5000
2025-08-14,22:25,계란찜,1,7000
2025-08-14,22:33,맥주,1,5000
2025-08-14,23:08,닭발,1,18000
2025-08-14,23:50,닭발,1,18000
2025-08-15,19:26,계란찜,1,7000
2025-08-15,19:30,하이볼,1,7000
2025-08-15,19:44,닭발,1,18000
2025-08-15,20:02,소주,1,5000
2025-08-15,20:14,하이볼,1,7000
2025-08-15,20:18,맥주,1,5000
2025-08-15,20:20,오돌뼈,1,17000
2025-08-15,20:22,소주,1,5000
2025-08-15,20:22,소주,1,5000
2025-08-15,20:34,맥주,1,5000
2025-08-15,20:36,계란찜,1,7000
2025-08-15,20:39,오돌뼈,1,17000
2025-08-15,20:49,김치전,1,15000
2025-08-15,20:56,소주,1,5000
2025-08-15,21:05,오돌뼈,1,17000
2025-08-15,21:12,닭발,1,18000
2025-08-15,21:30,소주,1,5000
2025-08-15,21:31,소주,1,5000
2025-08-15,21:31,닭발,1,18000
2025-08-15,21:36,맥주,1,5000
2025-08-15,21:36,맥주,1,5000
2025-08-15,21:39,계란찜,1,7000
2025-08-15,21:55,김치전,1,15000
2025-08-15,22:00,김치전,1,15000
2025-08-15,22:14,계란찜,1,7000
2025-08-15,22:15,오돌뼈,1,17000
2025-08-15,22:16,닭발,1,18000
2025-08-15,22:18,닭발,1,18000
2025-08-15,22:20,소주,1,5000
2025-08-15,22:24,오돌뼈,1,17000
2025-08-15,22:33,닭발,1,18000
2025-08-15,22:35,김치전,1,15000
2025-08-15,22:38,맥주,1,5000
2025-08-15,23:05,소주,1,5000
2025-08-15,23:07,맥주,1,5000
2025-08-16,19:40,맥주,1,5000
2025-08-16,19:44,오돌뼈,1,17000
2025-08-16,19:57,소주,1,5000
2025-08-16,20:04,오돌뼈,1,17000
2025-08-16,20:10,맥주,1,5000
2025-08-16,20:14,오돌뼈,1,17000
2025-08-16,20:20,김치전,1,15000
2025-08-16,20:22,맥주,1,5000
2025-08-16,20:40,닭발,1,18000
2025-08-16,20:47,소주,1,5000
2025-08-16,20:56,닭발,1,18000
2025-08-16,21:07,소주,1,5000
2025-08-16,21:08,맥주,1,5000
2025-08-16,21:08,닭발,1,18000
2025-08-16,21:10,오돌뼈,1,17000
2025-08-16,21:16,소주,1,5000
2025-08-16,21:25,닭발,1,18000
2025-08-16,21:28,맥주,1,5000
2025-08-16,21:39,오돌뼈,1,17000
2025-08-16,21:42,소주,1,5000
2025-08-16,21:47,김치전,1,15000
2025-08-16,21:48,하이볼,1,7000
2025-08-16,22:02,맥주,1,5000
2025-08-16,22:09,소주,1,5000
2025-08-16,22:09,하이볼,1,7000
2025-08-16,22:15,오돌뼈,1,17000
2025-08-16,22:21,계란찜,1,7000
2025-08-16,22:27,맥주,1,5000
2025-08-16,22:29,소주,1,5000
2025-08-16,22:31,맥주,1,5000
2025-08-16,22:37,맥주,1,5000
2025-08-16,22:41,소주,1,5000
2025-08-16,22:41,김치전,1,15000
2025-08-16,22:44,소주,1,5000
2025-08-16,22:59,소주,1,5000
2025-08-16,23:02,하이볼,1,7000
2025-08-16,23:15,소주,1,5000
2025-08-16,23:16,소주,1,5000
2025-08-16,23:50,하이볼,1,7000
2025-08-17,19:37,소주,1,5000
2025-08-17,19:59,하이볼,1,7000
2025-08-17,20:19,하이볼,1,7000
2025-08-17,20:55,소주,1,5000
2025-08-17,21:00,소주,1,5000
2025-08-17,21:22,김치전,1,15000
2025-08-17,21:24,맥주,1,5000
2025-08-17,21:33,맥주,1,5000
2025-08-17,21:34,닭발,1,18000
2025-08-17,22:03,맥주,1,5000
2025-08-17,22:22,맥주,1,5000
2025-08-17,22:46,소주,1,5000
2025-08-17,23:06,하이볼,1,7000
2025-08-17,23:37,맥주,1,5000
2025-08-18,19:23,오돌뼈,1,17000
2025-08-18,19:57,맥주,1,5000
2025-08-18,19:59,소주,1,5000
2025-08-18,20:22,소주,1,5000
2025-08-18,20:29,계란찜,1,7000
2025-08-18,20:38,오돌뼈,1,17000
2025-08-18,20:39,계란찜,1,7000
2025-08-18,20:42,닭발,1,18000
2025-08-18,20:50,맥주,1,5000
2025-08-18,20:52,오돌뼈,1,17000
2025-08-18,21:11,맥주,1,5000
2025-08-18,21:23,계란찜,1,7000
2025-08-18,21:36,소주,1,5000
2025-08-18,22:08,소주,1,5000
2025-08-18,22:11,오돌뼈,1,17000
2025-08-18,22:25,소주,1,5000
2025-08-18,23:01,맥주,1,5000
2025-08-19,19:51,맥주,1,5000
2025-08-19,19:52,소주,1,5000
2025-08-19,20:03,김치전,1,15000
2025-08-19,20:13,하이볼,1,7000
2025-08-19,20:18,닭발,1,18000
2025-08-19,20:35,오돌뼈,1,17000
2025-08-19,20:36,하이볼,1,7000
2025-08-19,20:54,오돌뼈,1,17000
2025-08-19,21:13,맥주,1,5000
2025-08-19,21:17,김치전,1,15000
2025-08-19,21:21,소주,1,5000
2025-08-19,21:23,소주,1,5000
2025-08-19,21:27,닭발,1,18000
2025-08-19,21:35,맥주,1,5000
2025-08-19,21:42,소주,1,5000
2025-08-19,21:50,하이볼,1,7000
2025-08-19,21:58,김치전,1,15000
2025-08-19,22:12,오돌뼈,1,17000
2025-08-19,22:19,소주,1,5000
2025-08-19,22:21,계란찜,1,7000
2025-08-19,22:26,소주,1,5000
2025-08-19,22:57,하이볼,1,7000
2025-08-19,23:12,맥주,1,5000
2025-08-20,19:17,하이볼,1,7000
2025-08-20,20:17,계란찜,1,7000
2025-08-20,20:27,닭발,1,18000
2025-08-20,20:30,소주,1,5000
2025-08-20,20:35,맥주,1,5000
2025-08-20,20:47,소주,1,5000
2025-08-20,21:03,소주,1,5000
2025-08-20,21:07,하이볼,1,7000
2025-08-20,21:10,닭발,1,18000
2025-08-20,21:30,소주,1,5000
2025-08-20,21:31,김치전,1,15000
2025-08-20,21:32,소주,1,5000
2025-08-20,21:33,소주,1,5000
2025-08-20,21:34,소주,1,5000
2025-08-20,22:12,맥주,1,5000
2025-08-20,22:19,하이볼,1,7000
2025-08-20,22:41,김치전,1,15000
2025-08-20,22:45,맥주,1,5000
2025-08-20,22:46,맥주,1,5000
2025-08-20,22:52,닭발,1,18000
2025-08-20,23:47,계란찜,1,7000
2025-08-21,20:05,계란찜,1,7000
2025-08-21,20:09,하이볼,1,7000
2025-08-21,20:11,닭발,1,18000
2025-08-21,20:13,하이볼,1,7000
2025-08-21,20:35,오돌뼈,1,17000
2025-08-21,20:46,오돌뼈,1,17000
2025-08-21,21:03,맥주,1,5000
2025-08-21,21:10,소주,1,5000
2025-08-21,21:12,맥주,1,5000
2025-08-21,21:24,닭발,1,18000
2025-08-21,21:27,맥주,1,5000
2025-08-21,21:33,닭발,1,18000
2025-08-21,21:35,맥주,1,5000
2025-08-21,21:39,맥주,1,5000
2025-08-21,21:39,하이볼,1,7000
2025-08-21,21:42,닭발,1,18000
2025-08-21,21:47,오돌뼈,1,17000
2025-08-21,21:59,하이볼,1,7000
2025-08-21,22:06,맥주,1,5000
2025-08-21,22:11,계란찜,1,7000
2025-08-21,22:14,맥주,1,5000
2025-08-21,22:20,김치전,1,15000
2025-08-21,22:30,오돌뼈,1,17000
2025-08-21,22:33,계란찜,1,7000
2025-08-21,22:34,소주,1,5000
2025-08-21,22:35,맥주,1,5000
2025-08-21,22:45,소주,1,5000
2025-08-21,22:46,하이볼,1,7000
2025-08-21,23:18,닭발,1,18000
2025-08-21,23:34,소주,1,5000
2025-08-22,19:19,맥주,1,5000
2025-08-22,19:59,소주,1,5000
2025-08-22,20:10,계란찜,1,7000
2025-08-22,20:11,소주,1,5000
2025-08-22,20:16,오돌뼈,1,17000
2025-08-22,20:25,소주,1,5000
2025-08-22,20:25,김치전,1,15000
2025-08-22,20:42,소주,1,5000
2025-08-22,20:46,닭발,1,18000
2025-08-22,20:47,소주,1,5000
2025-08-22,20:48,소주,1,5000
2025-08-22,20:48,맥주,1,5000
2025-08-22,20:52,김치전,1,15000
2025-08-22,20:56,하이볼,1,7000
2025-08-22,21:03,소주,1,5000
2025-08-22,21:06,맥주,1,5000
2025-08-22,21:10,계란찜,1,7000
2025-08-22,21:13,하이볼,1,7000
2025-08-22,21:20,하이볼,1,7000
2025-08-22,21:25,소주,1,5000
2025-08-22,21:35,오돌뼈,1,17000
2025-08-22,21:41,소주,1,5000
2025-08-22,22:01,맥주,1,5000
2025-08-22,22:13,소주,1,5000
2025-08-22,22:16,맥주,1,5000
2025-08-22,22:19,닭발,1,18000
2025-08-22,22:20,맥주,1,5000
2025-08-22,22:28,소주,1,5000
2025-08-22,22:28,소주,1,5000
2025-08-22,22:43,계란찜,1,7000
2025-08-22,22:52,계란찜,1,7000
2025-08-22,23:13,하이볼,1,7000
2025-08-22,23:22,하이볼,1,7000
2025-08-22,23:49,맥주,1,5000
2025-08-23,19:37,닭발,1,18000
2025-08-23,19:41,김치전,1,15000
2025-08-23,20:01,하이볼,1,7000
2025-08-23,20:02,닭발,1,18000
2025-08-23,20:04,김치전,1,15000
2025-08-23,20:17,맥주,1,5000
2025-08-23,20:21,소주,1,5000
2025-08-23,20:36,오돌뼈,1,17000
2025-08-23,20:43,소주,1,5000
2025-08-23,20:49,김치전,1,15000
2025-08-23,20:54,맥주,1,5000
2025-08-23,20:55,소주,1,5000
2025-08-23,21:01,하이볼,1,7000
2025-08-23,21:14,닭발,1,18000
2025-08-23,21:20,오돌뼈,1,17000
2025-08-23,21:24,소주,1,5000
2025-08-23,21:26,소주,1,5000
2025-08-23,21:28,오돌뼈,1,17000
2025-08-23,21:28,오돌뼈,1,17000
2025-08-23,21:37,소주,1,5000
2025-08-23,21:39,맥주,1,5000
2025-08-23,21:39,닭발,1,18000
2025-08-23,21:45,소주,1,5000
2025-08-23,21:54,소주,1,5000
2025-08-23,21:55,김치전,1,15000
2025-08-23,21:59,오돌뼈,1,17000
2025-08-23,22:09,계란찜,1,7000
2025-08-23,22:10,하이볼,1,7000
2025-08-23,22:10,하이볼,1,7000
2025-08-23,22:10,김치전,1,15000
2025-08-23,22:10,계란찜,1,7000
2025-08-23,22:11,김치전,1,15000
2025-08-23,22:17,계란찜,1,7000
2025-08-23,22:27,맥주,1,5000
2025-08-23,22:34,맥주,1,5000
2025-08-23,22:35,오돌뼈,1,17000
2025-08-23,22:45,소주,1,5000
2025-08-23,22:49,오돌뼈,1,17000
2025-08-23,23:06,하이볼,1,7000
2025-08-23,23:09,계란찜,1,7000
2025-08-23,23:14,소주,1,5000
2025-08-23,23:44,맥주,1,5000
2025-08-23,23:50,하이볼,1,7000
2025-08-24,19:19,맥주,1,5000
2025-08-24,20:14,김치전,1,15000
2025-08-24,20:15,맥주,1,5000
2025-08-24,20:43,하이볼,1,7000
2025-08-24,20:51,맥주,1,5000
2025-08-24,21:00,맥주,1,5000
2025-08-24,21:32,소주,1,5000
2025-08-24,21:35,소주,1,5000
2025-08-24,21:37,맥주,1,5000
2025-08-24,21:47,닭발,1,18000
2025-08-24,21:50,오돌뼈,1,17000
2025-08-24,21:55,맥주,1,5000
2025-08-24,22:14,닭발,1,18000
2025-08-24,22:55,닭발,1,18000
2025-08-24,22:56,닭발,1,18000
2025-08-24,23:19,맥주,1,5000
2025-08-24,23:43,하이볼,1,7000
2025-08-24,23:45,맥주,1,5000
2025-08-25,19:19,소주,1,5000
2025-08-25,19:53,맥주,1,5000
2025-08-25,19:56,하이볼,1,7000
2025-08-25,20:04,계란찜,1,7000
2025-08-25,20:11,소주,1,5000
2025-08-25,20:12,닭발,1,18000
2025-08-25,20:30,소주,1,5000
2025-08-25,21:13,닭발,1,18000
2025-08-25,21:19,맥주,1,5000
2025-08-25,21:23,오돌뼈,1,17000
2025-08-25,21:30,하이볼,1,7000
2025-08-25,21:32,닭발,1,18000
2025-08-25,21:34,맥주,1,5000
2025-08-25,21:43,김치전,1,15000
2025-08-25,21:51,계란찜,1,7000
2025-08-25,21:53,하이볼,1,7000
2025-08-25,22:01,하이볼,1,7000
2025-08-25,22:03,맥주,1,5000
2025-08-25,22:13,김치전,1,15000
2025-08-25,22:21,계란찜,1,7000
2025-08-25,22:41,오돌뼈,1,17000
2025-08-25,22:48,소주,1,5000
2025-08-25,23:04,계란찜,1,7000
2025-08-25,23:26,소주,1,5000
2025-08-26,19:11,김치전,1,15000
2025-08-26,19:45,소주,1,5000
2025-08-26,19:57,계란찜,1,7000
2025-08-26,19:58,오돌뼈,1,17000
2025-08-26,20:16,계란찜,1,7000
2025-08-26,20:18,소주,1,5000
2025-08-26,20:23,닭발,1,18000
2025-08-26,20:39,하이볼,1,7000
2025-08-26,20:53,계란찜,1,7000
2025-08-26,21:02,닭발,1,18000
2025-08-26,21:07,김치전,1,15000
2025-08-26,21:07,계란찜,1,7000
2025-08-26,21:13,소주,1,5000
2025-08-26,21:27,닭발,1,18000
2025-08-26,21:34,김치전,1,15000
2025-08-26,21:35,김치전,1,15000
2025-08-26,21:49,계란찜,1,7000
2025-08-26,21:52,계란찜,1,7000
2025-08-26,21:53,오돌뼈,1,17000
2025-08-26,21:58,소주,1,5000
2025-08-26,22:02,소주,1,5000
2025-08-26,22:07,맥주,1,5000
2025-08-26,22:08,소주,1,5000
2025-08-26,22:08,김치전,1,15000
2025-08-26,22:11,김치전,1,15000
2025-08-26,22:17,맥주,1,5000
2025-08-26,22:40,닭발,1,18000
2025-08-26,22:41,소주,1,5000
2025-08-26,22:44,소주,1,5000
2025-08-26,23:01,김치전,1,15000
2025-08-26,23:50,하이볼,1,7000
2025-08-27,20:20,맥주,1,5000
2025-08-27,20:25,맥주,1,5000
2025-08-27,20:43,계란찜,1,7000
2025-08-27,20:45,오돌뼈,1,17000
2025-08-27,20:46,하이볼,1,7000
2025-08-27,21:15,닭발,1,18000
2025-08-27,21:42,닭발,1,18000
2025-08-27,21:46,맥주,1,5000
2025-08-27,22:00,하이볼,1,7000
2025-08-27,22:02,맥주,1,5000
2025-08-27,22:12,오돌뼈,1,17000
2025-08-27,22:16,하이볼,1,7000
2025-08-27,22:17,맥주,1,5000
2025-08-27,22:18,오돌뼈,1,17000
2025-08-27,22:21,소주,1,5000
2025-08-27,22:21,소주,1,5000
2025-08-27,22:24,소주,1,5000
2025-08-27,22:33,닭발,1,18000
2025-08-27,22:42,소주,1,5000
2025-08-27,23:03,하이볼,1,7000
2025-08-27,23:03,닭발,1,18000
2025-08-27,23:27,닭발,1,18000
2025-08-27,23:31,하이볼,1,7000
2025-08-28,19:51,김치전,1,15000
2025-08-28,19:55,맥주,1,5000
2025-08-28,20:02,맥주,1,5000
2025-08-28,20:06,소주,1,5000
2025-08-28,20:36,김치전,1,15000
2025-08-28,20:39,하이볼,1,7000
2025-08-28,20:46,맥주,1,5000
2025-08-28,21:02,오돌뼈,1,17000
2025-08-28,21:04,맥주,1,5000
2025-08-28,21:08,오돌뼈,1,17000
2025-08-28,21:12,계란찜,1,7000
2025-08-28,21:19,하이볼,1,7000
2025-08-28,21:30,김치전,1,15000
2025-08-28,21:47,김치전,1,15000
2025-08-28,21:53,김치전,1,15000
2025-08-28,21:54,오돌뼈,1,17000
2025-08-28,21:59,맥주,1,5000
2025-08-28,22:00,소주,1,5000
2025-08-28,22:03,소주,1,5000
2025-08-28,22:11,맥주,1,5000
2025-08-28,22:13,계란찜,1,7000
2025-08-28,22:24,닭발,1,18000
2025-08-28,22:49,하이볼,1,7000
2025-08-28,23:11,하이볼,1,7000
2025-08-29,19:33,소주,1,5000
2025-08-29,19:55,닭발,1,18000
2025-08-29,20:13,오돌뼈,1,17000
2025-08-29,20:15,김치전,1,15000
2025-08-29,20:36,계란찜,1,7000
2025-08-29,20:41,소주,1,5000
2025-08-29,20:41,소주,1,5000
2025-08-29,20:44,하이볼,1,7000
2025-08-29,20:52,맥주,1,5000
2025-08-29,20:57,하이볼,1,7000
2025-08-29,21:05,하이볼,1,7000
2025-08-29,21:25,김치전,1,15000
2025-08-29,21:29,소주,1,5000
2025-08-29,21:30,닭발,1,18000
2025-08-29,21:31,소주,1,5000
2025-08-29,21:38,맥주,1,5000
2025-08-29,21:38,계란찜,1,7000
2025-08-29,21:43,닭발,1,18000
2025-08-29,21:46,소주,1,5000
2025-08-29,21:48,맥주,1,5000
2025-08-29,21:51,맥주,1,5000
2025-08-29,21:51,맥주,1,5000
2025-08-29,21:52,맥주,1,5000
2025-08-29,21:55,소주,1,5000
2025-08-29,21:55,하이볼,1,7000
2025-08-29,21:55,닭발,1,18000
2025-08-29,22:01,맥주,1,5000
2025-08-29,22:02,소주,1,5000
2025-08-29,22:05,맥주,1,5000
2025-08-29,22:16,김치전,1,15000
2025-08-29,22:19,오돌뼈,1,17000
2025-08-29,22:28,하이볼,1,7000
2025-08-29,22:45,오돌뼈,1,17000
2025-08-29,23:23,소주,1,5000
2025-08-29,23:31,소주,1,5000
2025-08-29,23:50,맥주,1,5000
2025-08-30,19:21,닭발,1,18000
2025-08-30,19:24,소주,1,5000
2025-08-30,19:48,계란찜,1,7000
2025-08-30,20:07,소주,1,5000
2025-08-30,20:09,소주,1,5000
2025-08-30,20:11,하이볼,1,7000
2025-08-30,20:15,소주,1,5000
2025-08-30,20:16,김치전,1,15000
2025-08-30,20:18,오돌뼈,1,17000
2025-08-30,20:24,맥주,1,5000
2025-08-30,20:49,맥주,1,5000
2025-08-30,20:52,맥주,1,5000
2025-08-30,20:53,소주,1,5000
2025-08-30,20:53,하이볼,1,7000
2025-08-30,20:55,소주,1,5000
2025-08-30,20:55,닭발,1,18000
2025-08-30,20:57,오돌뼈,1,17000
2025-08-30,20:58,맥주,1,5000
2025-08-30,20:58,맥주,1,5000
2025-08-30,20:59,하이볼,1,7000
2025-08-30,21:00,맥주,1,5000
2025-08-30,21:17,오돌뼈,1,17000
2025-08-30,21:19,소주,1,5000
2025-08-30,21:19,오돌뼈,1,17000
2025-08-30,21:20,닭발,1,18000
2025-08-30,21:20,닭발,1,18000
2025-08-30,21:20,김치전,1,15000
2025-08-30,21:24,김치전,1,15000
2025-08-30,21:25,계란찜,1,7000
2025-08-30,21:27,하이볼,1,7000
2025-08-30,21:27,하이볼,1,7000
2025-08-30,21:30,하이볼,1,7000
2025-08-30,21:41,소주,1,5000
2025-08-30,21:41,소주,1,5000
2025-08-30,21:42,하이볼,1,7000
2025-08-30,21:44,맥주,1,5000
2025-08-30,21:48,닭발,1,18000
2025-08-30,21:52,오돌뼈,1,17000
2025-08-30,21:55,소주,1,5000
2025-08-30,21:57,소주,1,5000
2025-08-30,22:04,맥주,1,5000
2025-08-30,22:04,오돌뼈,1,17000
2025-08-30,22:11,오돌뼈,1,17000
2025-08-30,22:12,소주,1,5000
2025-08-30,22:12,맥주,1,5000
2025-08-30,22:15,하이볼,1,7000
2025-08-30,22:30,계란찜,1,7000
2025-08-30,22:35,닭발,1,18000
2025-08-30,22:48,맥주,1,5000
2025-08-30,22:51,김치전,1,15000
2025-08-30,23:04,맥주,1,5000
2025-08-30,23:06,닭발,1,18000
2025-08-30,23:45,닭발,1,18000
2025-08-31,19:26,김치전,1,15000
2025-08-31,19:41,김치전,1,15000
2025-08-31,20:15,오돌뼈,1,17000
2025-08-31,20:17,소주,1,5000
2025-08-31,20:29,닭발,1,18000
2025-08-31,20:45,맥주,1,5000
2025-08-31,20:51,소주,1,5000
2025-08-31,21:01,오돌뼈,1,17000
2025-08-31,21:04,맥주,1,5000
2025-08-31,21:09,김치전,1,15000
2025-08-31,21:31,소주,1,5000
2025-08-31,21:52,오돌뼈,1,17000
2025-08-31,22:06,맥주,1,5000
2025-08-31,22:08,닭발,1,18000
2025-08-31,22:23,소주,1,5000
2025-08-31,22:25,닭발,1,18000
2025-08-31,22:33,하이볼,1,7000
2025-08-31,23:17,계란찜,1,7000
2025-09-01,19:14,김치전,1,15000
2025-09-01,19:22,소주,1,5000
2025-09-01,19:39,맥주,1,5000
2025-09-01,19:48,계란찜,1,7000
2025-09-01,19:52,맥주,1,5000
2025-09-01,19:53,맥주,1,5000
2025-09-01,19:53,오돌뼈,1,17000
2025-09-01,20:06,소주,1,5000
2025-09-01,20:07,닭발,1,18000
2025-09-01,20:11,닭발,1,18000
2025-09-01,20:14,소주,1,5000
2025-09-01,20:24,소주,1,5000
2025-09-01,20:24,맥주,1,5000
2025-09-01,20:28,오돌뼈,1,17000
2025-09-01,20:29,오돌뼈,1,17000
2025-09-01,20:30,하이볼,1,7000
2025-09-01,20:35,오돌뼈,1,17000
2025-09-01,20:36,소주,1,5000
2025-09-01,20:38,맥주,1,5000
2025-09-01,20:43,맥주,1,5000
2025-09-01,20:44,닭발,1,18000
2025-09-01,20:47,소주,1,5000
2025-09-01,20:50,김치전,1,15000
2025-09-01,20:57,계란찜,1,7000
2025-09-01,20:59,맥주,1,5000
2025-09-01,20:59,김치전,1,15000
2025-09-01,20:59,김치전,1,15000
2025-09-01,20:59,김치전,1,15000
2025-09-01,21:02,오돌뼈,1,17000
2025-09-01,21:07,맥주,1,5000
2025-09-01,21:09,오돌뼈,1,17000
2025-09-01,21:10,맥주,1,5000
2025-09-01,21:15,소주,1,5000
2025-09-01,21:17,하이볼,1,7000
2025-09-01,21:24,계란찜,1,7000
2025-09-01,21:27,하이볼,1,7000
2025-09-01,21:29,맥주,1,5000
2025-09-01,21:30,소주,1,5000
2025-09-01,21:33,오돌뼈,1,17000
2025-09-01,21:34,소주,1,5000
2025-09-01,21:34,소주,1,5000
2025-09-01,21:34,맥주,1,5000
2025-09-01,21:44,맥주,1,5000
2025-09-01,21:45,김치전,1,15000
2025-09-01,21:46,소주,1,5000
2025-09-01,21:48,소주,1,5000
2025-09-01,21:48,오돌뼈,1,17000
2025-09-01,21:52,하이볼,1,7000
2025-09-01,21:54,소주,1,5000
2025-09-01,21:55,닭발,1,18000
2025-09-01,21:56,김치전,1,15000
2025-09-01,21:58,맥주,1,5000
2025-09-01,22:00,하이볼,1,7000
2025-09-01,22:00,하이볼,1,7000
2025-09-01,22:00,김치전,1,15000
2025-09-01,22:01,소주,1,5000
2025-09-01,22:01,닭발,1,18000
2025-09-01,22:11,하이볼,1,7000
2025-09-01,22:12,맥주,1,5000
2025-09-01,22:14,맥주,1,5000
2025-09-01,22:15,맥주,1,5000
2025-09-01,22:17,소주,1,5000
2025-09-01,22:21,계란찜,1,7000
2025-09-01,22:22,하이볼,1,7000
2025-09-01,22:22,계란찜,1,7000
2025-09-01,22:24,김치전,1,15000
2025-09-01,22:26,소주,1,5000
2025-09-01,22:35,소주,1,5000
2025-09-01,22:51,닭발,1,18000
2025-09-01,22:55,계란찜,1,7000
2025-09-01,22:56,맥주,1,5000
2025-09-01,22:58,닭발,1,18000
2025-09-01,23:00,하이볼,1,7000
2025-09-01,23:02,닭발,1,18000
2025-09-01,23:04,오돌뼈,1,17000
2025-09-01,23:05,소주,1,5000
2025-09-01,23:15,맥주,1,5000
2025-09-01,23:27,소주,1,5000
2025-09-01,23:45,닭발,1,18000
2025-09-02,18:47,오돌뼈,1,17000
2025-09-02,19:10,닭발,1,18000
2025-09-02,19:30,닭발,1,18000
2025-09-02,19:41,소주,1,5000
2025-09-02,19:55,하이볼,1,7000
2025-09-02,19:56,소주,1,5000
2025-09-02,20:02,맥주,1,5000
2025-09-02,20:08,맥주,1,5000
2025-09-02,20:17,소주,1,5000
2025-09-02,20:18,계란찜,1,7000
2025-09-02,20:19,소주,1,5000
2025-09-02,20:19,소주,1,5000
2025-09-02,20:25,맥주,1,5000
2025-09-02,20:25,오돌뼈,1,17000
2025-09-02,20:29,맥주,1,5000
2025-09-02,20:33,닭발,1,18000
2025-09-02,20:39,맥주,1,5000
2025-09-02,20:40,김치전,1,15000
2025-09-02,20:40,계란찜,1,7000
2025-09-02,20:43,소주,1,5000
2025-09-02,20:45,닭발,1,18000
2025-09-02,20:45,김치전,1,15000
2025-09-02,20:48,맥주,1,5000
2025-09-02,20:48,오돌뼈,1,17000
2025-09-02,20:49,닭발,1,18000
2025-09-02,20:52,맥주,1,5000
2025-09-02,20:53,닭발,1,18000
2025-09-02,20:57,맥주,1,5000
2025-09-02,20:58,오돌뼈,1,17000
2025-09-02,20:58,오돌뼈,1,17000
2025-09-02,21:00,소주,1,5000
2025-09-02,21:06,닭발,1,18000
2025-09-02,21:11,맥주,1,5000
2025-09-02,21:11,하이볼,1,7000
2025-09-02,21:13,소주,1,5000
2025-09-02,21:13,맥주,1,5000
2025-09-02,21:13,오돌뼈,1,17000
2025-09-02,21:16,소주,1,5000
2025-09-02,21:17,김치전,1,15000
2025-09-02,21:19,닭발,1,18000
2025-09-02,21:20,계란찜,1,7000
2025-09-02,21:22,맥주,1,5000
2025-09-02,21:31,소주,1,5000
2025-09-02,21:31,김치전,1,15000
2025-09-02,21:33,소주,1,5000
2025-09-02,21:37,김치전,1,15000
2025-09-02,21:39,김치전,1,15000
2025-09-02,21:45,소주,1,5000
2025-09-02,21:46,맥주,1,5000
2025-09-02,21:46,맥주,1,5000
2025-09-02,21:50,소주,1,5000
2025-09-02,21:51,맥주,1,5000
2025-09-02,21:51,계란찜,1,7000
2025-09-02,21:52,소주,1,5000
2025-09-02,21:53,소주,1,5000
2025-09-02,21:53,닭발,1,18000
2025-09-02,21:54,소주,1,5000
2025-09-02,22:00,닭발,1,18000
2025-09-02,22:02,닭발,1,18000
2025-09-02,22:02,오돌뼈,1,17000
2025-09-02,22:04,계란찜,1,7000
2025-09-02,22:06,닭발,1,18000
2025-09-02,22:10,맥주,1,5000
2025-09-02,22:10,김치전,1,15000
2025-09-02,22:11,하이볼,1,7000
2025-09-02,22:12,맥주,1,5000
2025-09-02,22:13,닭발,1,18000
2025-09-02,22:13,닭발,1,18000
2025-09-02,22:13,계란찜,1,7000
2025-09-02,22:14,하이볼,1,7000
2025-09-02,22:15,계란찜,1,7000
2025-09-02,22:16,소주,1,5000
2025-09-02,22:16,맥주,1,5000
2025-09-02,22:17,맥주,1,5000
2025-09-02,22:19,하이볼,1,7000
2025-09-02,22:25,소주,1,5000
2025-09-02,22:29,하이볼,1,7000
2025-09-02,22:29,김치전,1,15000
2025-09-02,22:32,소주,1,5000
2025-09-02,22:32,맥주,1,5000
2025-09-02,22:33,맥주,1,5000
2025-09-02,22:35,맥주,1,5000
2025-09-02,22:36,맥주,1,5000
2025-09-02,22:37,김치전,1,15000
2025-09-02,22:39,소주,1,5000
2025-09-02,22:42,하이볼,1,7000
2025-09-02,22:44,하이볼,1,7000
2025-09-02,22:44,오돌뼈,1,17000
2025-09-02,22:53,오돌뼈,1,17000
2025-09-02,22:55,김치전,1,15000
2025-09-02,22:56,닭발,1,18000
2025-09-02,22:58,맥주,1,5000
2025-09-02,23:02,계란찜,1,7000
2025-09-02,23:05,하이볼,1,7000
2025-09-02,23:05,오돌뼈,1,17000
2025-09-02,23:16,소주,1,5000
2025-09-02,23:16,계란찜,1,7000
2025-09-02,23:17,소주,1,5000
2025-09-02,23:31,소주,1,5000
2025-09-02,23:44,소주,1,5000
2025-09-02,23:50,소주,1,5000
2025-09-02,23:50,하이볼,1,7000
2025-09-03,19:14,오돌뼈,1,17000
2025-09-03,19:18,닭발,1,18000
2025-09-03,19:21,오돌뼈,1,17000
2025-09-03,19:24,소주,1,5000
2025-09-03,19:25,맥주,1,5000
2025-09-03,19:30,맥주,1,5000
2025-09-03,19:31,소주,1,5000
2025-09-03,19:33,닭발,1,18000
2025-09-03,19:34,김치전,1,15000
2025-09-03,19:35,소주,1,5000
2025-09-03,19:38,맥주,1,5000
2025-09-03,19:42,맥주,1,5000
2025-09-03,19:44,계란찜,1,7000
2025-09-03,19:46,소주,1,5000
2025-09-03,19:56,소주,1,5000
2025-09-03,20:00,김치전,1,15000
2025-09-03,20:01,소주,1,5000
2025-09-03,20:01,소주,1,5000
2025-09-03,20:05,맥주,1,5000
2025-09-03,20:07,오돌뼈,1,17000
2025-09-03,20:08,닭발,1,18000
2025-09-03,20:10,맥주,1,5000
2025-09-03,20:11,소주,1,5000
2025-09-03,20:15,닭발,1,18000
2025-09-03,20:17,소주,1,5000
2025-09-03,20:22,닭발,1,18000
2025-09-03,20:22,닭발,1,18000
2025-09-03,20:24,소주,1,5000
2025-09-03,20:24,맥주,1,5000
2025-09-03,20:25,맥주,1,5000
2025-09-03,20:26,계란찜,1,7000
2025-09-03,20:27,하이볼,1,7000
2025-09-03,20:28,맥주,1,5000
2025-09-03,20:30,김치전,1,15000
2025-09-03,20:37,계란찜,1,7000
2025-09-03,20:39,소주,1,5000
2025-09-03,20:39,맥주,1,5000
2025-09-03,20:39,하이볼,1,7000
2025-09-03,20:43,닭발,1,18000
2025-09-03,20:44,소주,1,5000
2025-09-03,20:44,계란찜,1,7000
2025-09-03,20:45,맥주,1,5000
2025-09-03,20:46,닭발,1,18000
2025-09-03,20:47,소주,1,5000
2025-09-03,20:50,오돌뼈,1,17000
2025-09-03,20:51,닭발,1,18000
2025-09-03,20:54,소주,1,5000
2025-09-03,20:55,맥주,1,5000
2025-09-03,20:55,오돌뼈,1,17000
2025-09-03,20:56,맥주,1,5000
2025-09-03,20:58,맥주,1,5000
2025-09-03,20:59,오돌뼈,1,17000
2025-09-03,21:01,맥주,1,5000
2025-09-03,21:03,닭발,1,18000
2025-09-03,21:04,소주,1,5000
2025-09-03,21:07,소주,1,5000
2025-09-03,21:09,하이볼,1,7000
2025-09-03,21:11,맥주,1,5000
2025-09-03,21:14,계란찜,1,7000
2025-09-03,21:16,오돌뼈,1,17000
2025-09-03,21:17,소주,1,5000
2025-09-03,21:18,소주,1,5000
2025-09-03,21:18,소주,1,5000
2025-09-03,21:19,맥주,1,5000
2025-09-03,21:20,소주,1,5000
2025-09-03,21:21,오돌뼈,1,17000
2025-09-03,21:27,소주,1,5000
2025-09-03,21:29,닭발,1,18000
2025-09-03,21:31,닭발,1,18000
2025-09-03,21:32,소주,1,5000
2025-09-03,21:33,하이볼,1,7000
2025-09-03,21:33,오돌뼈,1,17000
2025-09-03,21:33,김치전,1,15000
2025-09-03,21:34,오돌뼈,1,17000
2025-09-03,21:34,김치전,1,15000
2025-09-03,21:35,닭발,1,18000
2025-09-03,21:36,맥주,1,5000
2025-09-03,21:36,닭발,1,18000
2025-09-03,21:38,닭발,1,18000
2025-09-03,21:39,김치전,1,15000
2025-09-03,21:42,맥주,1,5000
2025-09-03,21:42,하이볼,1,7000
2025-09-03,21:45,소주,1,5000
2025-09-03,21:47,하이볼,1,7000
2025-09-03,21:49,하이볼,1,7000
2025-09-03,21:50,닭발,1,18000
2025-09-03,21:51,맥주,1,5000
2025-09-03,21:52,소주,1,5000
2025-09-03,21:53,하이볼,1,7000
2025-09-03,21:54,소주,1,5000
2025-09-03,21:55,하이볼,1,7000
2025-09-03,21:55,오돌뼈,1,17000
2025-09-03,21:56,계란찜,1,7000
2025-09-03,21:57,소주,1,5000
2025-09-03,21:58,오돌뼈,1,17000
2025-09-03,21:58,김치전,1,15000
2025-09-03,22:00,소주,1,5000
2025-09-03,22:00,하이볼,1,7000
2025-09-03,22:00,하이볼,1,7000
2025-09-03,22:01,맥주,1,5000
2025-09-03,22:02,맥주,1,5000
2025-09-03,22:02,맥주,1,5000
2025-09-03,22:04,소주,1,5000
2025-09-03,22:04,소주,1,5000
2025-09-03,22:13,김치전,1,15000
2025-09-03,22:15,닭발,1,18000
2025-09-03,22:16,오돌뼈,1,17000
2025-09-03,22:17,김치전,1,15000
2025-09-03,22:21,소주,1,5000
2025-09-03,22:25,맥주,1,5000
2025-09-03,22:25,오돌뼈,1,17000
2025-09-03,22:28,김치전,1,15000
2025-09-03,22:29,하이볼,1,7000
2025-09-03,22:30,하이볼,1,7000
2025-09-03,22:32,계란찜,1,7000
2025-09-03,22:44,소주,1,5000
2025-09-03,22:46,계란찜,1,7000
2025-09-03,22:47,소주,1,5000
2025-09-03,22:50,소주,1,5000
2025-09-03,22:55,오돌뼈,1,17000
2025-09-03,22:59,닭발,1,18000
2025-09-03,23:02,소주,1,5000
2025-09-03,23:04,소주,1,5000
2025-09-03,23:04,맥주,1,5000
2025-09-03,23:06,김치전,1,15000
2025-09-03,23:07,하이볼,1,7000
2025-09-03,23:13,맥주,1,5000
2025-09-03,23:17,맥주,1,5000
2025-09-03,23:21,김치전,1,15000
2025-09-03,23:32,하이볼,1,7000
2025-09-03,23:39,맥주,1,5000
2025-09-03,23:42,맥주,1,5000
2025-09-03,23:43,계란찜,1,7000
2025-09-03,23:44,소주,1,5000
2025-09-03,23:50,오돌뼈,1,17000
2025-09-04,19:00,김치전,1,15000
2025-09-04,19:05,맥주,1,5000
2025-09-04,19:11,소주,1,5000
2025-09-04,19:14,김치전,1,15000
2025-09-04,19:17,하이볼,1,7000
2025-09-04,19:20,맥주,1,5000
2025-09-04,19:29,소주,1,5000
2025-09-04,19:33,닭발,1,18000
2025-09-04,19:36,닭발,1,18000
2025-09-04,19:39,닭발,1,18000
2025-09-04,19:44,계란찜,1,7000
2025-09-04,19:45,맥주,1,5000
2025-09-04,19:52,계란찜,1,7000
2025-09-04,19:53,소주,1,5000
2025-09-04,19:54,닭발,1,18000
2025-09-04,19:58,오돌뼈,1,17000
2025-09-04,20:00,소주,1,5000
2025-09-04,20:02,소주,1,5000
2025-09-04,20:02,하이볼,1,7000
2025-09-04,20:06,맥주,1,5000
2025-09-04,20:07,소주,1,5000
2025-09-04,20:07,맥주,1,5000
2025-09-04,20:09,맥주,1,5000
2025-09-04,20:09,닭발,1,18000
2025-09-04,20:10,맥주,1,5000
2025-09-04,20:10,김치전,1,15000
2025-09-04,20:13,오돌뼈,1,17000
2025-09-04,20:14,맥주,1,5000
2025-09-04,20:15,소주,1,5000
2025-09-04,20:16,하이볼,1,7000
2025-09-04,20:17,오돌뼈,1,17000
2025-09-04,20:19,소주,1,5000
2025-09-04,20:20,하이볼,1,7000
2025-09-04,20:20,하이볼,1,7000
2025-09-04,20:20,계란찜,1,7000
2025-09-04,20:25,닭발,1,18000
2025-09-04,20:25,계란찜,1,7000
2025-09-04,20:27,닭발,1,18000
2025-09-04,20:32,김치전,1,15000
2025-09-04,20:33,소주,1,5000
2025-09-04,20:34,오돌뼈,1,17000
2025-09-04,20:34,계란찜,1,7000
2025-09-04,20:37,닭발,1,18000
2025-09-04,20:38,소주,1,5000
2025-09-04,20:38,소주,1,5000
2025-09-04,20:38,맥주,1,5000
2025-09-04,20:41,하이볼,1,7000
2025-09-04,20:42,계란찜,1,7000
2025-09-04,20:43,소주,1,5000
2025-09-04,20:43,하이볼,1,7000
2025-09-04,20:46,닭발,1,18000
2025-09-04,20:48,맥주,1,5000
2025-09-04,20:56,맥주,1,5000
2025-09-04,20:57,맥주,1,5000
2025-09-04,20:57,하이볼,1,7000
2025-09-04,20:58,김치전,1,15000
2025-09-04,20:59,소주,1,5000
2025-09-04,21:02,맥주,1,5000
2025-09-04,21:02,맥주,1,5000
2025-09-04,21:02,계란찜,1,7000
2025-09-04,21:06,소주,1,5000
2025-09-04,21:07,김치전,1,15000
2025-09-04,21:08,소주,1,5000
2025-09-04,21:08,닭발,1,18000
2025-09-04,21:09,소주,1,5000
2025-09-04,21:10,소주,1,5000
2025-09-04,21:11,닭발,1,18000
2025-09-04,21:11,오돌뼈,1,17000
2025-09-04,21:12,맥주,1,5000
2025-09-04,21:13,하이볼,1,7000
2025-09-04,21:14,맥주,1,5000
2025-09-04,21:15,소주,1,5000
2025-09-04,21:15,맥주,1,5000
2025-09-04,21:15,오돌뼈,1,17000
2025-09-04,21:16,소주,1,5000
2025-09-04,21:17,김치전,1,15000
2025-09-04,21:18,하이볼,1,7000
2025-09-04,21:18,계란찜,1,7000
2025-09-04,21:19,닭발,1,18000
2025-09-04,21:19,계란찜,1,7000
2025-09-04,21:20,김치전,1,15000
2025-09-04,21:22,오돌뼈,1,17000
2025-09-04,21:24,소주,1,5000
2025-09-04,21:27,맥주,1,5000
2025-09-04,21:27,하이볼,1,7000
2025-09-04,21:27,하이볼,1,7000
2025-09-04,21:28,김치전,1,15000
2025-09-04,21:29,오돌뼈,1,17000
2025-09-04,21:31,소주,1,5000
2025-09-04,21:32,소주,1,5000
2025-09-04,21:32,김치전,1,15000
2025-09-04,21:34,소주,1,5000
2025-09-04,21:34,맥주,1,5000
2025-09-04,21:34,계란찜,1,7000
2025-09-04,21:37,소주,1,5000
2025-09-04,21:37,소주,1,5000
2025-09-04,21:37,맥주,1,5000
2025-09-04,21:37,닭발,1,18000
2025-09-04,21:37,닭발,1,18000
2025-09-04,21:41,계란찜,1,7000
2025-09-04,21:44,소주,1,5000
2025-09-04,21:46,소주,1,5000
2025-09-04,21:46,닭발,1,18000
2025-09-04,21:47,하이볼,1,7000
2025-09-04,21:49,맥주,1,5000
2025-09-04,21:49,닭발,1,18000
2025-09-04,21:50,소주,1,5000
2025-09-04,21:50,맥주,1,5000
2025-09-04,21:52,닭발,1,18000
2025-09-04,21:54,김치전,1,15000
2025-09-04,21:55,맥주,1,5000
2025-09-04,21:55,하이볼,1,7000
2025-09-04,21:55,닭발,1,18000
2025-09-04,21:55,닭발,1,18000
2025-09-04,21:56,맥주,1,5000
2025-09-04,21:56,오돌뼈,1,17000
2025-09-04,21:56,계란찜,1,7000
2025-09-04,21:57,오돌뼈,1,17000
2025-09-04,21:59,소주,1,5000
2025-09-04,22:02,하이볼,1,7000
2025-09-04,22:02,오돌뼈,1,17000
2025-09-04,22:03,하이볼,1,7000
2025-09-04,22:04,오돌뼈,1,17000
2025-09-04,22:05,맥주,1,5000
2025-09-04,22:06,소주,1,5000
2025-09-04,22:09,오돌뼈,1,17000
2025-09-04,22:10,하이볼,1,7000
2025-09-04,22:12,맥주,1,5000
2025-09-04,22:12,오돌뼈,1,17000
2025-09-04,22:12,오돌뼈,1,17000
2025-09-04,22:15,계란찜,1,7000
2025-09-04,22:19,맥주,1,5000
2025-09-04,22:22,소주,1,5000
2025-09-04,22:23,오돌뼈,1,17000
2025-09-04,22:25,맥주,1,5000
2025-09-04,22:26,하이볼,1,7000
2025-09-04,22:27,오돌뼈,1,17000
2025-09-04,22:28,맥주,1,5000
2025-09-04,22:29,소주,1,5000
2025-09-04,22:33,소주,1,5000
2025-09-04,22:33,소주,1,5000
2025-09-04,22:33,맥주,1,5000
2025-09-04,22:33,닭발,1,18000
2025-09-04,22:34,하이볼,1,7000
2025-09-04,22:34,닭발,1,18000
2025-09-04,22:38,소주,1,5000
2025-09-04,22:40,소주,1,5000
2025-09-04,22:40,소주,1,5000
2025-09-04,22:41,맥주,1,5000
2025-09-04,22:41,닭발,1,18000
2025-09-04,22:47,맥주,1,5000
2025-09-04,22:50,맥주,1,5000
2025-09-04,22:50,맥주,1,5000
2025-09-04,22:52,맥주,1,5000
2025-09-04,22:53,맥주,1,5000
2025-09-04,22:56,맥주,1,5000
2025-09-04,23:01,소주,1,5000
2025-09-04,23:02,소주,1,5000
2025-09-04,23:03,소주,1,5000
2025-09-04,23:05,맥주,1,5000
2025-09-04,23:05,김치전,1,15000
2025-09-04,23:09,김치전,1,15000
2025-09-04,23:10,소주,1,5000
2025-09-04,23:13,맥주,1,5000
2025-09-04,23:18,소주,1,5000
2025-09-05,19:11,하이볼,1,7000
2025-09-05,19:23,닭발,1,18000
2025-09-05,19:24,소주,1,5000
2025-09-05,19:28,닭발,1,18000
2025-09-05,19:33,소주,1,5000
2025-09-05,19:39,닭발,1,18000
2025-09-05,19:53,오돌뼈,1,17000
2025-09-05,19:56,오돌뼈,1,17000
2025-09-05,19:56,계란찜,1,7000
2025-09-05,19:58,오돌뼈,1,17000
2025-09-05,20:00,하이볼,1,7000
2025-09-05,20:02,소주,1,5000
2025-09-05,20:03,하이볼,1,7000
2025-09-05,20:06,하이볼,1,7000
2025-09-05,20:07,맥주,1,5000
2025-09-05,20:07,하이볼,1,7000
2025-09-05,20:08,소주,1,5000
2025-09-05,20:08,소주,1,5000
2025-09-05,20:08,오돌뼈,1,17000
2025-09-05,20:10,하이볼,1,7000
2025-09-05,20:12,맥주,1,5000
2025-09-05,20:12,계란찜,1,7000
2025-09-05,20:13,맥주,1,5000
2025-09-05,20:13,맥주,1,5000
2025-09-05,20:15,오돌뼈,1,17000
2025-09-05,20:17,소주,1,5000
2025-09-05,20:20,맥주,1,5000
2025-09-05,20:22,오돌뼈,1,17000
2025-09-05,20:22,오돌뼈,1,17000
2025-09-05,20:23,계란찜,1,7000
2025-09-05,20:24,김치전,1,15000
2025-09-05,20:25,김치전,1,15000
2025-09-05,20:29,맥주,1,5000
2025-09-05,20:29,맥주,1,5000
2025-09-05,20:29,계란찜,1,7000
2025-09-05,20:30,소주,1,5000
2025-09-05,20:31,계란찜,1,7000
2025-09-05,20:32,하이볼,1,7000
2025-09-05,20:33,오돌뼈,1,17000
2025-09-05,20:34,닭발,1,18000
2025-09-05,20:35,소주,1,5000
2025-09-05,20:36,소주,1,5000
2025-09-05,20:36,하이볼,1,7000
2025-09-05,20:40,닭발,1,18000
2025-09-05,20:41,소주,1,5000
2025-09-05,20:44,닭발,1,18000
2025-09-05,20:45,김치전,1,15000
2025-09-05,20:46,김치전,1,15000
2025-09-05,20:47,닭발,1,18000
2025-09-05,20:49,닭발,1,18000
2025-09-05,20:49,김치전,1,15000
2025-09-05,20:52,맥주,1,5000
2025-09-05,20:53,하이볼,1,7000
2025-09-05,20:53,닭발,1,18000
2025-09-05,20:53,계란찜,1,7000
2025-09-05,20:56,닭발,1,18000
2025-09-05,20:59,소주,1,5000
2025-09-05,20:59,하이볼,1,7000
2025-09-05,21:02,닭발,1,18000
2025-09-05,21:03,맥주,1,5000
2025-09-05,21:03,닭발,1,18000
2025-09-05,21:06,맥주,1,5000
2025-09-05,21:06,닭발,1,18000
2025-09-05,21:07,오돌뼈,1,17000
2025-09-05,21:09,하이볼,1,7000
2025-09-05,21:10,소주,1,5000
2025-09-05,21:12,소주,1,5000
2025-09-05,21:13,맥주,1,5000
2025-09-05,21:13,계란찜,1,7000
2025-09-05,21:14,맥주,1,5000
2025-09-05,21:15,소주,1,5000
2025-09-05,21:16,하이볼,1,7000
2025-09-05,21:16,닭발,1,18000
2025-09-05,21:16,오돌뼈,1,17000
2025-09-05,21:17,하이볼,1,7000
2025-09-05,21:21,맥주,1,5000
2025-09-05,21:23,맥주,1,5000
2025-09-05,21:24,소주,1,5000
2025-09-05,21:27,맥주,1,5000
2025-09-05,21:30,소주,1,5000
2025-09-05,21:33,맥주,1,5000
2025-09-05,21:33,닭발,1,18000
2025-09-05,21:33,김치전,1,15000
2025-09-05,21:34,맥주,1,5000
2025-09-05,21:35,소주,1,5000
2025-09-05,21:38,맥주,1,5000
2025-09-05,21:39,소주,1,5000
2025-09-05,21:39,맥주,1,5000
2025-09-05,21:40,소주,1,5000
2025-09-05,21:40,닭발,1,18000
2025-09-05,21:40,김치전,1,15000
2025-09-05,21:41,맥주,1,5000
2025-09-05,21:42,소주,1,5000
2025-09-05,21:42,소주,1,5000
2025-09-05,21:42,계란찜,1,7000
2025-09-05,21:45,계란찜,1,7000
2025-09-05,21:46,맥주,1,5000
2025-09-05,21:47,하이볼,1,7000
2025-09-05,21:48,소주,1,5000
2025-09-05,21:48,김치전,1,15000
2025-09-05,21:49,맥주,1,5000
2025-09-05,21:50,소주,1,5000
2025-09-05,21:50,맥주,1,5000
2025-09-05,21:50,김치전,1,15000
2025-09-05,21:51,소주,1,5000
2025-09-05,21:51,닭발,1,18000
2025-09-05,21:51,김치전,1,15000
2025-09-05,21:52,소주,1,5000
2025-09-05,21:52,오돌뼈,1,17000
2025-09-05,21:55,닭발,1,18000
2025-09-05,21:57,소주,1,5000
2025-09-05,22:00,닭발,1,18000
2025-09-05,22:00,오돌뼈,1,17000
2025-09-05,22:01,하이볼,1,7000
2025-09-05,22:02,소주,1,5000
2025-09-05,22:03,소주,1,5000
2025-09-05,22:03,맥주,1,5000
2025-09-05,22:04,소주,1,5000
2025-09-05,22:04,맥주,1,5000
2025-09-05,22:05,김치전,1,15000
2025-09-05,22:06,소주,1,5000
2025-09-05,22:06,맥주,1,5000
2025-09-05,22:06,오돌뼈,1,17000
2025-09-05,22:07,소주,1,5000
2025-09-05,22:07,김치전,1,15000
2025-09-05,22:08,소주,1,5000
2025-09-05,22:08,맥주,1,5000
2025-09-05,22:08,하이볼,1,7000
2025-09-05,22:08,오돌뼈,1,17000
2025-09-05,22:09,맥주,1,5000
2025-09-05,22:10,소주,1,5000
2025-09-05,22:10,오돌뼈,1,17000
2025-09-05,22:10,김치전,1,15000
2025-09-05,22:11,맥주,1,5000
2025-09-05,22:12,소주,1,5000
2025-09-05,22:12,닭발,1,18000
2025-09-05,22:12,닭발,1,18000
2025-09-05,22:12,계란찜,1,7000
2025-09-05,22:13,소주,1,5000
2025-09-05,22:13,맥주,1,5000
2025-09-05,22:14,계란찜,1,7000
2025-09-05,22:15,하이볼,1,7000
2025-09-05,22:16,소주,1,5000
2025-09-05,22:16,맥주,1,5000
2025-09-05,22:17,소주,1,5000
2025-09-05,22:20,소주,1,5000
2025-09-05,22:20,맥주,1,5000
2025-09-05,22:20,김치전,1,15000
2025-09-05,22:21,소주,1,5000
2025-09-05,22:21,맥주,1,5000
2025-09-05,22:22,소주,1,5000
2025-09-05,22:22,소주,1,5000
2025-09-05,22:23,소주,1,5000
2025-09-05,22:23,맥주,1,5000
2025-09-05,22:25,맥주,1,5000
2025-09-05,22:27,오돌뼈,1,17000
2025-09-05,22:29,김치전,1,15000
2025-09-05,22:31,닭발,1,18000
2025-09-05,22:32,소주,1,5000
2025-09-05,22:32,맥주,1,5000
2025-09-05,22:32,닭발,1,18000
2025-09-05,22:34,계란찜,1,7000
2025-09-05,22:35,맥주,1,5000
2025-09-05,22:37,하이볼,1,7000
2025-09-05,22:39,닭발,1,18000
2025-09-05,22:39,닭발,1,18000
2025-09-05,22:39,닭발,1,18000
2025-09-05,22:40,계란찜,1,7000
2025-09-05,22:43,맥주,1,5000
2025-09-05,22:47,맥주,1,5000
2025-09-05,22:47,맥주,1,5000
2025-09-05,22:48,소주,1,5000
2025-09-05,22:52,계란찜,1,7000
2025-09-05,22:53,소주,1,5000
2025-09-05,23:00,김치전,1,15000
2025-09-05,23:02,계란찜,1,7000
2025-09-05,23:03,하이볼,1,7000
2025-09-05,23:04,하이볼,1,7000
2025-09-05,23:06,닭발,1,18000
2025-09-05,23:07,소주,1,5000
2025-09-05,23:07,오돌뼈,1,17000
2025-09-05,23:11,맥주,1,5000
2025-09-05,23:12,오돌뼈,1,17000
2025-09-05,23:16,하이볼,1,7000
2025-09-05,23:20,소주,1,5000
2025-09-05,23:20,닭발,1,18000
2025-09-05,23:22,오돌뼈,1,17000
2025-09-05,23:24,김치전,1,15000
2025-09-05,23:26,하이볼,1,7000
2025-09-05,23:27,김치전,1,15000
2025-09-05,23:30,오돌뼈,1,17000
2025-09-05,23:33,오돌뼈,1,17000
2025-09-05,23:34,김치전,1,15000
2025-09-05,23:50,소주,1,5000
2025-09-05,23:50,맥주,1,5000
2025-09-05,23:50,맥주,1,5000
2025-09-06,19:03,김치전,1,15000
2025-09-06,19:17,소주,1,5000
2025-09-06,19:22,소주,1,5000
2025-09-06,19:22,맥주,1,5000
2025-09-06,19:26,계란찜,1,7000
2025-09-06,19:27,소주,1,5000
2025-09-06,19:28,닭발,1,18000
2025-09-06,19:45,소주,1,5000
2025-09-06,19:50,맥주,1,5000
2025-09-06,19:52,소주,1,5000
2025-09-06,19:54,하이볼,1,7000
2025-09-06,19:56,소주,1,5000
2025-09-06,19:58,소주,1,5000
2025-09-06,19:59,맥주,1,5000
2025-09-06,19:59,닭발,1,18000
2025-09-06,20:04,하이볼,1,7000
2025-09-06,20:06,소주,1,5000
2025-09-06,20:07,하이볼,1,7000
2025-09-06,20:08,맥주,1,5000
2025-09-06,20:10,김치전,1,15000
2025-09-06,20:12,계란찜,1,7000
2025-09-06,20:15,맥주,1,5000
2025-09-06,20:17,맥주,1,5000
2025-09-06,20:17,하이볼,1,7000
2025-09-06,20:18,소주,1,5000
2025-09-06,20:19,맥주,1,5000
2025-09-06,20:21,맥주,1,5000
2025-09-06,20:24,맥주,1,5000
2025-09-06,20:26,계란찜,1,7000
2025-09-06,20:27,김치전,1,15000
2025-09-06,20:34,소주,1,5000
2025-09-06,20:34,김치전,1,15000
2025-09-06,20:37,오돌뼈,1,17000
2025-09-06,20:38,소주,1,5000
2025-09-06,20:39,소주,1,5000
2025-09-06,20:39,하이볼,1,7000
2025-09-06,20:39,오돌뼈,1,17000
2025-09-06,20:41,맥주,1,5000
2025-09-06,20:45,맥주,1,5000
2025-09-06,20:46,닭발,1,18000
2025-09-06,20:46,오돌뼈,1,17000
2025-09-06,20:47,맥주,1,5000
2025-09-06,20:47,닭발,1,18000
2025-09-06,20:49,맥주,1,5000
2025-09-06,20:49,닭발,1,18000
2025-09-06,20:50,김치전,1,15000
2025-09-06,20:51,소주,1,5000
2025-09-06,20:51,맥주,1,5000
2025-09-06,20:55,하이볼,1,7000
2025-09-06,20:55,계란찜,1,7000
2025-09-06,20:56,소주,1,5000
2025-09-06,20:56,맥주,1,5000
2025-09-06,20:58,닭발,1,18000
2025-09-06,21:00,닭발,1,18000
2025-09-06,21:01,맥주,1,5000
2025-09-06,21:03,계란찜,1,7000
2025-09-06,21:04,맥주,1,5000
2025-09-06,21:04,오돌뼈,1,17000
2025-09-06,21:05,닭발,1,18000
2025-09-06,21:06,하이볼,1,7000
2025-09-06,21:07,오돌뼈,1,17000
2025-09-06,21:09,소주,1,5000
2025-09-06,21:11,소주,1,5000
2025-09-06,21:12,소주,1,5000
2025-09-06,21:12,맥주,1,5000
2025-09-06,21:13,오돌뼈,1,17000
2025-09-06,21:14,하이볼,1,7000
2025-09-06,21:14,닭발,1,18000
2025-09-06,21:17,소주,1,5000
2025-09-06,21:18,소주,1,5000
2025-09-06,21:18,소주,1,5000
2025-09-06,21:18,맥주,1,5000
2025-09-06,21:18,하이볼,1,7000
2025-09-06,21:18,닭발,1,18000
2025-09-06,21:18,닭발,1,18000
2025-09-06,21:18,오돌뼈,1,17000
2025-09-06,21:21,하이볼,1,7000
2025-09-06,21:23,오돌뼈,1,17000
2025-09-06,21:25,닭발,1,18000
2025-09-06,21:25,김치전,1,15000
2025-09-06,21:26,소주,1,5000
2025-09-06,21:26,김치전,1,15000
2025-09-06,21:27,맥주,1,5000
2025-09-06,21:27,맥주,1,5000
2025-09-06,21:29,닭발,1,18000
2025-09-06,21:30,닭발,1,18000
2025-09-06,21:31,계란찜,1,7000
2025-09-06,21:32,맥주,1,5000
2025-09-06,21:34,김치전,1,15000
2025-09-06,21:36,소주,1,5000
2025-09-06,21:36,오돌뼈,1,17000
2025-09-06,21:37,닭발,1,18000
2025-09-06,21:38,하이볼,1,7000
2025-09-06,21:38,닭발,1,18000
2025-09-06,21:38,계란찜,1,7000
2025-09-06,21:39,계란찜,1,7000
2025-09-06,21:43,소주,1,5000
2025-09-06,21:43,맥주,1,5000
2025-09-06,21:43,맥주,1,5000
2025-09-06,21:43,하이볼,1,7000
2025-09-06,21:43,오돌뼈,1,17000
2025-09-06,21:44,하이볼,1,7000
2025-09-06,21:45,소주,1,5000
2025-09-06,21:46,소주,1,5000
2025-09-06,21:46,맥주,1,5000
2025-09-06,21:46,하이볼,1,7000
2025-09-06,21:47,하이볼,1,7000
2025-09-06,21:47,하이볼,1,7000
2025-09-06,21:48,맥주,1,5000
2025-09-06,21:49,소주,1,5000
2025-09-06,21:49,닭발,1,18000
2025-09-06,21:50,하이볼,1,7000
2025-09-06,21:50,닭발,1,18000
2025-09-06,21:51,소주,1,5000
2025-09-06,21:52,맥주,1,5000
2025-09-06,21:52,하이볼,1,7000
2025-09-06,21:52,닭발,1,18000
2025-09-06,21:53,소주,1,5000
2025-09-06,21:53,맥주,1,5000
2025-09-06,21:55,소주,1,5000
2025-09-06,21:55,김치전,1,15000
2025-09-06,21:55,김치전,1,15000
2025-09-06,21:55,계란찜,1,7000
2025-09-06,21:56,계란찜,1,7000
2025-09-06,21:59,김치전,1,15000
2025-09-06,22:00,소주,1,5000
2025-09-06,22:00,소주,1,5000
2025-09-06,22:01,맥주,1,5000
2025-09-06,22:02,오돌뼈,1,17000
2025-09-06,22:03,소주,1,5000
2025-09-06,22:05,소주,1,5000
2025-09-06,22:06,소주,1,5000
2025-09-06,22:07,오돌뼈,1,17000
2025-09-06,22:10,맥주,1,5000
2025-09-06,22:13,계란찜,1,7000
2025-09-06,22:14,김치전,1,15000
2025-09-06,22:15,닭발,1,18000
2025-09-06,22:23,맥주,1,5000
2025-09-06,22:25,소주,1,5000
2025-09-06,22:26,하이볼,1,7000
2025-09-06,22:26,김치전,1,15000
2025-09-06,22:33,계란찜,1,7000
2025-09-06,22:36,하이볼,1,7000
2025-09-06,22:37,닭발,1,18000
2025-09-06,22:38,김치전,1,15000
2025-09-06,22:40,소주,1,5000
2025-09-06,22:42,오돌뼈,1,17000
2025-09-06,22:52,오돌뼈,1,17000
2025-09-06,22:53,맥주,1,5000
2025-09-06,22:53,하이볼,1,7000
2025-09-06,22:53,닭발,1,18000
2025-09-06,22:56,소주,1,5000
2025-09-06,22:57,소주,1,5000
2025-09-06,23:01,닭발,1,18000
2025-09-06,23:02,소주,1,5000
2025-09-06,23:10,맥주,1,5000
2025-09-06,23:11,소주,1,5000
2025-09-06,23:11,오돌뼈,1,17000
2025-09-06,23:15,김치전,1,15000
2025-09-06,23:16,맥주,1,5000
2025-09-06,23:18,소주,1,5000
2025-09-06,23:31,오돌뼈,1,17000
2025-09-06,23:38,맥주,1,5000
2025-09-06,23:38,닭발,1,18000
2025-09-06,23:45,소주,1,5000
2025-09-06,23:50,소주,1,5000
2025-09-06,23:50,김치전,1,15000
2025-09-06,23:50,계란찜,1,7000
2025-09-07,19:00,닭발,1,18000
2025-09-07,19:12,맥주,1,5000
2025-09-07,19:33,계란찜,1,7000
2025-09-07,20:01,하이볼,1,7000
2025-09-07,20:07,소주,1,5000
2025-09-07,20:11,오돌뼈,1,17000
2025-09-07,20:12,김치전,1,15000
2025-09-07,20:15,소주,1,5000
2025-09-07,20:16,하이볼,1,7000
2025-09-07,20:18,소주,1,5000
2025-09-07,20:22,소주,1,5000
2025-09-07,20:25,닭발,1,18000
2025-09-07,20:36,계란찜,1,7000
2025-09-07,20:39,김치전,1,15000
2025-09-07,20:40,소주,1,5000
2025-09-07,20:41,닭발,1,18000
2025-09-07,20:43,맥주,1,5000
2025-09-07,20:48,하이볼,1,7000
2025-09-07,20:49,맥주,1,5000
2025-09-07,20:57,닭발,1,18000
2025-09-07,20:58,하이볼,1,7000
2025-09-07,21:08,소주,1,5000
2025-09-07,21:10,하이볼,1,7000
2025-09-07,21:13,소주,1,5000
2025-09-07,21:14,닭발,1,18000
2025-09-07,21:14,닭발,1,18000
2025-09-07,21:15,소주,1,5000
2025-09-07,21:26,오돌뼈,1,17000
2025-09-07,21:26,김치전,1,15000
2025-09-07,21:27,닭발,1,18000
2025-09-07,21:27,오돌뼈,1,17000
2025-09-07,21:31,계란찜,1,7000
2025-09-07,21:34,맥주,1,5000
2025-09-07,21:37,계란찜,1,7000
2025-09-07,21:38,맥주,1,5000
2025-09-07,21:41,맥주,1,5000
2025-09-07,21:43,맥주,1,5000
2025-09-07,21:44,계란찜,1,7000
2025-09-07,21:45,오돌뼈,1,17000
2025-09-07,21:49,맥주,1,5000
2025-09-07,21:50,맥주,1,5000
2025-09-07,21:50,오돌뼈,1,17000
2025-09-07,21:59,맥주,1,5000
2025-09-07,22:00,소주,1,5000
2025-09-07,22:01,김치전,1,15000
2025-09-07,22:06,김치전,1,15000
2025-09-07,22:10,하이볼,1,7000
2025-09-07,22:10,계란찜,1,7000
2025-09-07,22:14,계란찜,1,7000
2025-09-07,22:15,소주,1,5000
2025-09-07,22:20,맥주,1,5000
2025-09-07,22:28,맥주,1,5000
2025-09-07,22:29,소주,1,5000
2025-09-07,22:29,닭발,1,18000
2025-09-07,22:30,닭발,1,18000
2025-09-07,22:32,소주,1,5000
2025-09-07,22:35,하이볼,1,7000
2025-09-07,22:35,오돌뼈,1,17000
2025-09-07,22:40,계란찜,1,7000
2025-09-07,22:44,김치전,1,15000
2025-09-07,22:45,닭발,1,18000
2025-09-07,22:46,닭발,1,18000
2025-09-07,22:49,소주,1,5000
2025-09-07,22:53,하이볼,1,7000
2025-09-07,22:58,소주,1,5000
2025-09-07,23:00,하이볼,1,7000
2025-09-07,23:14,소주,1,5000
2025-09-07,23:43,소주,1,5000
2025-09-07,23:50,소주,1,5000
2025-09-08,18:31,맥주,1,5000
2025-09-08,19:04,닭발,1,18000
2025-09-08,19:05,소주,1,5000
2025-09-08,19:07,닭발,1,18000
2025-09-08,19:13,소주,1,5000
2025-09-08,19:34,맥주,1,5000
2025-09-08,19:42,맥주,1,5000
2025-09-08,19:45,소주,1,5000
2025-09-08,19:46,소주,1,5000
2025-09-08,19:54,오돌뼈,1,17000
2025-09-08,19:55,오돌뼈,1,17000
2025-09-08,19:57,하이볼,1,7000
2025-09-08,20:01,맥주,1,5000
2025-09-08,20:07,하이볼,1,7000
2025-09-08,20:13,닭발,1,18000
2025-09-08,20:16,소주,1,5000
2025-09-08,20:23,맥주,1,5000
2025-09-08,20:24,김치전,1,15000
2025-09-08,20:26,하이볼,1,7000
2025-09-08,20:28,하이볼,1,7000
2025-09-08,20:31,계란찜,1,7000
2025-09-08,20:36,오돌뼈,1,17000
2025-09-08,20:40,맥주,1,5000
2025-09-08,20:43,맥주,1,5000
2025-09-08,20:44,맥주,1,5000
2025-09-08,20:44,하이볼,1,7000
2025-09-08,20:46,계란찜,1,7000
2025-09-08,20:51,계란찜,1,7000
2025-09-08,20:53,소주,1,5000
2025-09-08,20:55,계란찜,1,7000
2025-09-08,21:00,소주,1,5000
2025-09-08,21:01,닭발,1,18000
2025-09-08,21:02,닭발,1,18000
2025-09-08,21:04,소주,1,5000
2025-09-08,21:05,소주,1,5000
2025-09-08,21:06,오돌뼈,1,17000
2025-09-08,21:07,하이볼,1,7000
2025-09-08,21:07,오돌뼈,1,17000
2025-09-08,21:09,소주,1,5000
2025-09-08,21:09,김치전,1,15000
2025-09-08,21:10,닭발,1,18000
2025-09-08,21:14,하이볼,1,7000
2025-09-08,21:15,맥주,1,5000
2025-09-08,21:16,김치전,1,15000
2025-09-08,21:17,닭발,1,18000
2025-09-08,21:21,소주,1,5000
2025-09-08,21:22,오돌뼈,1,17000
2025-09-08,21:24,맥주,1,5000
2025-09-08,21:25,닭발,1,18000
2025-09-08,21:25,닭발,1,18000
2025-09-08,21:25,계란찜,1,7000
2025-09-08,21:26,소주,1,5000
2025-09-08,21:28,소주,1,5000
2025-09-08,21:29,오돌뼈,1,17000
2025-09-08,21:31,소주,1,5000
2025-09-08,21:33,계란찜,1,7000
2025-09-08,21:42,맥주,1,5000
2025-09-08,21:44,김치전,1,15000
2025-09-08,21:45,닭발,1,18000
2025-09-08,21:46,소주,1,5000
2025-09-08,21:52,소주,1,5000
2025-09-08,21:55,하이볼,1,7000
2025-09-08,21:57,소주,1,5000
2025-09-08,21:59,계란찜,1,7000
2025-09-08,22:04,하이볼,1,7000
2025-09-08,22:10,맥주,1,5000
2025-09-08,22:17,하이볼,1,7000
2025-09-08,22:19,오돌뼈,1,17000
2025-09-08,22:19,김치전,1,15000
2025-09-08,22:20,맥주,1,5000
2025-09-08,22:26,맥주,1,5000
2025-09-08,22:28,소주,1,5000
2025-09-08,22:28,맥주,1,5000
2025-09-08,22:28,오돌뼈,1,17000
2025-09-08,22:28,오돌뼈,1,17000
2025-09-08,22:29,소주,1,5000
2025-09-08,22:33,소주,1,5000
2025-09-08,22:34,닭발,1,18000
2025-09-08,22:36,하이볼,1,7000
2025-09-08,22:41,맥주,1,5000
2025-09-08,22:41,맥주,1,5000
2025-09-08,22:49,맥주,1,5000
2025-09-08,22:52,소주,1,5000
2025-09-08,22:59,계란찜,1,7000
2025-09-08,23:12,닭발,1,18000
2025-09-08,23:12,계란찜,1,7000
2025-09-08,23:16,맥주,1,5000
2025-09-08,23:23,김치전,1,15000
2025-09-08,23:25,오돌뼈,1,17000
2025-09-08,23:40,소주,1,5000
2025-09-09,19:01,소주,1,5000
2025-09-09,19:21,닭발,1,18000
2025-09-09,19:23,하이볼,1,7000
2025-09-09,19:31,맥주,1,5000
2025-09-09,19:35,맥주,1,5000
2025-09-09,19:35,닭발,1,18000
2025-09-09,19:39,소주,1,5000
2025-09-09,19:40,소주,1,5000
2025-09-09,19:42,오돌뼈,1,17000
2025-09-09,19:48,맥주,1,5000
2025-09-09,19:50,오돌뼈,1,17000
2025-09-09,19:54,오돌뼈,1,17000
2025-09-09,20:00,하이볼,1,7000
2025-09-09,20:02,김치전,1,15000
2025-09-09,20:04,맥주,1,5000
2025-09-09,20:05,맥주,1,5000
2025-09-09,20:05,맥주,1,5000
2025-09-09,20:07,소주,1,5000
2025-09-09,20:10,소주,1,5000
2025-09-09,20:11,맥주,1,5000
2025-09-09,20:11,닭발,1,18000
2025-09-09,20:14,김치전,1,15000
2025-09-09,20:19,맥주,1,5000
2025-09-09,20:19,하이볼,1,7000
2025-09-09,20:20,김치전,1,15000
2025-09-09,20:21,하이볼,1,7000
2025-09-09,20:24,소주,1,5000
2025-09-09,20:24,계란찜,1,7000
2025-09-09,20:26,소주,1,5000
2025-09-09,20:26,계란찜,1,7000
2025-09-09,20:42,맥주,1,5000
2025-09-09,20:43,소주,1,5000
2025-09-09,20:43,하이볼,1,7000
2025-09-09,20:43,하이볼,1,7000
2025-09-09,20:45,맥주,1,5000
2025-09-09,20:48,계란찜,1,7000
2025-09-09,20:50,오돌뼈,1,17000
2025-09-09,20:51,소주,1,5000
2025-09-09,20:55,닭발,1,18000
2025-09-09,20:58,맥주,1,5000
2025-09-09,21:01,하이볼,1,7000
2025-09-09,21:01,닭발,1,18000
2025-09-09,21:07,하이볼,1,7000
2025-09-09,21:09,소주,1,5000
2025-09-09,21:09,맥주,1,5000
2025-09-09,21:11,닭발,1,18000
2025-09-09,21:12,소주,1,5000
2025-09-09,21:12,오돌뼈,1,17000
2025-09-09,21:17,맥주,1,5000
2025-09-09,21:20,소주,1,5000
2025-09-09,21:22,닭발,1,18000
2025-09-09,21:28,맥주,1,5000
2025-09-09,21:29,닭발,1,18000
2025-09-09,21:30,오돌뼈,1,17000
2025-09-09,21:31,김치전,1,15000
2025-09-09,21:32,맥주,1,5000
2025-09-09,21:32,맥주,1,5000
2025-09-09,21:33,소주,1,5000
2025-09-09,21:33,소주,1,5000
2025-09-09,21:33,하이볼,1,7000
2025-09-09,21:34,소주,1,5000
2025-09-09,21:34,맥주,1,5000
2025-09-09,21:34,김치전,1,15000
2025-09-09,21:36,소주,1,5000
2025-09-09,21:37,맥주,1,5000
2025-09-09,21:37,맥주,1,5000
2025-09-09,21:39,닭발,1,18000
2025-09-09,21:39,닭발,1,18000
2025-09-09,21:40,계란찜,1,7000
2025-09-09,21:44,오돌뼈,1,17000
2025-09-09,21:44,오돌뼈,1,17000
2025-09-09,21:46,계란찜,1,7000
2025-09-09,21:47,소주,1,5000
2025-09-09,21:48,맥주,1,5000
2025-09-09,21:50,계란찜,1,7000
2025-09-09,21:57,소주,1,5000
2025-09-09,21:57,닭발,1,18000
2025-09-09,21:58,오돌뼈,1,17000
2025-09-09,21:59,맥주,1,5000
2025-09-09,22:01,소주,1,5000
2025-09-09,22:03,계란찜,1,7000
2025-09-09,22:08,맥주,1,5000
2025-09-09,22:11,오돌뼈,1,17000
2025-09-09,22:16,오돌뼈,1,17000
2025-09-09,22:16,김치전,1,15000
2025-09-09,22:18,소주,1,5000
2025-09-09,22:19,계란찜,1,7000
2025-09-09,22:20,하이볼,1,7000
2025-09-09,22:20,김치전,1,15000
2025-09-09,22:22,소주,1,5000
2025-09-09,22:23,닭발,1,18000
2025-09-09,22:25,소주,1,5000
2025-09-09,22:27,소주,1,5000
2025-09-09,22:31,김치전,1,15000
2025-09-09,22:33,맥주,1,5000
2025-09-09,22:35,하이볼,1,7000
2025-09-09,22:37,소주,1,5000
2025-09-09,22:40,맥주,1,5000
2025-09-09,22:43,계란찜,1,7000
2025-09-09,22:44,소주,1,5000
2025-09-09,22:54,닭발,1,18000
2025-09-09,22:57,소주,1,5000
2025-09-09,22:58,소주,1,5000
2025-09-09,23:01,소주,1,5000
2025-09-09,23:11,소주,1,5000
2025-09-09,23:12,소주,1,5000
2025-09-09,23:12,하이볼,1,7000
2025-09-09,23:19,김치전,1,15000
2025-09-09,23:27,계란찜,1,7000
2025-09-09,23:30,맥주,1,5000
2025-09-09,23:30,김치전,1,15000
2025-09-09,23:50,닭발,1,18000
2025-09-10,18:54,소주,1,5000
2025-09-10,19:10,소주,1,5000
2025-09-10,19:27,닭발,1,18000
2025-09-10,19:32,계란찜,1,7000
2025-09-10,19:50,맥주,1,5000
2025-09-10,19:50,계란찜,1,7000
2025-09-10,19:51,오돌뼈,1,17000
2025-09-10,19:53,맥주,1,5000
2025-09-10,19:53,오돌뼈,1,17000
2025-09-10,20:00,하이볼,1,7000
2025-09-10,20:05,닭발,1,18000
2025-09-10,20:06,소주,1,5000
2025-09-10,20:09,하이볼,1,7000
2025-09-10,20:11,오돌뼈,1,17000
2025-09-10,20:12,소주,1,5000
2025-09-10,20:13,닭발,1,18000
2025-09-10,20:14,오돌뼈,1,17000
2025-09-10,20:14,김치전,1,15000
2025-09-10,20:17,김치전,1,15000
2025-09-10,20:23,하이볼,1,7000
2025-09-10,20:26,소주,1,5000
2025-09-10,20:26,오돌뼈,1,17000
2025-09-10,20:26,김치전,1,15000
2025-09-10,20:26,계란찜,1,7000
2025-09-10,20:28,소주,1,5000
2025-09-10,20:28,소주,1,5000
2025-09-10,20:28,소주,1,5000
2025-09-10,20:30,하이볼,1,7000
2025-09-10,20:31,계란찜,1,7000
2025-09-10,20:33,맥주,1,5000
2025-09-10,20:33,하이볼,1,7000
2025-09-10,20:34,닭발,1,18000
2025-09-10,20:35,닭발,1,18000
2025-09-10,20:37,맥주,1,5000
2025-09-10,20:39,오돌뼈,1,17000
2025-09-10,20:40,소주,1,5000
2025-09-10,20:41,맥주,1,5000
2025-09-10,20:46,닭발,1,18000
2025-09-10,20:48,소주,1,5000
2025-09-10,20:48,김치전,1,15000
2025-09-10,20:49,김치전,1,15000
2025-09-10,20:49,계란찜,1,7000
2025-09-10,20:52,소주,1,5000
2025-09-10,20:53,오돌뼈,1,17000
2025-09-10,20:53,계란찜,1,7000
2025-09-10,20:57,소주,1,5000
2025-09-10,20:59,하이볼,1,7000
2025-09-10,20:59,하이볼,1,7000
2025-09-10,20:59,닭발,1,18000
2025-09-10,21:01,소주,1,5000
2025-09-10,21:02,맥주,1,5000
2025-09-10,21:04,맥주,1,5000
2025-09-10,21:05,맥주,1,5000
2025-09-10,21:06,소주,1,5000
2025-09-10,21:13,하이볼,1,7000
2025-09-10,21:13,닭발,1,18000
2025-09-10,21:14,하이볼,1,7000
2025-09-10,21:15,맥주,1,5000
2025-09-10,21:16,맥주,1,5000
2025-09-10,21:16,닭발,1,18000
2025-09-10,21:19,소주,1,5000
2025-09-10,21:20,오돌뼈,1,17000
2025-09-10,21:20,김치전,1,15000
2025-09-10,21:22,하이볼,1,7000
2025-09-10,21:26,오돌뼈,1,17000
2025-09-10,21:26,계란찜,1,7000
2025-09-10,21:27,소주,1,5000
2025-09-10,21:33,닭발,1,18000
2025-09-10,21:35,맥주,1,5000
2025-09-10,21:35,하이볼,1,7000
2025-09-10,21:35,닭발,1,18000
2025-09-10,21:35,오돌뼈,1,17000
2025-09-10,21:36,소주,1,5000
2025-09-10,21:38,맥주,1,5000
2025-09-10,21:38,김치전,1,15000
2025-09-10,21:39,맥주,1,5000
2025-09-10,21:40,하이볼,1,7000
2025-09-10,21:42,소주,1,5000
2025-09-10,21:42,맥주,1,5000
2025-09-10,21:42,오돌뼈,1,17000
2025-09-10,21:44,소주,1,5000
2025-09-10,21:45,소주,1,5000
2025-09-10,21:45,닭발,1,18000
2025-09-10,21:46,맥주,1,5000
2025-09-10,21:51,소주,1,5000
2025-09-10,21:51,소주,1,5000
2025-09-10,21:51,하이볼,1,7000
2025-09-10,21:52,소주,1,5000
2025-09-10,21:54,맥주,1,5000
2025-09-10,21:54,맥주,1,5000
2025-09-10,21:54,계란찜,1,7000
2025-09-10,21:55,소주,1,5000
2025-09-10,21:56,맥주,1,5000
2025-09-10,21:56,맥주,1,5000
2025-09-10,21:56,닭발,1,18000
2025-09-10,21:56,오돌뼈,1,17000
2025-09-10,21:56,계란찜,1,7000
2025-09-10,21:57,맥주,1,5000
2025-09-10,21:57,맥주,1,5000
2025-09-10,21:59,소주,1,5000
2025-09-10,22:00,소주,1,5000
2025-09-10,22:00,맥주,1,5000
2025-09-10,22:03,소주,1,5000
2025-09-10,22:05,맥주,1,5000
2025-09-10,22:07,소주,1,5000
2025-09-10,22:07,닭발,1,18000
2025-09-10,22:08,맥주,1,5000
2025-09-10,22:08,닭발,1,18000
2025-09-10,22:09,맥주,1,5000
2025-09-10,22:10,김치전,1,15000
2025-09-10,22:11,맥주,1,5000
2025-09-10,22:12,오돌뼈,1,17000
2025-09-10,22:14,소주,1,5000
2025-09-10,22:15,소주,1,5000
2025-09-10,22:17,오돌뼈,1,17000
2025-09-10,22:17,김치전,1,15000
2025-09-10,22:19,하이볼,1,7000
2025-09-10,22:19,하이볼,1,7000
2025-09-10,22:20,오돌뼈,1,17000
2025-09-10,22:22,맥주,1,5000
2025-09-10,22:23,닭발,1,18000
2025-09-10,22:27,오돌뼈,1,17000
2025-09-10,22:27,김치전,1,15000
2025-09-10,22:32,하이볼,1,7000
2025-09-10,22:34,닭발,1,18000
2025-09-10,22:36,계란찜,1,7000
2025-09-10,22:40,계란찜,1,7000
2025-09-10,22:41,오돌뼈,1,17000
2025-09-10,22:43,오돌뼈,1,17000
2025-09-10,22:44,김치전,1,15000
2025-09-10,22:46,닭발,1,18000
2025-09-10,22:47,소주,1,5000
2025-09-10,22:47,김치전,1,15000
2025-09-10,22:50,맥주,1,5000
2025-09-10,22:56,하이볼,1,7000
2025-09-10,22:56,하이볼,1,7000
2025-09-10,22:56,김치전,1,15000
2025-09-10,22:57,맥주,1,5000
2025-09-10,23:04,닭발,1,18000
2025-09-10,23:05,계란찜,1,7000
2025-09-10,23:06,소주,1,5000
2025-09-10,23:06,소주,1,5000
2025-09-10,23:06,오돌뼈,1,17000
2025-09-10,23:08,맥주,1,5000
2025-09-10,23:16,닭발,1,18000
2025-09-10,23:18,소주,1,5000
2025-09-10,23:19,소주,1,5000
2025-09-10,23:20,소주,1,5000
2025-09-10,23:20,소주,1,5000
2025-09-10,23:20,소주,1,5000
2025-09-10,23:22,맥주,1,5000
2025-09-10,23:22,닭발,1,18000
2025-09-10,23:37,맥주,1,5000
2025-09-10,23:38,맥주,1,5000
2025-09-10,23:50,소주,1,5000
2025-09-11,18:58,김치전,1,15000
2025-09-11,19:07,소주,1,5000
2025-09-11,19:14,계란찜,1,7000
2025-09-11,19:29,소주,1,5000
2025-09-11,19:33,닭발,1,18000
2025-09-11,19:35,소주,1,5000
2025-09-11,19:50,소주,1,5000
2025-09-11,19:51,소주,1,5000
2025-09-11,19:51,김치전,1,15000
2025-09-11,19:52,소주,1,5000
2025-09-11,19:54,맥주,1,5000
2025-09-11,19:55,오돌뼈,1,17000
2025-09-11,19:59,소주,1,5000
2025-09-11,20:00,계란찜,1,7000
2025-09-11,20:02,닭발,1,18000
2025-09-11,20:03,맥주,1,5000
2025-09-11,20:03,오돌뼈,1,17000
2025-09-11,20:06,김치전,1,15000
2025-09-11,20:09,맥주,1,5000
2025-09-11,20:12,계란찜,1,7000
2025-09-11,20:13,맥주,1,5000
2025-09-11,20:13,맥주,1,5000
2025-09-11,20:16,오돌뼈,1,17000
2025-09-11,20:16,계란찜,1,7000
2025-09-11,20:24,오돌뼈,1,17000
2025-09-11,20:28,맥주,1,5000
2025-09-11,20:33,오돌뼈,1,17000
2025-09-11,20:40,하이볼,1,7000
2025-09-11,20:41,맥주,1,5000
2025-09-11,20:44,맥주,1,5000
2025-09-11,20:46,소주,1,5000
2025-09-11,20:47,김치전,1,15000
2025-09-11,20:54,닭발,1,18000
2025-09-11,20:56,맥주,1,5000
2025-09-11,20:59,하이볼,1,7000
2025-09-11,21:00,계란찜,1,7000
2025-09-11,21:00,계란찜,1,7000
2025-09-11,21:02,맥주,1,5000
2025-09-11,21:05,맥주,1,5000
2025-09-11,21:07,맥주,1,5000
2025-09-11,21:07,계란찜,1,7000
2025-09-11,21:08,소주,1,5000
2025-09-11,21:08,하이볼,1,7000
2025-09-11,21:09,소주,1,5000
2025-09-11,21:10,소주,1,5000
2025-09-11,21:10,맥주,1,5000
2025-09-11,21:10,맥주,1,5000
2025-09-11,21:11,소주,1,5000
2025-09-11,21:11,하이볼,1,7000
2025-09-11,21:12,맥주,1,5000
2025-09-11,21:13,닭발,1,18000
2025-09-11,21:14,맥주,1,5000
2025-09-11,21:15,닭발,1,18000
2025-09-11,21:20,계란찜,1,7000
2025-09-11,21:21,하이볼,1,7000
2025-09-11,21:22,닭발,1,18000
2025-09-11,21:23,닭발,1,18000
2025-09-11,21:23,오돌뼈,1,17000
2025-09-11,21:27,김치전,1,15000
2025-09-11,21:28,맥주,1,5000
2025-09-11,21:29,맥주,1,5000
2025-09-11,21:30,소주,1,5000
2025-09-11,21:30,계란찜,1,7000
2025-09-11,21:31,오돌뼈,1,17000
2025-09-11,21:33,소주,1,5000
2025-09-11,21:33,오돌뼈,1,17000
2025-09-11,21:34,맥주,1,5000
2025-09-11,21:36,맥주,1,5000
2025-09-11,21:36,맥주,1,5000
2025-09-11,21:36,오돌뼈,1,17000
2025-09-11,21:38,김치전,1,15000
2025-09-11,21:39,맥주,1,5000
2025-09-11,21:41,소주,1,5000
2025-09-11,21:41,하이볼,1,7000
2025-09-11,21:41,닭발,1,18000
2025-09-11,21:42,소주,1,5000
2025-09-11,21:44,소주,1,5000
2025-09-11,21:45,소주,1,5000
2025-09-11,21:45,하이볼,1,7000
2025-09-11,21:48,김치전,1,15000
2025-09-11,21:50,계란찜,1,7000
2025-09-11,21:54,소주,1,5000
2025-09-11,21:54,오돌뼈,1,17000
2025-09-11,21:55,오돌뼈,1,17000
2025-09-11,21:56,닭발,1,18000
2025-09-11,21:57,계란찜,1,7000
2025-09-11,21:59,맥주,1,5000
2025-09-11,21:59,닭발,1,18000
2025-09-11,22:00,닭발,1,18000
2025-09-11,22:01,소주,1,5000
2025-09-11,22:02,소주,1,5000
2025-09-11,22:06,맥주,1,5000
2025-09-11,22:09,닭발,1,18000
2025-09-11,22:10,하이볼,1,7000
2025-09-11,22:12,맥주,1,5000
2025-09-11,22:12,오돌뼈,1,17000
2025-09-11,22:13,하이볼,1,7000
2025-09-11,22:14,소주,1,5000
2025-09-11,22:14,오돌뼈,1,17000
2025-09-11,22:15,소주,1,5000
2025-09-11,22:15,맥주,1,5000
2025-09-11,22:15,맥주,1,5000
2025-09-11,22:15,하이볼,1,7000
2025-09-11,22:15,오돌뼈,1,17000
2025-09-11,22:15,오돌뼈,1,17000
2025-09-11,22:17,소주,1,5000
2025-09-11,22:24,소주,1,5000
2025-09-11,22:25,닭발,1,18000
2025-09-11,22:27,소주,1,5000
2025-09-11,22:30,소주,1,5000
2025-09-11,22:32,하이볼,1,7000
2025-09-11,22:32,김치전,1,15000
2025-09-11,22:34,소주,1,5000
2025-09-11,22:35,맥주,1,5000
2025-09-11,22:36,맥주,1,5000
2025-09-11,22:38,맥주,1,5000
2025-09-11,22:38,닭발,1,18000
2025-09-11,22:46,닭발,1,18000
2025-09-11,22:48,소주,1,5000
2025-09-11,22:50,김치전,1,15000
2025-09-11,22:51,소주,1,5000
2025-09-11,22:52,소주,1,5000
2025-09-11,22:58,소주,1,5000
2025-09-11,23:00,맥주,1,5000
2025-09-11,23:04,소주,1,5000
2025-09-11,23:06,소주,1,5000
2025-09-11,23:10,닭발,1,18000
2025-09-11,23:10,닭발,1,18000
2025-09-11,23:13,닭발,1,18000
2025-09-11,23:16,하이볼,1,7000
2025-09-11,23:17,소주,1,5000
2025-09-11,23:24,맥주,1,5000
2025-09-11,23:30,소주,1,5000
2025-09-11,23:37,계란찜,1,7000
2025-09-11,23:50,맥주,1,5000
2025-09-11,23:50,하이볼,1,7000
2025-09-11,23:50,닭발,1,18000
2025-09-12,18:41,닭발,1,18000
2025-09-12,19:08,오돌뼈,1,17000
2025-09-12,19:14,소주,1,5000
2025-09-12,19:15,맥주,1,5000
2025-09-12,19:35,계란찜,1,7000
2025-09-12,19:36,하이볼,1,7000
2025-09-12,19:36,하이볼,1,7000
2025-09-12,19:37,맥주,1,5000
2025-09-12,19:41,소주,1,5000
2025-09-12,19:42,하이볼,1,7000
2025-09-12,19:46,맥주,1,5000
2025-09-12,19:47,계란찜,1,7000
2025-09-12,19:49,맥주,1,5000
2025-09-12,19:53,소주,1,5000
2025-09-12,19:54,하이볼,1,7000
2025-09-12,19:59,오돌뼈,1,17000
2025-09-12,20:05,소주,1,5000
2025-09-12,20:05,맥주,1,5000
2025-09-12,20:07,김치전,1,15000
2025-09-12,20:08,닭발,1,18000
2025-09-12,20:09,맥주,1,5000
2025-09-12,20:12,소주,1,5000
2025-09-12,20:12,오돌뼈,1,17000
2025-09-12,20:16,오돌뼈,1,17000
2025-09-12,20:19,계란찜,1,7000
2025-09-12,20:20,소주,1,5000
2025-09-12,20:20,계란찜,1,7000
2025-09-12,20:22,계란찜,1,7000
2025-09-12,20:23,소주,1,5000
2025-09-12,20:23,맥주,1,5000
2025-09-12,20:23,오돌뼈,1,17000
2025-09-12,20:25,하이볼,1,7000
2025-09-12,20:26,소주,1,5000
2025-09-12,20:26,오돌뼈,1,17000
2025-09-12,20:30,맥주,1,5000
2025-09-12,20:30,오돌뼈,1,17000
2025-09-12,20:31,오돌뼈,1,17000
2025-09-12,20:31,김치전,1,15000
2025-09-12,20:32,닭발,1,18000
2025-09-12,20:32,닭발,1,18000
2025-09-12,20:34,맥주,1,5000
2025-09-12,20:34,하이볼,1,7000
2025-09-12,20:34,김치전,1,15000
2025-09-12,20:35,하이볼,1,7000
2025-09-12,20:36,맥주,1,5000
2025-09-12,20:36,닭발,1,18000
2025-09-12,20:38,소주,1,5000
2025-09-12,20:42,김치전,1,15000
2025-09-12,20:45,소주,1,5000
2025-09-12,20:46,소주,1,5000
2025-09-12,20:47,소주,1,5000
2025-09-12,20:48,소주,1,5000
2025-09-12,20:49,소주,1,5000
2025-09-12,20:51,소주,1,5000
2025-09-12,20:52,소주,1,5000
2025-09-12,20:52,소주,1,5000
2025-09-12,20:53,소주,1,5000
2025-09-12,20:54,맥주,1,5000
2025-09-12,20:54,맥주,1,5000
2025-09-12,20:56,하이볼,1,7000
2025-09-12,20:56,닭발,1,18000
2025-09-12,20:58,소주,1,5000
2025-09-12,21:00,오돌뼈,1,17000
2025-09-12,21:02,하이볼,1,7000
2025-09-12,21:03,소주,1,5000
2025-09-12,21:04,소주,1,5000
2025-09-12,21:04,맥주,1,5000
2025-09-12,21:04,하이볼,1,7000
2025-09-12,21:04,계란찜,1,7000
2025-09-12,21:05,맥주,1,5000
2025-09-12,21:06,소주,1,5000
2025-09-12,21:06,소주,1,5000
2025-09-12,21:08,계란찜,1,7000
2025-09-12,21:09,김치전,1,15000
2025-09-12,21:12,맥주,1,5000
2025-09-12,21:12,하이볼,1,7000
2025-09-12,21:12,계란찜,1,7000
2025-09-12,21:13,계란찜,1,7000
2025-09-12,21:15,소주,1,5000
2025-09-12,21:15,맥주,1,5000
2025-09-12,21:15,맥주,1,5000
2025-09-12,21:16,소주,1,5000
2025-09-12,21:16,하이볼,1,7000
2025-09-12,21:18,맥주,1,5000
2025-09-12,21:18,닭발,1,18000
2025-09-12,21:19,소주,1,5000
2025-09-12,21:19,맥주,1,5000
2025-09-12,21:19,닭발,1,18000
2025-09-12,21:19,김치전,1,15000
2025-09-12,21:20,계란찜,1,7000
2025-09-12,21:21,계란찜,1,7000
2025-09-12,21:22,닭발,1,18000
2025-09-12,21:22,김치전,1,15000
2025-09-12,21:23,소주,1,5000
2025-09-12,21:24,오돌뼈,1,17000
2025-09-12,21:24,김치전,1,15000
2025-09-12,21:24,김치전,1,15000
2025-09-12,21:25,계란찜,1,7000
2025-09-12,21:26,소주,1,5000
2025-09-12,21:27,소주,1,5000
2025-09-12,21:27,하이볼,1,7000
2025-09-12,21:27,닭발,1,18000
2025-09-12,21:29,하이볼,1,7000
2025-09-12,21:29,오돌뼈,1,17000
2025-09-12,21:31,소주,1,5000
2025-09-12,21:32,맥주,1,5000
2025-09-12,21:32,오돌뼈,1,17000
2025-09-12,21:32,김치전,1,15000
2025-09-12,21:33,닭발,1,18000
2025-09-12,21:33,오돌뼈,1,17000
2025-09-12,21:34,소주,1,5000
2025-09-12,21:34,맥주,1,5000
2025-09-12,21:34,하이볼,1,7000
2025-09-12,21:35,소주,1,5000
2025-09-12,21:38,맥주,1,5000
2025-09-12,21:43,닭발,1,18000
2025-09-12,21:45,하이볼,1,7000
2025-09-12,21:48,소주,1,5000
2025-09-12,21:48,하이볼,1,7000
2025-09-12,21:49,소주,1,5000
2025-09-12,21:51,맥주,1,5000
2025-09-12,21:52,맥주,1,5000
2025-09-12,21:52,계란찜,1,7000
2025-09-12,21:53,소주,1,5000
2025-09-12,21:54,소주,1,5000
2025-09-12,21:55,소주,1,5000
2025-09-12,21:56,계란찜,1,7000
2025-09-12,21:57,계란찜,1,7000
2025-09-12,21:58,김치전,1,15000
2025-09-12,21:59,닭발,1,18000
2025-09-12,21:59,김치전,1,15000
2025-09-12,22:02,맥주,1,5000
2025-09-12,22:03,맥주,1,5000
2025-09-12,22:06,맥주,1,5000
2025-09-12,22:07,오돌뼈,1,17000
2025-09-12,22:10,소주,1,5000
2025-09-12,22:10,닭발,1,18000
2025-09-12,22:10,오돌뼈,1,17000
2025-09-12,22:10,오돌뼈,1,17000
2025-09-12,22:11,맥주,1,5000
2025-09-12,22:13,하이볼,1,7000
2025-09-12,22:14,하이볼,1,7000
2025-09-12,22:14,김치전,1,15000
2025-09-12,22:15,오돌뼈,1,17000
2025-09-12,22:16,닭발,1,18000
2025-09-12,22:17,닭발,1,18000
2025-09-12,22:18,소주,1,5000
2025-09-12,22:19,닭발,1,18000
2025-09-12,22:20,소주,1,5000
2025-09-12,22:21,맥주,1,5000
2025-09-12,22:28,소주,1,5000
2025-09-12,22:28,소주,1,5000
2025-09-12,22:28,김치전,1,15000
2025-09-12,22:29,맥주,1,5000
2025-09-12,22:30,닭발,1,18000
2025-09-12,22:31,닭발,1,18000
2025-09-12,22:33,소주,1,5000
2025-09-12,22:33,닭발,1,18000
2025-09-12,22:36,소주,1,5000
2025-09-12,22:37,하이볼,1,7000
2025-09-12,22:38,맥주,1,5000
2025-09-12,22:38,오돌뼈,1,17000
2025-09-12,22:40,맥주,1,5000
2025-09-12,22:43,닭발,1,18000
2025-09-12,22:43,오돌뼈,1,17000
2025-09-12,22:48,김치전,1,15000
2025-09-12,22:49,닭발,1,18000
2025-09-12,22:51,소주,1,5000
2025-09-12,22:53,하이볼,1,7000
2025-09-12,22:53,닭발,1,18000
2025-09-12,22:54,맥주,1,5000
2025-09-12,22:56,김치전,1,15000
2025-09-12,22:59,하이볼,1,7000
2025-09-12,23:00,하이볼,1,7000
2025-09-12,23:01,맥주,1,5000
2025-09-12,23:03,하이볼,1,7000
2025-09-12,23:03,김치전,1,15000
2025-09-12,23:05,하이볼,1,7000
2025-09-12,23:10,맥주,1,5000
2025-09-12,23:15,닭발,1,18000
2025-09-12,23:16,김치전,1,15000
2025-09-12,23:29,맥주,1,5000
2025-09-12,23:30,맥주,1,5000
2025-09-12,23:30,김치전,1,15000
2025-09-12,23:37,맥주,1,5000
2025-09-12,23:50,소주,1,5000
2025-09-13,19:03,김치전,1,15000
2025-09-13,19:06,하이볼,1,7000
2025-09-13,19:07,맥주,1,5000
2025-09-13,19:13,맥주,1,5000
2025-09-13,19:20,소주,1,5000
2025-09-13,19:20,맥주,1,5000
2025-09-13,19:29,하이볼,1,7000
2025-09-13,19:32,소주,1,5000
2025-09-13,19:32,김치전,1,15000
2025-09-13,19:41,하이볼,1,7000
2025-09-13,19:43,오돌뼈,1,17000
2025-09-13,19:44,계란찜,1,7000
2025-09-13,19:53,오돌뼈,1,17000
2025-09-13,19:54,하이볼,1,7000
2025-09-13,19:55,소주,1,5000
2025-09-13,20:03,소주,1,5000
2025-09-13,20:03,하이볼,1,7000
2025-09-13,20:04,소주,1,5000
2025-09-13,20:04,김치전,1,15000
2025-09-13,20:09,맥주,1,5000
2025-09-13,20:11,소주,1,5000
2025-09-13,20:11,맥주,1,5000
2025-09-13,20:13,맥주,1,5000
2025-09-13,20:13,닭발,1,18000
2025-09-13,20:20,맥주,1,5000
2025-09-13,20:20,닭발,1,18000
2025-09-13,20:21,소주,1,5000
2025-09-13,20:23,소주,1,5000
2025-09-13,20:25,김치전,1,15000
2025-09-13,20:29,계란찜,1,7000
2025-09-13,20:30,계란찜,1,7000
2025-09-13,20:32,소주,1,5000
2025-09-13,20:33,맥주,1,5000
2025-09-13,20:34,소주,1,5000
2025-09-13,20:35,소주,1,5000
2025-09-13,20:35,소주,1,5000
2025-09-13,20:35,오돌뼈,1,17000
2025-09-13,20:36,맥주,1,5000
2025-09-13,20:40,소주,1,5000
2025-09-13,20:40,맥주,1,5000
2025-09-13,20:40,맥주,1,5000
2025-09-13,20:40,맥주,1,5000
2025-09-13,20:40,계란찜,1,7000
2025-09-13,20:43,하이볼,1,7000
2025-09-13,20:45,소주,1,5000
2025-09-13,20:45,닭발,1,18000
2025-09-13,20:45,닭발,1,18000
2025-09-13,20:46,소주,1,5000
2025-09-13,20:47,오돌뼈,1,17000
2025-09-13,20:48,맥주,1,5000
2025-09-13,20:49,소주,1,5000
2025-09-13,20:49,오돌뼈,1,17000
2025-09-13,20:50,소주,1,5000
2025-09-13,20:50,닭발,1,18000
2025-09-13,20:52,소주,1,5000
2025-09-13,20:52,맥주,1,5000
2025-09-13,20:53,닭발,1,18000
2025-09-13,20:54,닭발,1,18000
2025-09-13,20:55,맥주,1,5000
2025-09-13,20:55,닭발,1,18000
2025-09-13,20:57,김치전,1,15000
2025-09-13,20:59,소주,1,5000
2025-09-13,20:59,하이볼,1,7000
2025-09-13,21:00,하이볼,1,7000
2025-09-13,21:02,맥주,1,5000
2025-09-13,21:03,소주,1,5000
2025-09-13,21:04,소주,1,5000
2025-09-13,21:04,소주,1,5000
2025-09-13,21:04,닭발,1,18000
2025-09-13,21:04,오돌뼈,1,17000
2025-09-13,21:05,맥주,1,5000
2025-09-13,21:06,맥주,1,5000
2025-09-13,21:06,하이볼,1,7000
2025-09-13,21:08,오돌뼈,1,17000
2025-09-13,21:09,소주,1,5000
2025-09-13,21:09,하이볼,1,7000
2025-09-13,21:10,김치전,1,15000
2025-09-13,21:11,소주,1,5000
2025-09-13,21:11,김치전,1,15000
2025-09-13,21:12,닭발,1,18000
2025-09-13,21:13,맥주,1,5000
2025-09-13,21:16,소주,1,5000
2025-09-13,21:17,맥주,1,5000
2025-09-13,21:17,맥주,1,5000
2025-09-13,21:20,소주,1,5000
2025-09-13,21:20,닭발,1,18000
2025-09-13,21:21,소주,1,5000
2025-09-13,21:21,소주,1,5000
2025-09-13,21:21,맥주,1,5000
2025-09-13,21:22,하이볼,1,7000
2025-09-13,21:22,김치전,1,15000
2025-09-13,21:23,닭발,1,18000
2025-09-13,21:24,맥주,1,5000
2025-09-13,21:25,소주,1,5000
2025-09-13,21:25,맥주,1,5000
2025-09-13,21:25,닭발,1,18000
2025-09-13,21:25,김치전,1,15000
2025-09-13,21:25,계란찜,1,7000
2025-09-13,21:26,소주,1,5000
2025-09-13,21:27,소주,1,5000
2025-09-13,21:28,소주,1,5000
2025-09-13,21:29,소주,1,5000
2025-09-13,21:29,오돌뼈,1,17000
2025-09-13,21:29,김치전,1,15000
2025-09-13,21:31,맥주,1,5000
2025-09-13,21:31,오돌뼈,1,17000
2025-09-13,21:31,계란찜,1,7000
2025-09-13,21:31,계란찜,1,7000
2025-09-13,21:32,소주,1,5000
2025-09-13,21:32,닭발,1,18000
2025-09-13,21:33,맥주,1,5000
2025-09-13,21:34,닭발,1,18000
2025-09-13,21:35,소주,1,5000
2025-09-13,21:36,소주,1,5000
2025-09-13,21:36,맥주,1,5000
2025-09-13,21:36,닭발,1,18000
2025-09-13,21:37,김치전,1,15000
2025-09-13,21:38,소주,1,5000
2025-09-13,21:38,닭발,1,18000
2025-09-13,21:39,소주,1,5000
2025-09-13,21:40,오돌뼈,1,17000
2025-09-13,21:41,소주,1,5000
2025-09-13,21:44,맥주,1,5000
2025-09-13,21:47,소주,1,5000
2025-09-13,21:48,하이볼,1,7000
2025-09-13,21:49,닭발,1,18000
2025-09-13,21:49,닭발,1,18000
2025-09-13,21:49,김치전,1,15000
2025-09-13,21:50,소주,1,5000
2025-09-13,21:50,오돌뼈,1,17000
2025-09-13,21:52,하이볼,1,7000
2025-09-13,21:53,오돌뼈,1,17000
2025-09-13,21:56,맥주,1,5000
2025-09-13,21:57,하이볼,1,7000
2025-09-13,21:58,하이볼,1,7000
2025-09-13,21:58,오돌뼈,1,17000
2025-09-13,21:59,소주,1,5000
2025-09-13,21:59,맥주,1,5000
2025-09-13,21:59,맥주,1,5000
2025-09-13,22:01,소주,1,5000
2025-09-13,22:02,오돌뼈,1,17000
2025-09-13,22:03,하이볼,1,7000
2025-09-13,22:08,오돌뼈,1,17000
2025-09-13,22:09,맥주,1,5000
2025-09-13,22:10,하이볼,1,7000
2025-09-13,22:15,닭발,1,18000
2025-09-13,22:20,소주,1,5000
2025-09-13,22:21,소주,1,5000
2025-09-13,22:22,하이볼,1,7000
2025-09-13,22:24,하이볼,1,7000
2025-09-13,22:25,소주,1,5000
2025-09-13,22:29,하이볼,1,7000
2025-09-13,22:29,김치전,1,15000
2025-09-13,22:31,닭발,1,18000
2025-09-13,22:31,김치전,1,15000
2025-09-13,22:31,계란찜,1,7000
2025-09-13,22:32,맥주,1,5000
2025-09-13,22:32,닭발,1,18000
2025-09-13,22:32,김치전,1,15000
2025-09-13,22:33,하이볼,1,7000
2025-09-13,22:35,계란찜,1,7000
2025-09-13,22:36,오돌뼈,1,17000
2025-09-13,22:37,닭발,1,18000
2025-09-13,22:38,계란찜,1,7000
2025-09-13,22:39,오돌뼈,1,17000
2025-09-13,22:40,하이볼,1,7000
2025-09-13,22:42,맥주,1,5000
2025-09-13,22:42,하이볼,1,7000
2025-09-13,22:49,소주,1,5000
2025-09-13,22:52,맥주,1,5000
2025-09-13,22:53,닭발,1,18000
2025-09-13,22:54,오돌뼈,1,17000
2025-09-13,22:56,계란찜,1,7000
2025-09-13,23:04,오돌뼈,1,17000
2025-09-13,23:07,계란찜,1,7000
2025-09-13,23:08,하이볼,1,7000
2025-09-13,23:09,김치전,1,15000
2025-09-13,23:13,계란찜,1,7000
2025-09-13,23:14,소주,1,5000
2025-09-13,23:16,소주,1,5000
2025-09-13,23:18,김치전,1,15000
2025-09-13,23:23,계란찜,1,7000
2025-09-13,23:26,하이볼,1,7000
2025-09-13,23:29,맥주,1,5000
2025-09-13,23:34,맥주,1,5000
2025-09-13,23:34,오돌뼈,1,17000
2025-09-13,23:38,맥주,1,5000
2025-09-13,23:42,오돌뼈,1,17000
2025-09-13,23:42,김치전,1,15000
2025-09-14,19:17,맥주,1,5000
2025-09-14,19:46,오돌뼈,1,17000
2025-09-14,19:51,맥주,1,5000
2025-09-14,19:56,소주,1,5000
2025-09-14,20:09,맥주,1,5000
2025-09-14,20:41,오돌뼈,1,17000
2025-09-14,20:41,오돌뼈,1,17000
2025-09-14,20:46,닭발,1,18000
2025-09-14,20:49,소주,1,5000
2025-09-14,20:49,오돌뼈,1,17000
2025-09-14,20:53,하이볼,1,7000
2025-09-14,20:56,맥주,1,5000
2025-09-14,20:57,소주,1,5000
2025-09-14,20:58,소주,1,5000
2025-09-14,21:01,김치전,1,15000
2025-09-14,21:02,하이볼,1,7000
2025-09-14,21:03,하이볼,1,7000
2025-09-14,21:05,소주,1,5000
2025-09-14,21:07,하이볼,1,7000
2025-09-14,21:13,닭발,1,18000
2025-09-14,21:19,닭발,1,18000
2025-09-14,21:21,닭발,1,18000
2025-09-14,21:21,계란찜,1,7000
2025-09-14,21:24,김치전,1,15000
2025-09-14,21:26,소주,1,5000
2025-09-14,21:27,계란찜,1,7000
2025-09-14,21:29,소주,1,5000
2025-09-14,21:30,소주,1,5000
2025-09-14,21:31,소주,1,5000
2025-09-14,21:31,오돌뼈,1,17000
2025-09-14,21:32,소주,1,5000
2025-09-14,21:33,하이볼,1,7000
2025-09-14,21:34,맥주,1,5000
2025-09-14,21:36,하이볼,1,7000
2025-09-14,21:39,소주,1,5000
2025-09-14,21:39,오돌뼈,1,17000
2025-09-14,21:40,소주,1,5000
2025-09-14,21:42,계란찜,1,7000
2025-09-14,21:44,닭발,1,18000
2025-09-14,21:44,계란찜,1,7000
2025-09-14,21:46,맥주,1,5000
2025-09-14,21:49,맥주,1,5000
2025-09-14,21:51,김치전,1,15000
2025-09-14,21:53,소주,1,5000
2025-09-14,21:57,소주,1,5000
2025-09-14,21:57,계란찜,1,7000
2025-09-14,21:59,맥주,1,5000
2025-09-14,22:01,맥주,1,5000
2025-09-14,22:03,하이볼,1,7000
2025-09-14,22:05,계란찜,1,7000
2025-09-14,22:13,소주,1,5000
2025-09-14,22:14,닭발,1,18000
2025-09-14,22:16,닭발,1,18000
2025-09-14,22:19,소주,1,5000
2025-09-14,22:20,맥주,1,5000
2025-09-14,22:21,하이볼,1,7000
2025-09-14,22:31,소주,1,5000
2025-09-14,22:31,닭발,1,18000
2025-09-14,22:32,소주,1,5000
2025-09-14,22:32,맥주,1,5000
2025-09-14,22:33,소주,1,5000
2025-09-14,22:34,하이볼,1,7000
2025-09-14,22:39,맥주,1,5000
2025-09-14,22:41,김치전,1,15000
2025-09-14,22:45,김치전,1,15000
2025-09-14,22:48,하이볼,1,7000
2025-09-14,22:52,맥주,1,5000
2025-09-14,22:56,맥주,1,5000
2025-09-14,22:57,오돌뼈,1,17000
2025-09-14,23:05,계란찜,1,7000
2025-09-14,23:08,맥주,1,5000
2025-09-14,23:10,소주,1,5000
2025-09-14,23:34,소주,1,5000
2025-09-14,23:36,맥주,1,5000
2025-09-14,23:50,맥주,1,5000
2025-09-15,19:22,하이볼,1,7000
2025-09-15,19:45,하이볼,1,7000
2025-09-15,19:47,소주,1,5000
2025-09-15,19:51,계란찜,1,7000
2025-09-15,19:54,소주,1,5000
2025-09-15,19:58,오돌뼈,1,17000
2025-09-15,20:04,맥주,1,5000
2025-09-15,20:06,오돌뼈,1,17000
2025-09-15,20:08,하이볼,1,7000
2025-09-15,20:10,맥주,1,5000
2025-09-15,20:13,닭발,1,18000
2025-09-15,20:15,계란찜,1,7000
2025-09-15,20:16,맥주,1,5000
2025-09-15,20:20,맥주,1,5000
2025-09-15,20:22,하이볼,1,7000
2025-09-15,20:23,맥주,1,5000
2025-09-15,20:24,오돌뼈,1,17000
2025-09-15,20:28,하이볼,1,7000
2025-09-15,20:30,맥주,1,5000
2025-09-15,20:31,소주,1,5000
2025-09-15,20:31,맥주,1,5000
2025-09-15,20:33,소주,1,5000
2025-09-15,20:33,김치전,1,15000
2025-09-15,20:34,하이볼,1,7000
2025-09-15,20:35,닭발,1,18000
2025-09-15,20:40,닭발,1,18000
2025-09-15,20:42,맥주,1,5000
2025-09-15,20:43,소주,1,5000
2025-09-15,20:46,소주,1,5000
2025-09-15,20:47,소주,1,5000
2025-09-15,20:47,하이볼,1,7000
2025-09-15,20:48,소주,1,5000
2025-09-15,20:52,소주,1,5000
2025-09-15,20:52,소주,1,5000
2025-09-15,20:55,소주,1,5000
2025-09-15,20:55,하이볼,1,7000
2025-09-15,20:59,계란찜,1,7000
2025-09-15,21:00,닭발,1,18000
2025-09-15,21:01,맥주,1,5000
2025-09-15,21:02,맥주,1,5000
2025-09-15,21:04,하이볼,1,7000
2025-09-15,21:04,오돌뼈,1,17000
2025-09-15,21:04,오돌뼈,1,17000
2025-09-15,21:05,맥주,1,5000
2025-09-15,21:08,하이볼,1,7000
2025-09-15,21:10,김치전,1,15000
2025-09-15,21:13,닭발,1,18000
2025-09-15,21:13,오돌뼈,1,17000
2025-09-15,21:15,소주,1,5000
2025-09-15,21:17,김치전,1,15000
2025-09-15,21:19,소주,1,5000
2025-09-15,21:19,계란찜,1,7000
2025-09-15,21:20,하이볼,1,7000
2025-09-15,21:20,닭발,1,18000
2025-09-15,21:23,계란찜,1,7000
2025-09-15,21:25,소주,1,5000
2025-09-15,21:25,하이볼,1,7000
2025-09-15,21:25,오돌뼈,1,17000
2025-09-15,21:28,오돌뼈,1,17000
2025-09-15,21:30,닭발,1,18000
2025-09-15,21:31,닭발,1,18000
2025-09-15,21:31,김치전,1,15000
2025-09-15,21:32,닭발,1,18000
2025-09-15,21:38,맥주,1,5000
2025-09-15,21:38,맥주,1,5000
2025-09-15,21:38,오돌뼈,1,17000
2025-09-15,21:38,오돌뼈,1,17000
2025-09-15,21:38,계란찜,1,7000
2025-09-15,21:40,오돌뼈,1,17000
2025-09-15,21:41,오돌뼈,1,17000
2025-09-15,21:44,소주,1,5000
2025-09-15,21:45,맥주,1,5000
2025-09-15,21:45,맥주,1,5000
2025-09-15,21:50,소주,1,5000
2025-09-15,21:54,맥주,1,5000
2025-09-15,21:54,김치전,1,15000
2025-09-15,21:54,계란찜,1,7000
2025-09-15,22:00,김치전,1,15000
2025-09-15,22:05,맥주,1,5000
2025-09-15,22:06,닭발,1,18000
2025-09-15,22:06,김치전,1,15000
2025-09-15,22:09,소주,1,5000
2025-09-15,22:13,소주,1,5000
2025-09-15,22:13,맥주,1,5000
2025-09-15,22:13,닭발,1,18000
2025-09-15,22:14,맥주,1,5000
2025-09-15,22:14,맥주,1,5000
2025-09-15,22:14,하이볼,1,7000
2025-09-15,22:14,닭발,1,18000
2025-09-15,22:15,소주,1,5000
2025-09-15,22:17,오돌뼈,1,17000
2025-09-15,22:18,소주,1,5000
2025-09-15,22:18,닭발,1,18000
2025-09-15,22:19,소주,1,5000
2025-09-15,22:21,닭발,1,18000
2025-09-15,22:23,계란찜,1,7000
2025-09-15,22:23,계란찜,1,7000
2025-09-15,22:27,하이볼,1,7000
2025-09-15,22:28,소주,1,5000
2025-09-15,22:29,소주,1,5000
2025-09-15,22:31,하이볼,1,7000
2025-09-15,22:33,맥주,1,5000
2025-09-15,22:34,계란찜,1,7000
2025-09-15,22:39,오돌뼈,1,17000
2025-09-15,22:42,맥주,1,5000
2025-09-15,22:43,소주,1,5000
2025-09-15,22:45,맥주,1,5000
2025-09-15,22:48,소주,1,5000
2025-09-15,22:48,닭발,1,18000
2025-09-15,22:52,소주,1,5000
2025-09-15,22:53,맥주,1,5000
2025-09-15,22:55,오돌뼈,1,17000
2025-09-15,22:56,계란찜,1,7000
2025-09-15,22:59,소주,1,5000
2025-09-15,22:59,닭발,1,18000
2025-09-15,23:01,소주,1,5000
2025-09-15,23:01,닭발,1,18000
2025-09-15,23:02,맥주,1,5000
2025-09-15,23:04,소주,1,5000
2025-09-15,23:04,소주,1,5000
2025-09-15,23:08,소주,1,5000
2025-09-15,23:42,김치전,1,15000
2025-09-15,23:46,김치전,1,15000
2025-09-15,23:50,맥주,1,5000
2025-09-15,23:50,맥주,1,5000
2025-09-16,19:08,소주,1,5000
2025-09-16,19:08,오돌뼈,1,17000
2025-09-16,19:13,소주,1,5000
2025-09-16,19:28,김치전,1,15000
2025-09-16,19:31,오돌뼈,1,17000
2025-09-16,19:31,계란찜,1,7000
2025-09-16,19:37,하이볼,1,7000
2025-09-16,19:39,맥주,1,5000
2025-09-16,19:43,하이볼,1,7000
2025-09-16,19:48,맥주,1,5000
2025-09-16,19:54,김치전,1,15000
2025-09-16,19:56,닭발,1,18000
2025-09-16,20:05,맥주,1,5000
2025-09-16,20:08,닭발,1,18000
2025-09-16,20:14,소주,1,5000
2025-09-16,20:15,소주,1,5000
2025-09-16,20:19,오돌뼈,1,17000
2025-09-16,20:20,하이볼,1,7000
2025-09-16,20:25,소주,1,5000
2025-09-16,20:31,계란찜,1,7000
2025-09-16,20:32,닭발,1,18000
2025-09-16,20:34,맥주,1,5000
2025-09-16,20:36,닭발,1,18000
2025-09-16,20:38,계란찜,1,7000
2025-09-16,20:39,오돌뼈,1,17000
2025-09-16,20:39,김치전,1,15000
2025-09-16,20:41,소주,1,5000
2025-09-16,20:42,계란찜,1,7000
2025-09-16,20:44,맥주,1,5000
2025-09-16,20:44,하이볼,1,7000
2025-09-16,20:48,소주,1,5000
2025-09-16,20:53,하이볼,1,7000
2025-09-16,20:54,소주,1,5000
2025-09-16,20:55,하이볼,1,7000
2025-09-16,20:56,오돌뼈,1,17000
2025-09-16,20:59,닭발,1,18000
2025-09-16,21:00,소주,1,5000
2025-09-16,21:00,하이볼,1,7000
2025-09-16,21:03,소주,1,5000
2025-09-16,21:03,닭발,1,18000
2025-09-16,21:03,닭발,1,18000
2025-09-16,21:07,오돌뼈,1,17000
2025-09-16,21:08,맥주,1,5000
2025-09-16,21:09,소주,1,5000
2025-09-16,21:09,소주,1,5000
2025-09-16,21:09,소주,1,5000
2025-09-16,21:09,맥주,1,5000
2025-09-16,21:12,맥주,1,5000
2025-09-16,21:12,김치전,1,15000
2025-09-16,21:17,소주,1,5000
2025-09-16,21:20,소주,1,5000
2025-09-16,21:20,맥주,1,5000
2025-09-16,21:20,하이볼,1,7000
2025-09-16,21:24,맥주,1,5000
2025-09-16,21:27,맥주,1,5000
2025-09-16,21:28,소주,1,5000
2025-09-16,21:28,닭발,1,18000
2025-09-16,21:28,계란찜,1,7000
2025-09-16,21:29,소주,1,5000
2025-09-16,21:29,닭발,1,18000
2025-09-16,21:31,오돌뼈,1,17000
2025-09-16,21:32,하이볼,1,7000
2025-09-16,21:34,맥주,1,5000
2025-09-16,21:34,김치전,1,15000
2025-09-16,21:37,소주,1,5000
2025-09-16,21:41,닭발,1,18000
2025-09-16,21:45,소주,1,5000
2025-09-16,21:45,닭발,1,18000
2025-09-16,21:46,소주,1,5000
2025-09-16,21:50,맥주,1,5000
2025-09-16,21:53,계란찜,1,7000
2025-09-16,21:54,계란찜,1,7000
2025-09-16,21:55,김치전,1,15000
2025-09-16,21:56,맥주,1,5000
2025-09-16,21:57,맥주,1,5000
2025-09-16,21:58,소주,1,5000
2025-09-16,21:58,닭발,1,18000
2025-09-16,22:00,맥주,1,5000
2025-09-16,22:00,오돌뼈,1,17000
2025-09-16,22:05,맥주,1,5000
2025-09-16,22:10,맥주,1,5000
2025-09-16,22:13,닭발,1,18000
2025-09-16,22:14,오돌뼈,1,17000
2025-09-16,22:16,김치전,1,15000
2025-09-16,22:17,소주,1,5000
2025-09-16,22:17,닭발,1,18000
2025-09-16,22:18,소주,1,5000
2025-09-16,22:18,계란찜,1,7000
2025-09-16,22:19,소주,1,5000
2025-09-16,22:19,김치전,1,15000
2025-09-16,22:20,맥주,1,5000
2025-09-16,22:22,소주,1,5000
2025-09-16,22:24,하이볼,1,7000
2025-09-16,22:24,오돌뼈,1,17000
2025-09-16,22:27,김치전,1,15000
2025-09-16,22:30,김치전,1,15000
2025-09-16,22:32,소주,1,5000
2025-09-16,22:32,하이볼,1,7000
2025-09-16,22:42,맥주,1,5000
2025-09-16,22:42,계란찜,1,7000
2025-09-16,22:43,닭발,1,18000
2025-09-16,22:45,하이볼,1,7000
2025-09-16,22:45,닭발,1,18000
2025-09-16,22:46,소주,1,5000
2025-09-16,22:50,소주,1,5000
2025-09-16,23:03,맥주,1,5000
2025-09-16,23:09,맥주,1,5000
2025-09-16,23:09,닭발,1,18000
2025-09-16,23:10,맥주,1,5000
2025-09-16,23:14,계란찜,1,7000
2025-09-16,23:16,소주,1,5000
2025-09-16,23:18,오돌뼈,1,17000
2025-09-16,23:18,김치전,1,15000
2025-09-16,23:23,소주,1,5000
2025-09-16,23:50,소주,1,5000
2025-09-16,23:50,맥주,1,5000
2025-09-17,19:19,맥주,1,5000
2025-09-17,19:19,하이볼,1,7000
2025-09-17,19:24,닭발,1,18000
2025-09-17,19:24,계란찜,1,7000
2025-09-17,19:28,소주,1,5000
2025-09-17,19:29,김치전,1,15000
2025-09-17,19:29,김치전,1,15000
2025-09-17,19:31,맥주,1,5000
2025-09-17,19:47,계란찜,1,7000
2025-09-17,19:49,맥주,1,5000
2025-09-17,19:51,맥주,1,5000
2025-09-17,19:53,소주,1,5000
2025-09-17,19:54,맥주,1,5000
2025-09-17,19:54,하이볼,1,7000
2025-09-17,19:55,하이볼,1,7000
2025-09-17,19:58,소주,1,5000
2025-09-17,19:58,닭발,1,18000
2025-09-17,19:59,소주,1,5000
2025-09-17,19:59,맥주,1,5000
2025-09-17,19:59,맥주,1,5000
2025-09-17,20:00,하이볼,1,7000
2025-09-17,20:00,계란찜,1,7000
2025-09-17,20:05,닭발,1,18000
2025-09-17,20:08,하이볼,1,7000
2025-09-17,20:13,오돌뼈,1,17000
2025-09-17,20:15,계란찜,1,7000
2025-09-17,20:16,닭발,1,18000
2025-09-17,20:17,소주,1,5000
2025-09-17,20:18,소주,1,5000
2025-09-17,20:20,소주,1,5000
2025-09-17,20:20,오돌뼈,1,17000
2025-09-17,20:21,맥주,1,5000
2025-09-17,20:22,계란찜,1,7000
2025-09-17,20:22,계란찜,1,7000
2025-09-17,20:24,소주,1,5000
2025-09-17,20:24,오돌뼈,1,17000
2025-09-17,20:24,김치전,1,15000
2025-09-17,20:25,오돌뼈,1,17000
2025-09-17,20:30,소주,1,5000
2025-09-17,20:30,맥주,1,5000
2025-09-17,20:33,계란찜,1,7000
2025-09-17,20:35,오돌뼈,1,17000
2025-09-17,20:36,소주,1,5000
2025-09-17,20:38,소주,1,5000
2025-09-17,20:39,소주,1,5000
2025-09-17,20:40,계란찜,1,7000
2025-09-17,20:42,오돌뼈,1,17000
2025-09-17,20:44,하이볼,1,7000
2025-09-17,20:45,하이볼,1,7000
2025-09-17,20:45,오돌뼈,1,17000
2025-09-17,20:46,소주,1,5000
2025-09-17,20:47,소주,1,5000
2025-09-17,20:50,김치전,1,15000
2025-09-17,20:52,맥주,1,5000
2025-09-17,20:52,오돌뼈,1,17000
2025-09-17,20:53,닭발,1,18000
2025-09-17,20:55,맥주,1,5000
2025-09-17,21:01,하이볼,1,7000
2025-09-17,21:03,계란찜,1,7000
2025-09-17,21:09,하이볼,1,7000
2025-09-17,21:09,김치전,1,15000
2025-09-17,21:09,김치전,1,15000
2025-09-17,21:10,소주,1,5000
2025-09-17,21:10,오돌뼈,1,17000
2025-09-17,21:11,소주,1,5000
2025-09-17,21:14,오돌뼈,1,17000
2025-09-17,21:15,하이볼,1,7000
2025-09-17,21:19,맥주,1,5000
2025-09-17,21:20,김치전,1,15000
2025-09-17,21:22,소주,1,5000
2025-09-17,21:23,계란찜,1,7000
2025-09-17,21:24,맥주,1,5000
2025-09-17,21:25,김치전,1,15000
2025-09-17,21:26,맥주,1,5000
2025-09-17,21:27,오돌뼈,1,17000
2025-09-17,21:28,오돌뼈,1,17000
2025-09-17,21:28,김치전,1,15000
2025-09-17,21:29,맥주,1,5000
2025-09-17,21:32,하이볼,1,7000
2025-09-17,21:32,닭발,1,18000
2025-09-17,21:33,닭발,1,18000
2025-09-17,21:35,닭발,1,18000
2025-09-17,21:38,김치전,1,15000
2025-09-17,21:39,소주,1,5000
2025-09-17,21:39,맥주,1,5000
2025-09-17,21:42,맥주,1,5000
2025-09-17,21:43,하이볼,1,7000
2025-09-17,21:44,소주,1,5000
2025-09-17,21:45,오돌뼈,1,17000
2025-09-17,21:46,소주,1,5000
2025-09-17,21:48,소주,1,5000
2025-09-17,21:48,맥주,1,5000
2025-09-17,21:51,소주,1,5000
2025-09-17,21:55,하이볼,1,7000
2025-09-17,21:59,소주,1,5000
2025-09-17,21:59,닭발,1,18000
2025-09-17,22:00,소주,1,5000
2025-09-17,22:00,맥주,1,5000
2025-09-17,22:02,김치전,1,15000
2025-09-17,22:03,소주,1,5000
2025-09-17,22:03,하이볼,1,7000
2025-09-17,22:04,소주,1,5000
2025-09-17,22:05,소주,1,5000
2025-09-17,22:05,닭발,1,18000
2025-09-17,22:07,김치전,1,15000
2025-09-17,22:09,맥주,1,5000
2025-09-17,22:09,닭발,1,18000
2025-09-17,22:10,맥주,1,5000
2025-09-17,22:12,닭발,1,18000
2025-09-17,22:12,계란찜,1,7000
2025-09-17,22:13,소주,1,5000
2025-09-17,22:13,닭발,1,18000
2025-09-17,22:14,소주,1,5000
2025-09-17,22:15,소주,1,5000
2025-09-17,22:15,하이볼,1,7000
2025-09-17,22:16,김치전,1,15000
2025-09-17,22:17,맥주,1,5000
2025-09-17,22:17,하이볼,1,7000
2025-09-17,22:19,소주,1,5000
2025-09-17,22:19,김치전,1,15000
2025-09-17,22:20,맥주,1,5000
2025-09-17,22:20,계란찜,1,7000
2025-09-17,22:21,김치전,1,15000
2025-09-17,22:25,소주,1,5000
2025-09-17,22:26,닭발,1,18000
2025-09-17,22:32,하이볼,1,7000
2025-09-17,22:36,김치전,1,15000
2025-09-17,22:36,김치전,1,15000
2025-09-17,22:37,맥주,1,5000
2025-09-17,22:43,맥주,1,5000
2025-09-17,22:46,맥주,1,5000
2025-09-17,22:47,닭발,1,18000
2025-09-17,22:49,맥주,1,5000
2025-09-17,22:49,오돌뼈,1,17000
2025-09-17,22:51,닭발,1,18000
2025-09-17,22:57,소주,1,5000
2025-09-17,22:57,맥주,1,5000
2025-09-17,23:04,닭발,1,18000
2025-09-17,23:05,오돌뼈,1,17000
2025-09-17,23:09,닭발,1,18000
2025-09-17,23:10,소주,1,5000
2025-09-17,23:14,하이볼,1,7000
2025-09-17,23:15,맥주,1,5000
2025-09-17,23:21,계란찜,1,7000
2025-09-17,23:22,맥주,1,5000
2025-09-17,23:24,소주,1,5000
2025-09-17,23:34,맥주,1,5000
2025-09-17,23:40,소주,1,5000
2025-09-18,19:03,하이볼,1,7000
2025-09-18,19:03,김치전,1,15000
2025-09-18,19:29,계란찜,1,7000
2025-09-18,19:30,닭발,1,18000
2025-09-18,19:33,맥주,1,5000
2025-09-18,19:37,맥주,1,5000
2025-09-18,19:40,닭발,1,18000
2025-09-18,19:42,맥주,1,5000
2025-09-18,19:45,하이볼,1,7000
2025-09-18,19:52,하이볼,1,7000
2025-09-18,19:53,닭발,1,18000
2025-09-18,20:04,소주,1,5000
2025-09-18,20:07,김치전,1,15000
2025-09-18,20:15,소주,1,5000
2025-09-18,20:22,맥주,1,5000
2025-09-18,20:24,맥주,1,5000
2025-09-18,20:26,하이볼,1,7000
2025-09-18,20:26,김치전,1,15000
2025-09-18,20:27,하이볼,1,7000
2025-09-18,20:28,하이볼,1,7000
2025-09-18,20:30,오돌뼈,1,17000
2025-09-18,20:31,오돌뼈,1,17000
2025-09-18,20:31,김치전,1,15000
2025-09-18,20:32,하이볼,1,7000
2025-09-18,20:33,닭발,1,18000
2025-09-18,20:34,닭발,1,18000
2025-09-18,20:38,소주,1,5000
2025-09-18,20:43,소주,1,5000
2025-09-18,20:43,맥주,1,5000
2025-09-18,20:43,김치전,1,15000
2025-09-18,20:44,소주,1,5000
2025-09-18,20:44,맥주,1,5000
2025-09-18,20:44,김치전,1,15000
2025-09-18,20:45,오돌뼈,1,17000
2025-09-18,20:45,김치전,1,15000
2025-09-18,20:48,닭발,1,18000
2025-09-18,20:49,소주,1,5000
2025-09-18,20:49,맥주,1,5000
2025-09-18,20:51,소주,1,5000
2025-09-18,20:53,소주,1,5000
2025-09-18,20:54,소주,1,5000
2025-09-18,20:54,김치전,1,15000
2025-09-18,20:55,소주,1,5000
2025-09-18,20:55,하이볼,1,7000
2025-09-18,20:56,소주,1,5000
2025-09-18,20:56,오돌뼈,1,17000
2025-09-18,20:56,계란찜,1,7000
2025-09-18,20:57,계란찜,1,7000
2025-09-18,20:59,소주,1,5000
2025-09-18,20:59,닭발,1,18000
2025-09-18,21:02,맥주,1,5000
2025-09-18,21:03,오돌뼈,1,17000
2025-09-18,21:06,소주,1,5000
2025-09-18,21:07,오돌뼈,1,17000
2025-09-18,21:08,소주,1,5000
2025-09-18,21:08,하이볼,1,7000
2025-09-18,21:08,닭발,1,18000
2025-09-18,21:08,닭발,1,18000
2025-09-18,21:10,소주,1,5000
2025-09-18,21:11,맥주,1,5000
2025-09-18,21:11,오돌뼈,1,17000
2025-09-18,21:12,김치전,1,15000
2025-09-18,21:13,맥주,1,5000
2025-09-18,21:19,소주,1,5000
2025-09-18,21:21,맥주,1,5000
2025-09-18,21:24,소주,1,5000
2025-09-18,21:24,맥주,1,5000
2025-09-18,21:28,김치전,1,15000
2025-09-18,21:29,맥주,1,5000
2025-09-18,21:29,맥주,1,5000
2025-09-18,21:29,계란찜,1,7000
2025-09-18,21:29,계란찜,1,7000
2025-09-18,21:30,오돌뼈,1,17000
2025-09-18,21:31,하이볼,1,7000
2025-09-18,21:31,닭발,1,18000
2025-09-18,21:31,오돌뼈,1,17000
2025-09-18,21:34,소주,1,5000
2025-09-18,21:35,맥주,1,5000
2025-09-18,21:35,닭발,1,18000
2025-09-18,21:37,소주,1,5000
2025-09-18,21:37,맥주,1,5000
2025-09-18,21:37,오돌뼈,1,17000
2025-09-18,21:38,하이볼,1,7000
2025-09-18,21:39,닭발,1,18000
2025-09-18,21:41,맥주,1,5000
2025-09-18,21:44,맥주,1,5000
2025-09-18,21:45,하이볼,1,7000
2025-09-18,21:45,오돌뼈,1,17000
2025-09-18,21:46,오돌뼈,1,17000
2025-09-18,21:47,맥주,1,5000
2025-09-18,21:47,닭발,1,18000
2025-09-18,21:51,맥주,1,5000
2025-09-18,21:51,맥주,1,5000
2025-09-18,21:52,소주,1,5000
2025-09-18,21:53,닭발,1,18000
2025-09-18,21:54,닭발,1,18000
2025-09-18,21:56,닭발,1,18000
2025-09-18,21:56,오돌뼈,1,17000
2025-09-18,21:57,닭발,1,18000
2025-09-18,21:57,닭발,1,18000
2025-09-18,22:00,하이볼,1,7000
2025-09-18,22:03,소주,1,5000
2025-09-18,22:03,소주,1,5000
2025-09-18,22:03,맥주,1,5000
2025-09-18,22:03,하이볼,1,7000
2025-09-18,22:07,소주,1,5000
2025-09-18,22:07,소주,1,5000
2025-09-18,22:08,하이볼,1,7000
2025-09-18,22:09,소주,1,5000
2025-09-18,22:09,오돌뼈,1,17000
2025-09-18,22:10,맥주,1,5000
2025-09-18,22:11,맥주,1,5000
2025-09-18,22:13,소주,1,5000
2025-09-18,22:13,맥주,1,5000
2025-09-18,22:13,오돌뼈,1,17000
2025-09-18,22:14,소주,1,5000
2025-09-18,22:15,김치전,1,15000
2025-09-18,22:16,오돌뼈,1,17000
2025-09-18,22:16,계란찜,1,7000
2025-09-18,22:17,맥주,1,5000
2025-09-18,22:17,닭발,1,18000
2025-09-18,22:18,맥주,1,5000
2025-09-18,22:18,닭발,1,18000
2025-09-18,22:18,오돌뼈,1,17000
2025-09-18,22:21,하이볼,1,7000
2025-09-18,22:22,닭발,1,18000
2025-09-18,22:24,소주,1,5000
2025-09-18,22:25,소주,1,5000
2025-09-18,22:28,오돌뼈,1,17000
2025-09-18,22:31,소주,1,5000
2025-09-18,22:31,맥주,1,5000
2025-09-18,22:39,소주,1,5000
2025-09-18,22:39,하이볼,1,7000
2025-09-18,22:40,소주,1,5000
2025-09-18,22:40,맥주,1,5000
2025-09-18,22:40,맥주,1,5000
2025-09-18,22:41,하이볼,1,7000
2025-09-18,22:42,소주,1,5000
2025-09-18,22:43,오돌뼈,1,17000
2025-09-18,22:44,맥주,1,5000
2025-09-18,22:44,하이볼,1,7000
2025-09-18,22:45,김치전,1,15000
2025-09-18,22:46,소주,1,5000
2025-09-18,22:55,계란찜,1,7000
2025-09-18,22:56,소주,1,5000
2025-09-18,22:56,계란찜,1,7000
2025-09-18,23:01,소주,1,5000
2025-09-18,23:06,소주,1,5000
2025-09-18,23:06,소주,1,5000
2025-09-18,23:07,소주,1,5000
2025-09-18,23:10,하이볼,1,7000
2025-09-18,23:16,맥주,1,5000
2025-09-18,23:16,김치전,1,15000
2025-09-18,23:17,소주,1,5000
2025-09-18,23:50,소주,1,5000
2025-09-18,23:50,맥주,1,5000
2025-09-18,23:50,맥주,1,5000
2025-09-18,23:50,계란찜,1,7000
2025-09-19,19:03,맥주,1,5000
2025-09-19,19:05,계란찜,1,7000
2025-09-19,19:27,하이볼,1,7000
2025-09-19,19:33,맥주,1,5000
2025-09-19,19:34,소주,1,5000
2025-09-19,19:34,맥주,1,5000
2025-09-19,19:39,닭발,1,18000
2025-09-19,19:41,소주,1,5000
2025-09-19,19:45,계란찜,1,7000
2025-09-19,19:46,소주,1,5000
2025-09-19,19:47,하이볼,1,7000
2025-09-19,19:50,계란찜,1,7000
2025-09-19,19:52,닭발,1,18000
2025-09-19,19:58,오돌뼈,1,17000
2025-09-19,20:02,계란찜,1,7000
2025-09-19,20:04,맥주,1,5000
2025-09-19,20:06,김치전,1,15000
2025-09-19,20:12,맥주,1,5000
2025-09-19,20:12,맥주,1,5000
2025-09-19,20:13,소주,1,5000
2025-09-19,20:15,맥주,1,5000
2025-09-19,20:15,오돌뼈,1,17000
2025-09-19,20:17,오돌뼈,1,17000
2025-09-19,20:19,맥주,1,5000
2025-09-19,20:23,맥주,1,5000
2025-09-19,20:25,맥주,1,5000
2025-09-19,20:25,닭발,1,18000
2025-09-19,20:28,소주,1,5000
2025-09-19,20:31,맥주,1,5000
2025-09-19,20:33,소주,1,5000
2025-09-19,20:33,소주,1,5000
2025-09-19,20:33,맥주,1,5000
2025-09-19,20:35,맥주,1,5000
2025-09-19,20:38,소주,1,5000
2025-09-19,20:38,소주,1,5000
2025-09-19,20:42,소주,1,5000
2025-09-19,20:43,오돌뼈,1,17000
2025-09-19,20:44,닭발,1,18000
2025-09-19,20:44,오돌뼈,1,17000
2025-09-19,20:48,오돌뼈,1,17000
2025-09-19,20:48,김치전,1,15000
2025-09-19,20:49,맥주,1,5000
2025-09-19,20:50,하이볼,1,7000
2025-09-19,20:51,닭발,1,18000
2025-09-19,20:52,소주,1,5000
2025-09-19,20:53,계란찜,1,7000
2025-09-19,20:55,김치전,1,15000
2025-09-19,20:56,오돌뼈,1,17000
2025-09-19,20:58,소주,1,5000
2025-09-19,20:59,소주,1,5000
2025-09-19,20:59,닭발,1,18000
2025-09-19,21:01,하이볼,1,7000
2025-09-19,21:01,김치전,1,15000
2025-09-19,21:03,오돌뼈,1,17000
2025-09-19,21:04,소주,1,5000
2025-09-19,21:04,오돌뼈,1,17000
2025-09-19,21:05,오돌뼈,1,17000
2025-09-19,21:05,계란찜,1,7000
2025-09-19,21:06,닭발,1,18000
2025-09-19,21:06,닭발,1,18000
2025-09-19,21:07,김치전,1,15000
2025-09-19,21:09,소주,1,5000
2025-09-19,21:09,맥주,1,5000
2025-09-19,21:09,하이볼,1,7000
2025-09-19,21:13,소주,1,5000
2025-09-19,21:13,오돌뼈,1,17000
2025-09-19,21:14,맥주,1,5000
2025-09-19,21:16,소주,1,5000
2025-09-19,21:16,소주,1,5000
2025-09-19,21:16,맥주,1,5000
2025-09-19,21:19,소주,1,5000
2025-09-19,21:19,하이볼,1,7000
2025-09-19,21:19,하이볼,1,7000
2025-09-19,21:19,오돌뼈,1,17000
2025-09-19,21:19,김치전,1,15000
2025-09-19,21:20,소주,1,5000
2025-09-19,21:20,하이볼,1,7000
2025-09-19,21:20,하이볼,1,7000
2025-09-19,21:20,닭발,1,18000
2025-09-19,21:20,닭발,1,18000
2025-09-19,21:21,맥주,1,5000
2025-09-19,21:22,소주,1,5000
2025-09-19,21:23,소주,1,5000
2025-09-19,21:23,닭발,1,18000
2025-09-19,21:24,소주,1,5000
2025-09-19,21:27,하이볼,1,7000
2025-09-19,21:28,맥주,1,5000
2025-09-19,21:28,김치전,1,15000
2025-09-19,21:29,하이볼,1,7000
2025-09-19,21:29,하이볼,1,7000
2025-09-19,21:29,닭발,1,18000
2025-09-19,21:31,하이볼,1,7000
2025-09-19,21:31,오돌뼈,1,17000
2025-09-19,21:32,맥주,1,5000
2025-09-19,21:32,계란찜,1,7000
2025-09-19,21:32,계란찜,1,7000
2025-09-19,21:34,소주,1,5000
2025-09-19,21:34,소주,1,5000
2025-09-19,21:34,계란찜,1,7000
2025-09-19,21:36,소주,1,5000
2025-09-19,21:37,맥주,1,5000
2025-09-19,21:37,하이볼,1,7000
2025-09-19,21:38,소주,1,5000
2025-09-19,21:38,맥주,1,5000
2025-09-19,21:38,맥주,1,5000
2025-09-19,21:39,김치전,1,15000
2025-09-19,21:41,하이볼,1,7000
2025-09-19,21:43,소주,1,5000
2025-09-19,21:43,맥주,1,5000
2025-09-19,21:43,맥주,1,5000
2025-09-19,21:44,닭발,1,18000
2025-09-19,21:45,닭발,1,18000
2025-09-19,21:47,소주,1,5000
2025-09-19,21:49,오돌뼈,1,17000
2025-09-19,21:50,맥주,1,5000
2025-09-19,21:50,김치전,1,15000
2025-09-19,21:52,닭발,1,18000
2025-09-19,21:54,맥주,1,5000
2025-09-19,21:54,하이볼,1,7000
2025-09-19,21:55,오돌뼈,1,17000
2025-09-19,21:56,맥주,1,5000
2025-09-19,21:57,계란찜,1,7000
2025-09-19,22:00,하이볼,1,7000
2025-09-19,22:00,오돌뼈,1,17000
2025-09-19,22:01,김치전,1,15000
2025-09-19,22:04,소주,1,5000
2025-09-19,22:05,소주,1,5000
2025-09-19,22:05,계란찜,1,7000
2025-09-19,22:06,소주,1,5000
2025-09-19,22:06,맥주,1,5000
2025-09-19,22:06,김치전,1,15000
2025-09-19,22:06,계란찜,1,7000
2025-09-19,22:07,소주,1,5000
2025-09-19,22:07,김치전,1,15000
2025-09-19,22:09,김치전,1,15000
2025-09-19,22:12,맥주,1,5000
2025-09-19,22:15,하이볼,1,7000
2025-09-19,22:15,오돌뼈,1,17000
2025-09-19,22:15,오돌뼈,1,17000
2025-09-19,22:16,소주,1,5000
2025-09-19,22:18,맥주,1,5000
2025-09-19,22:18,맥주,1,5000
2025-09-19,22:21,맥주,1,5000
2025-09-19,22:24,오돌뼈,1,17000
2025-09-19,22:27,닭발,1,18000
2025-09-19,22:29,소주,1,5000
2025-09-19,22:36,소주,1,5000
2025-09-19,22:37,닭발,1,18000
2025-09-19,22:37,계란찜,1,7000
2025-09-19,22:39,맥주,1,5000
2025-09-19,22:42,소주,1,5000
2025-09-19,22:42,소주,1,5000
2025-09-19,22:42,김치전,1,15000
2025-09-19,22:44,소주,1,5000
2025-09-19,22:45,맥주,1,5000
2025-09-19,22:45,닭발,1,18000
2025-09-19,22:47,소주,1,5000
2025-09-19,22:47,닭발,1,18000
2025-09-19,22:50,하이볼,1,7000
2025-09-19,22:52,소주,1,5000
2025-09-19,22:54,소주,1,5000
2025-09-19,22:55,맥주,1,5000
2025-09-19,22:58,맥주,1,5000
2025-09-19,22:59,맥주,1,5000
2025-09-19,23:00,하이볼,1,7000
2025-09-19,23:06,하이볼,1,7000
2025-09-19,23:07,맥주,1,5000
2025-09-19,23:13,하이볼,1,7000
2025-09-19,23:15,소주,1,5000
2025-09-19,23:17,소주,1,5000
2025-09-19,23:17,닭발,1,18000
2025-09-19,23:17,닭발,1,18000
2025-09-19,23:19,맥주,1,5000
2025-09-19,23:49,맥주,1,5000
2025-09-19,23:50,맥주,1,5000
2025-09-20,19:17,맥주,1,5000
2025-09-20,19:28,하이볼,1,7000
2025-09-20,19:34,오돌뼈,1,17000
2025-09-20,19:45,닭발,1,18000
2025-09-20,19:50,오돌뼈,1,17000
2025-09-20,19:50,김치전,1,15000
2025-09-20,19:53,계란찜,1,7000
2025-09-20,19:56,닭발,1,18000
2025-09-20,20:05,맥주,1,5000
2025-09-20,20:13,하이볼,1,7000
2025-09-20,20:17,김치전,1,15000
2025-09-20,20:18,맥주,1,5000
2025-09-20,20:22,계란찜,1,7000
2025-09-20,20:24,닭발,1,18000
2025-09-20,20:26,하이볼,1,7000
2025-09-20,20:30,소주,1,5000
2025-09-20,20:30,닭발,1,18000
2025-09-20,20:31,소주,1,5000
2025-09-20,20:31,계란찜,1,7000
2025-09-20,20:34,맥주,1,5000
2025-09-20,20:37,김치전,1,15000
2025-09-20,20:38,하이볼,1,7000
2025-09-20,20:39,오돌뼈,1,17000
2025-09-20,20:40,계란찜,1,7000
2025-09-20,20:41,맥주,1,5000
2025-09-20,20:43,소주,1,5000
2025-09-20,20:45,소주,1,5000
2025-09-20,20:46,닭발,1,18000
2025-09-20,20:52,맥주,1,5000
2025-09-20,20:53,소주,1,5000
2025-09-20,20:53,맥주,1,5000
2025-09-20,20:53,김치전,1,15000
2025-09-20,20:55,맥주,1,5000
2025-09-20,20:57,닭발,1,18000
2025-09-20,20:58,맥주,1,5000
2025-09-20,21:01,맥주,1,5000
2025-09-20,21:01,맥주,1,5000
2025-09-20,21:01,하이볼,1,7000
2025-09-20,21:02,닭발,1,18000
2025-09-20,21:05,계란찜,1,7000
2025-09-20,21:06,하이볼,1,7000
2025-09-20,21:07,하이볼,1,7000
2025-09-20,21:08,닭발,1,18000
2025-09-20,21:09,오돌뼈,1,17000
2025-09-20,21:10,소주,1,5000
2025-09-20,21:11,닭발,1,18000
2025-09-20,21:12,하이볼,1,7000
2025-09-20,21:12,계란찜,1,7000
2025-09-20,21:13,김치전,1,15000
2025-09-20,21:14,맥주,1,5000
2025-09-20,21:14,하이볼,1,7000
2025-09-20,21:16,닭발,1,18000
2025-09-20,21:18,김치전,1,15000
2025-09-20,21:21,맥주,1,5000
2025-09-20,21:23,소주,1,5000
2025-09-20,21:25,소주,1,5000
2025-09-20,21:25,소주,1,5000
2025-09-20,21:26,맥주,1,5000
2025-09-20,21:28,닭발,1,18000
2025-09-20,21:30,오돌뼈,1,17000
2025-09-20,21:30,김치전,1,15000
2025-09-20,21:33,오돌뼈,1,17000
2025-09-20,21:38,하이볼,1,7000
2025-09-20,21:38,오돌뼈,1,17000
2025-09-20,21:39,닭발,1,18000
2025-09-20,21:40,소주,1,5000
2025-09-20,21:40,맥주,1,5000
2025-09-20,21:40,하이볼,1,7000
2025-09-20,21:40,오돌뼈,1,17000
2025-09-20,21:42,소주,1,5000
2025-09-20,21:43,소주,1,5000
2025-09-20,21:43,맥주,1,5000
2025-09-20,21:45,소주,1,5000
2025-09-20,21:46,맥주,1,5000
2025-09-20,21:48,오돌뼈,1,17000
2025-09-20,21:49,소주,1,5000
2025-09-20,21:49,오돌뼈,1,17000
2025-09-20,21:49,계란찜,1,7000
2025-09-20,21:50,계란찜,1,7000
2025-09-20,21:51,하이볼,1,7000
2025-09-20,21:53,맥주,1,5000
2025-09-20,21:54,맥주,1,5000
2025-09-20,21:54,계란찜,1,7000
2025-09-20,21:58,소주,1,5000
2025-09-20,21:59,김치전,1,15000
2025-09-20,22:00,오돌뼈,1,17000
2025-09-20,22:01,맥주,1,5000
2025-09-20,22:02,소주,1,5000
2025-09-20,22:02,맥주,1,5000
2025-09-20,22:04,소주,1,5000
2025-09-20,22:04,맥주,1,5000
2025-09-20,22:04,닭발,1,18000
2025-09-20,22:05,맥주,1,5000
2025-09-20,22:05,닭발,1,18000
2025-09-20,22:09,소주,1,5000
2025-09-20,22:09,소주,1,5000
2025-09-20,22:10,맥주,1,5000
2025-09-20,22:13,맥주,1,5000
2025-09-20,22:15,김치전,1,15000
2025-09-20,22:17,소주,1,5000
2025-09-20,22:17,하이볼,1,7000
2025-09-20,22:20,김치전,1,15000
2025-09-20,22:21,소주,1,5000
2025-09-20,22:21,닭발,1,18000
2025-09-20,22:25,소주,1,5000
2025-09-20,22:25,오돌뼈,1,17000
2025-09-20,22:29,소주,1,5000
2025-09-20,22:30,계란찜,1,7000
2025-09-20,22:34,맥주,1,5000
2025-09-20,22:35,소주,1,5000
2025-09-20,22:42,소주,1,5000
2025-09-20,22:45,맥주,1,5000
2025-09-20,22:53,김치전,1,15000
2025-09-20,22:54,오돌뼈,1,17000
2025-09-20,22:55,김치전,1,15000
2025-09-20,23:00,하이볼,1,7000
2025-09-20,23:01,김치전,1,15000
2025-09-20,23:25,김치전,1,15000
2025-09-20,23:32,소주,1,5000
2025-09-20,23:50,소주,1,5000
2025-09-21,19:13,소주,1,5000
2025-09-21,19:17,소주,1,5000
2025-09-21,19:34,소주,1,5000
2025-09-21,20:09,오돌뼈,1,17000
2025-09-21,20:12,하이볼,1,7000
2025-09-21,20:21,계란찜,1,7000
2025-09-21,20:23,소주,1,5000
2025-09-21,20:31,김치전,1,15000
2025-09-21,20:39,하이볼,1,7000
2025-09-21,20:39,닭발,1,18000
2025-09-21,20:48,맥주,1,5000
2025-09-21,20:52,계란찜,1,7000
2025-09-21,20:55,맥주,1,5000
2025-09-21,20:55,닭발,1,18000
2025-09-21,20:57,소주,1,5000
2025-09-21,21:01,김치전,1,15000
2025-09-21,21:04,소주,1,5000
2025-09-21,21:07,하이볼,1,7000
2025-09-21,21:09,소주,1,5000
2025-09-21,21:13,소주,1,5000
2025-09-21,21:17,소주,1,5000
2025-09-21,21:19,맥주,1,5000
2025-09-21,21:21,김치전,1,15000
2025-09-21,21:25,김치전,1,15000
2025-09-21,21:27,계란찜,1,7000
2025-09-21,21:28,소주,1,5000
2025-09-21,21:36,오돌뼈,1,17000
2025-09-21,21:36,계란찜,1,7000
2025-09-21,21:38,맥주,1,5000
2025-09-21,21:38,하이볼,1,7000
2025-09-21,21:39,오돌뼈,1,17000
2025-09-21,21:41,하이볼,1,7000
2025-09-21,21:48,닭발,1,18000
2025-09-21,21:56,계란찜,1,7000
2025-09-21,21:57,맥주,1,5000
2025-09-21,21:57,닭발,1,18000
2025-09-21,21:58,소주,1,5000
2025-09-21,22:03,맥주,1,5000
2025-09-21,22:04,하이볼,1,7000
2025-09-21,22:09,소주,1,5000
2025-09-21,22:14,닭발,1,18000
2025-09-21,22:20,계란찜,1,7000
2025-09-21,22:30,맥주,1,5000
2025-09-21,22:37,소주,1,5000
2025-09-21,22:47,하이볼,1,7000
2025-09-21,22:51,소주,1,5000
2025-09-21,22:53,오돌뼈,1,17000
2025-09-21,22:56,맥주,1,5000
2025-09-21,22:59,김치전,1,15000
2025-09-21,23:05,맥주,1,5000
2025-09-21,23:19,오돌뼈,1,17000
2025-09-21,23:28,닭발,1,18000
2025-09-21,23:31,소주,1,5000
2025-09-21,23:38,계란찜,1,7000
2025-09-21,23:42,하이볼,1,7000
2025-09-21,23:50,맥주,1,5000
2025-09-22,18:36,닭발,1,18000
2025-09-22,19:03,맥주,1,5000
2025-09-22,19:30,소주,1,5000
2025-09-22,19:38,하이볼,1,7000
2025-09-22,19:39,맥주,1,5000
2025-09-22,20:06,소주,1,5000
2025-09-22,20:11,오돌뼈,1,17000
2025-09-22,20:15,닭발,1,18000
2025-09-22,20:19,오돌뼈,1,17000
2025-09-22,20:20,하이볼,1,7000
2025-09-22,20:23,계란찜,1,7000
2025-09-22,20:42,하이볼,1,7000
2025-09-22,20:45,소주,1,5000
2025-09-22,20:45,맥주,1,5000
2025-09-22,20:51,맥주,1,5000
2025-09-22,20:51,김치전,1,15000
2025-09-22,20:53,닭발,1,18000
2025-09-22,20:54,소주,1,5000
2025-09-22,20:55,맥주,1,5000
2025-09-22,20:57,오돌뼈,1,17000
2025-09-22,21:00,닭발,1,18000
2025-09-22,21:03,소주,1,5000
2025-09-22,21:05,맥주,1,5000
2025-09-22,21:13,닭발,1,18000
2025-09-22,21:16,소주,1,5000
2025-09-22,21:17,계란찜,1,7000
2025-09-22,21:18,김치전,1,15000
2025-09-22,21:23,닭발,1,18000
2025-09-22,21:24,닭발,1,18000
2025-09-22,21:25,소주,1,5000
2025-09-22,21:25,소주,1,5000
2025-09-22,21:25,닭발,1,18000
2025-09-22,21:40,맥주,1,5000
2025-09-22,21:40,맥주,1,5000
2025-09-22,21:44,소주,1,5000
2025-09-22,21:50,소주,1,5000
2025-09-22,21:50,맥주,1,5000
2025-09-22,21:54,소주,1,5000
2025-09-22,21:58,맥주,1,5000
2025-09-22,22:02,맥주,1,5000
2025-09-22,22:05,소주,1,5000
2025-09-22,22:08,맥주,1,5000
2025-09-22,22:11,오돌뼈,1,17000
2025-09-22,22:13,맥주,1,5000
2025-09-22,22:13,하이볼,1,7000
2025-09-22,22:19,맥주,1,5000
2025-09-22,22:19,닭발,1,18000
2025-09-22,22:21,소주,1,5000
2025-09-22,22:21,계란찜,1,7000
2025-09-22,22:22,오돌뼈,1,17000
2025-09-22,22:24,계란찜,1,7000
2025-09-22,22:39,김치전,1,15000
2025-09-22,23:00,소주,1,5000
2025-09-22,23:01,오돌뼈,1,17000
2025-09-22,23:08,하이볼,1,7000
2025-09-22,23:11,소주,1,5000
2025-09-22,23:39,소주,1,5000
2025-09-22,23:39,소주,1,5000
2025-09-23,19:17,하이볼,1,7000
2025-09-23,19:46,맥주,1,5000
2025-09-23,19:47,소주,1,5000
2025-09-23,19:49,닭발,1,18000
2025-09-23,19:50,하이볼,1,7000
2025-09-23,19:54,닭발,1,18000
2025-09-23,20:15,닭발,1,18000
2025-09-23,20:15,계란찜,1,7000
2025-09-23,20:20,소주,1,5000
2025-09-23,20:20,오돌뼈,1,17000
2025-09-23,20:21,닭발,1,18000
2025-09-23,20:24,오돌뼈,1,17000
2025-09-23,20:26,닭발,1,18000
2025-09-23,20:33,오돌뼈,1,17000
2025-09-23,20:39,소주,1,5000
2025-09-23,20:42,소주,1,5000
2025-09-23,20:43,맥주,1,5000
2025-09-23,20:46,소주,1,5000
2025-09-23,20:47,소주,1,5000
2025-09-23,20:47,하이볼,1,7000
2025-09-23,20:50,하이볼,1,7000
2025-09-23,21:00,소주,1,5000
2025-09-23,21:01,계란찜,1,7000
2025-09-23,21:10,소주,1,5000
2025-09-23,21:14,맥주,1,5000
2025-09-23,21:14,계란찜,1,7000
2025-09-23,21:15,오돌뼈,1,17000
2025-09-23,21:15,계란찜,1,7000
2025-09-23,21:16,하이볼,1,7000
2025-09-23,21:17,소주,1,5000
2025-09-23,21:18,맥주,1,5000
2025-09-23,21:20,하이볼,1,7000
2025-09-23,21:28,하이볼,1,7000
2025-09-23,21:30,닭발,1,18000
2025-09-23,21:31,맥주,1,5000
2025-09-23,21:32,닭발,1,18000
2025-09-23,21:36,맥주,1,5000
2025-09-23,21:38,소주,1,5000
2025-09-23,21:38,맥주,1,5000
2025-09-23,21:42,오돌뼈,1,17000
2025-09-23,21:43,소주,1,5000
2025-09-23,21:45,맥주,1,5000
2025-09-23,21:45,김치전,1,15000
2025-09-23,21:46,닭발,1,18000
2025-09-23,21:48,소주,1,5000
2025-09-23,21:48,하이볼,1,7000
2025-09-23,21:52,맥주,1,5000
2025-09-23,21:57,맥주,1,5000
2025-09-23,21:58,소주,1,5000
2025-09-23,21:59,소주,1,5000
2025-09-23,21:59,맥주,1,5000
2025-09-23,22:05,닭발,1,18000
2025-09-23,22:05,계란찜,1,7000
2025-09-23,22:06,소주,1,5000
2025-09-23,22:07,계란찜,1,7000
2025-09-23,22:11,소주,1,5000
2025-09-23,22:11,맥주,1,5000
2025-09-23,22:11,닭발,1,18000
2025-09-23,22:11,오돌뼈,1,17000
2025-09-23,22:12,맥주,1,5000
2025-09-23,22:15,소주,1,5000
2025-09-23,22:15,계란찜,1,7000
2025-09-23,22:16,하이볼,1,7000
2025-09-23,22:17,김치전,1,15000
2025-09-23,22:18,맥주,1,5000
2025-09-23,22:21,맥주,1,5000
2025-09-23,22:21,김치전,1,15000
2025-09-23,22:23,맥주,1,5000
2025-09-23,22:24,소주,1,5000
2025-09-23,22:25,닭발,1,18000
2025-09-23,22:26,소주,1,5000
2025-09-23,22:27,김치전,1,15000
2025-09-23,22:29,맥주,1,5000
2025-09-23,22:39,김치전,1,15000
2025-09-23,22:40,오돌뼈,1,17000
2025-09-23,22:46,하이볼,1,7000
2025-09-23,22:47,하이볼,1,7000
2025-09-23,22:53,김치전,1,15000
2025-09-23,22:56,소주,1,5000
2025-09-23,22:57,소주,1,5000
2025-09-23,23:02,소주,1,5000
2025-09-23,23:06,오돌뼈,1,17000
2025-09-23,23:23,하이볼,1,7000
2025-09-24,19:16,오돌뼈,1,17000
2025-09-24,19:41,김치전,1,15000
2025-09-24,19:42,맥주,1,5000
2025-09-24,20:03,맥주,1,5000
2025-09-24,20:03,오돌뼈,1,17000
2025-09-24,20:05,소주,1,5000
2025-09-24,20:06,오돌뼈,1,17000
2025-09-24,20:09,김치전,1,15000
2025-09-24,20:14,소주,1,5000
2025-09-24,20:16,맥주,1,5000
2025-09-24,20:21,소주,1,5000
2025-09-24,20:23,김치전,1,15000
2025-09-24,20:24,소주,1,5000
2025-09-24,20:26,소주,1,5000
2025-09-24,20:26,맥주,1,5000
2025-09-24,20:27,오돌뼈,1,17000
2025-09-24,20:29,소주,1,5000
2025-09-24,20:38,맥주,1,5000
2025-09-24,20:43,오돌뼈,1,17000
2025-09-24,20:44,맥주,1,5000
2025-09-24,20:48,닭발,1,18000
2025-09-24,20:52,소주,1,5000
2025-09-24,20:53,맥주,1,5000
2025-09-24,20:53,하이볼,1,7000
2025-09-24,20:54,소주,1,5000
2025-09-24,20:55,닭발,1,18000
2025-09-24,20:58,하이볼,1,7000
2025-09-24,20:58,김치전,1,15000
2025-09-24,20:59,소주,1,5000
2025-09-24,21:01,하이볼,1,7000
2025-09-24,21:02,맥주,1,5000
2025-09-24,21:02,닭발,1,18000
2025-09-24,21:02,닭발,1,18000
2025-09-24,21:06,맥주,1,5000
2025-09-24,21:12,하이볼,1,7000
2025-09-24,21:12,김치전,1,15000
2025-09-24,21:13,소주,1,5000
2025-09-24,21:17,하이볼,1,7000
2025-09-24,21:20,하이볼,1,7000
2025-09-24,21:21,하이볼,1,7000
2025-09-24,21:24,닭발,1,18000
2025-09-24,21:28,김치전,1,15000
2025-09-24,21:35,소주,1,5000
2025-09-24,21:36,닭발,1,18000
2025-09-24,21:36,오돌뼈,1,17000
2025-09-24,21:38,맥주,1,5000
2025-09-24,21:39,소주,1,5000
2025-09-24,21:42,오돌뼈,1,17000
2025-09-24,21:42,오돌뼈,1,17000
2025-09-24,21:48,맥주,1,5000
2025-09-24,21:55,닭발,1,18000
2025-09-24,21:56,하이볼,1,7000
2025-09-24,21:59,하이볼,1,7000
2025-09-24,22:01,소주,1,5000
2025-09-24,22:01,계란찜,1,7000
2025-09-24,22:05,맥주,1,5000
2025-09-24,22:07,맥주,1,5000
2025-09-24,22:10,계란찜,1,7000
2025-09-24,22:11,닭발,1,18000
2025-09-24,22:15,맥주,1,5000
2025-09-24,22:17,닭발,1,18000
2025-09-24,22:17,오돌뼈,1,17000
2025-09-24,22:25,김치전,1,15000
2025-09-24,22:30,맥주,1,5000
2025-09-24,22:33,닭발,1,18000
2025-09-24,22:36,하이볼,1,7000
2025-09-24,22:37,맥주,1,5000
2025-09-24,22:37,하이볼,1,7000
2025-09-24,22:47,계란찜,1,7000
2025-09-24,22:48,소주,1,5000
2025-09-24,22:49,닭발,1,18000
2025-09-24,23:14,소주,1,5000
2025-09-24,23:38,맥주,1,5000
2025-09-24,23:39,소주,1,5000
2025-09-24,23:46,소주,1,5000
2025-09-25,19:15,하이볼,1,7000
2025-09-25,19:24,계란찜,1,7000
2025-09-25,19:29,닭발,1,18000
2025-09-25,19:34,소주,1,5000
2025-09-25,19:42,오돌뼈,1,17000
2025-09-25,19:47,하이볼,1,7000
2025-09-25,19:53,맥주,1,5000
2025-09-25,19:59,소주,1,5000
2025-09-25,20:02,소주,1,5000
2025-09-25,20:03,맥주,1,5000
2025-09-25,20:11,소주,1,5000
2025-09-25,20:20,닭발,1,18000
2025-09-25,20:21,오돌뼈,1,17000
2025-09-25,20:23,하이볼,1,7000
2025-09-25,20:23,닭발,1,18000
2025-09-25,20:25,소주,1,5000
2025-09-25,20:28,맥주,1,5000
2025-09-25,20:29,김치전,1,15000
2025-09-25,20:30,하이볼,1,7000
2025-09-25,20:31,맥주,1,5000
2025-09-25,20:33,소주,1,5000
2025-09-25,20:33,맥주,1,5000
2025-09-25,20:33,하이볼,1,7000
2025-09-25,20:34,소주,1,5000
2025-09-25,20:35,맥주,1,5000
2025-09-25,20:39,오돌뼈,1,17000
2025-09-25,20:42,맥주,1,5000
2025-09-25,20:45,소주,1,5000
2025-09-25,20:45,맥주,1,5000
2025-09-25,20:45,계란찜,1,7000
2025-09-25,20:46,하이볼,1,7000
2025-09-25,20:47,닭발,1,18000
2025-09-25,20:51,소주,1,5000
2025-09-25,20:52,소주,1,5000
2025-09-25,20:52,계란찜,1,7000
2025-09-25,20:53,하이볼,1,7000
2025-09-25,20:53,계란찜,1,7000
2025-09-25,20:55,김치전,1,15000
2025-09-25,20:59,닭발,1,18000
2025-09-25,21:01,소주,1,5000
2025-09-25,21:02,맥주,1,5000
2025-09-25,21:04,하이볼,1,7000
2025-09-25,21:04,닭발,1,18000
2025-09-25,21:11,김치전,1,15000
2025-09-25,21:13,맥주,1,5000
2025-09-25,21:16,오돌뼈,1,17000
2025-09-25,21:17,닭발,1,18000
2025-09-25,21:21,소주,1,5000
2025-09-25,21:22,맥주,1,5000
2025-09-25,21:23,소주,1,5000
2025-09-25,21:23,오돌뼈,1,17000
2025-09-25,21:27,소주,1,5000
2025-09-25,21:27,김치전,1,15000
2025-09-25,21:30,계란찜,1,7000
2025-09-25,21:32,맥주,1,5000
2025-09-25,21:32,하이볼,1,7000
2025-09-25,21:34,소주,1,5000
2025-09-25,21:34,닭발,1,18000
2025-09-25,21:37,소주,1,5000
2025-09-25,21:41,계란찜,1,7000
2025-09-25,21:43,하이볼,1,7000
2025-09-25,21:43,닭발,1,18000
2025-09-25,21:45,맥주,1,5000
2025-09-25,21:45,닭발,1,18000
2025-09-25,21:46,오돌뼈,1,17000
2025-09-25,21:48,김치전,1,15000
2025-09-25,21:49,소주,1,5000
2025-09-25,21:50,소주,1,5000
2025-09-25,21:52,오돌뼈,1,17000
2025-09-25,21:52,오돌뼈,1,17000
2025-09-25,21:53,계란찜,1,7000
2025-09-25,21:55,오돌뼈,1,17000
2025-09-25,21:59,닭발,1,18000
2025-09-25,22:00,오돌뼈,1,17000
2025-09-25,22:03,소주,1,5000
2025-09-25,22:03,계란찜,1,7000
2025-09-25,22:04,하이볼,1,7000
2025-09-25,22:07,맥주,1,5000
2025-09-25,22:08,소주,1,5000
2025-09-25,22:11,소주,1,5000
2025-09-25,22:11,오돌뼈,1,17000
2025-09-25,22:12,오돌뼈,1,17000
2025-09-25,22:13,맥주,1,5000
2025-09-25,22:13,김치전,1,15000
2025-09-25,22:15,닭발,1,18000
2025-09-25,22:16,오돌뼈,1,17000
2025-09-25,22:17,맥주,1,5000
2025-09-25,22:20,소주,1,5000
2025-09-25,22:20,맥주,1,5000
2025-09-25,22:30,김치전,1,15000
2025-09-25,22:31,맥주,1,5000
2025-09-25,22:33,맥주,1,5000
2025-09-25,22:34,소주,1,5000
2025-09-25,22:36,맥주,1,5000
2025-09-25,22:37,김치전,1,15000
2025-09-25,22:43,소주,1,5000
2025-09-25,22:49,맥주,1,5000
2025-09-25,22:49,김치전,1,15000
2025-09-25,22:51,계란찜,1,7000
2025-09-25,22:52,맥주,1,5000
2025-09-25,22:55,맥주,1,5000
2025-09-25,23:01,하이볼,1,7000
2025-09-25,23:03,닭발,1,18000
2025-09-25,23:14,하이볼,1,7000
2025-09-25,23:16,김치전,1,15000
2025-09-25,23:31,맥주,1,5000
2025-09-25,23:37,닭발,1,18000
2025-09-25,23:50,소주,1,5000
2025-09-25,23:50,맥주,1,5000
2025-09-26,18:33,소주,1,5000
2025-09-26,19:08,소주,1,5000
2025-09-26,19:18,맥주,1,5000
2025-09-26,19:23,하이볼,1,7000
2025-09-26,19:25,맥주,1,5000
2025-09-26,19:34,계란찜,1,7000
2025-09-26,19:40,소주,1,5000
2025-09-26,19:41,김치전,1,15000
2025-09-26,19:50,소주,1,5000
2025-09-26,19:50,김치전,1,15000
2025-09-26,19:57,맥주,1,5000
2025-09-26,20:01,닭발,1,18000
2025-09-26,20:05,맥주,1,5000
2025-09-26,20:07,소주,1,5000
2025-09-26,20:11,닭발,1,18000
2025-09-26,20:16,소주,1,5000
2025-09-26,20:18,닭발,1,18000
2025-09-26,20:19,김치전,1,15000
2025-09-26,20:23,오돌뼈,1,17000
2025-09-26,20:24,닭발,1,18000
2025-09-26,20:27,맥주,1,5000
2025-09-26,20:28,계란찜,1,7000
2025-09-26,20:33,맥주,1,5000
2025-09-26,20:36,닭발,1,18000
2025-09-26,20:41,하이볼,1,7000
2025-09-26,20:44,계란찜,1,7000
2025-09-26,20:47,소주,1,5000
2025-09-26,20:48,맥주,1,5000
2025-09-26,20:50,닭발,1,18000
2025-09-26,20:53,소주,1,5000
2025-09-26,20:54,계란찜,1,7000
2025-09-26,20:56,소주,1,5000
2025-09-26,20:57,맥주,1,5000
2025-09-26,21:00,소주,1,5000
2025-09-26,21:01,소주,1,5000
2025-09-26,21:01,계란찜,1,7000
2025-09-26,21:05,소주,1,5000
2025-09-26,21:05,김치전,1,15000
2025-09-26,21:06,소주,1,5000
2025-09-26,21:12,오돌뼈,1,17000
2025-09-26,21:13,오돌뼈,1,17000
2025-09-26,21:15,맥주,1,5000
2025-09-26,21:15,닭발,1,18000
2025-09-26,21:16,맥주,1,5000
2025-09-26,21:20,하이볼,1,7000
2025-09-26,21:22,오돌뼈,1,17000
2025-09-26,21:27,소주,1,5000
2025-09-26,21:27,맥주,1,5000
2025-09-26,21:28,계란찜,1,7000
2025-09-26,21:29,소주,1,5000
2025-09-26,21:30,소주,1,5000
2025-09-26,21:30,맥주,1,5000
2025-09-26,21:30,김치전,1,15000
2025-09-26,21:30,김치전,1,15000
2025-09-26,21:31,소주,1,5000
2025-09-26,21:31,김치전,1,15000
2025-09-26,21:32,소주,1,5000
2025-09-26,21:32,소주,1,5000
2025-09-26,21:32,맥주,1,5000
2025-09-26,21:32,오돌뼈,1,17000
2025-09-26,21:35,계란찜,1,7000
2025-09-26,21:37,소주,1,5000
2025-09-26,21:37,닭발,1,18000
2025-09-26,21:38,소주,1,5000
2025-09-26,21:38,하이볼,1,7000
2025-09-26,21:41,하이볼,1,7000
2025-09-26,21:42,닭발,1,18000
2025-09-26,21:42,오돌뼈,1,17000
2025-09-26,21:42,김치전,1,15000
2025-09-26,21:43,소주,1,5000
2025-09-26,21:44,맥주,1,5000
2025-09-26,21:44,오돌뼈,1,17000
2025-09-26,21:45,김치전,1,15000
2025-09-26,21:46,맥주,1,5000
2025-09-26,21:48,하이볼,1,7000
2025-09-26,21:48,오돌뼈,1,17000
2025-09-26,21:51,맥주,1,5000
2025-09-26,21:53,닭발,1,18000
2025-09-26,21:54,하이볼,1,7000
2025-09-26,21:56,맥주,1,5000
2025-09-26,21:57,하이볼,1,7000
2025-09-26,21:59,닭발,1,18000
2025-09-26,21:59,오돌뼈,1,17000
2025-09-26,21:59,계란찜,1,7000
2025-09-26,22:00,닭발,1,18000
2025-09-26,22:01,소주,1,5000
2025-09-26,22:01,닭발,1,18000
2025-09-26,22:01,오돌뼈,1,17000
2025-09-26,22:04,맥주,1,5000
2025-09-26,22:05,맥주,1,5000
2025-09-26,22:05,닭발,1,18000
2025-09-26,22:06,닭발,1,18000
2025-09-26,22:08,소주,1,5000
2025-09-26,22:08,닭발,1,18000
2025-09-26,22:10,소주,1,5000
2025-09-26,22:10,맥주,1,5000
2025-09-26,22:12,소주,1,5000
2025-09-26,22:13,맥주,1,5000
2025-09-26,22:13,맥주,1,5000
2025-09-26,22:14,하이볼,1,7000
2025-09-26,22:14,하이볼,1,7000
2025-09-26,22:15,오돌뼈,1,17000
2025-09-26,22:16,소주,1,5000
2025-09-26,22:18,하이볼,1,7000
2025-09-26,22:19,닭발,1,18000
2025-09-26,22:19,김치전,1,15000
2025-09-26,22:20,맥주,1,5000
2025-09-26,22:21,오돌뼈,1,17000
2025-09-26,22:22,계란찜,1,7000
2025-09-26,22:23,하이볼,1,7000
2025-09-26,22:26,하이볼,1,7000
2025-09-26,22:30,맥주,1,5000
2025-09-26,22:32,닭발,1,18000
2025-09-26,22:32,오돌뼈,1,17000
2025-09-26,22:34,소주,1,5000
2025-09-26,22:37,맥주,1,5000
2025-09-26,22:37,맥주,1,5000
2025-09-26,22:38,하이볼,1,7000
2025-09-26,22:38,하이볼,1,7000
2025-09-26,22:39,맥주,1,5000
2025-09-26,22:40,계란찜,1,7000
2025-09-26,22:44,소주,1,5000
2025-09-26,22:44,오돌뼈,1,17000
2025-09-26,22:46,오돌뼈,1,17000
2025-09-26,22:47,소주,1,5000
2025-09-26,22:50,소주,1,5000
2025-09-26,22:50,소주,1,5000
2025-09-26,22:51,맥주,1,5000
2025-09-26,22:52,오돌뼈,1,17000
2025-09-26,22:53,하이볼,1,7000
2025-09-26,22:53,김치전,1,15000
2025-09-26,22:56,계란찜,1,7000
2025-09-26,22:57,닭발,1,18000
2025-09-26,22:59,오돌뼈,1,17000
2025-09-26,23:01,계란찜,1,7000
2025-09-26,23:10,닭발,1,18000
2025-09-26,23:41,하이볼,1,7000
2025-09-26,23:43,맥주,1,5000
2025-09-26,23:45,김치전,1,15000
2025-09-26,23:47,소주,1,5000
2025-09-26,23:50,소주,1,5000
2025-09-27,19:20,하이볼,1,7000
2025-09-27,19:24,닭발,1,18000
2025-09-27,19:34,소주,1,5000
2025-09-27,19:46,소주,1,5000
2025-09-27,19:47,김치전,1,15000
2025-09-27,19:48,맥주,1,5000
2025-09-27,19:52,하이볼,1,7000
2025-09-27,19:52,김치전,1,15000
2025-09-27,19:54,소주,1,5000
2025-09-27,19:59,소주,1,5000
2025-09-27,20:02,소주,1,5000
2025-09-27,20:03,하이볼,1,7000
2025-09-27,20:05,맥주,1,5000
2025-09-27,20:08,소주,1,5000
2025-09-27,20:12,닭발,1,18000
2025-09-27,20:15,맥주,1,5000
2025-09-27,20:17,맥주,1,5000
2025-09-27,20:21,하이볼,1,7000
2025-09-27,20:23,계란찜,1,7000
2025-09-27,20:24,소주,1,5000
2025-09-27,20:25,오돌뼈,1,17000
2025-09-27,20:32,소주,1,5000
2025-09-27,20:32,닭발,1,18000
2025-09-27,20:36,김치전,1,15000
2025-09-27,20:38,맥주,1,5000
2025-09-27,20:38,닭발,1,18000
2025-09-27,20:42,계란찜,1,7000
2025-09-27,20:45,소주,1,5000
2025-09-27,20:48,닭발,1,18000
2025-09-27,20:50,계란찜,1,7000
2025-09-27,20:52,맥주,1,5000
2025-09-27,20:54,하이볼,1,7000
2025-09-27,20:56,김치전,1,15000
2025-09-27,20:58,맥주,1,5000
2025-09-27,20:58,닭발,1,18000
2025-09-27,20:58,김치전,1,15000
2025-09-27,20:59,오돌뼈,1,17000
2025-09-27,21:00,하이볼,1,7000
2025-09-27,21:03,계란찜,1,7000
2025-09-27,21:04,맥주,1,5000
2025-09-27,21:04,맥주,1,5000
2025-09-27,21:06,닭발,1,18000
2025-09-27,21:07,맥주,1,5000
2025-09-27,21:08,소주,1,5000
2025-09-27,21:09,하이볼,1,7000
2025-09-27,21:11,맥주,1,5000
2025-09-27,21:14,소주,1,5000
2025-09-27,21:14,오돌뼈,1,17000
2025-09-27,21:14,오돌뼈,1,17000
2025-09-27,21:15,오돌뼈,1,17000
2025-09-27,21:16,소주,1,5000
2025-09-27,21:16,소주,1,5000
2025-09-27,21:18,소주,1,5000
2025-09-27,21:19,오돌뼈,1,17000
2025-09-27,21:20,오돌뼈,1,17000
2025-09-27,21:20,오돌뼈,1,17000
2025-09-27,21:21,하이볼,1,7000
2025-09-27,21:22,맥주,1,5000
2025-09-27,21:24,소주,1,5000
2025-09-27,21:26,닭발,1,18000
2025-09-27,21:28,하이볼,1,7000
2025-09-27,21:28,닭발,1,18000
2025-09-27,21:28,계란찜,1,7000
2025-09-27,21:29,맥주,1,5000
2025-09-27,21:30,맥주,1,5000
2025-09-27,21:30,닭발,1,18000
2025-09-27,21:31,소주,1,5000
2025-09-27,21:31,맥주,1,5000
2025-09-27,21:34,맥주,1,5000
2025-09-27,21:38,하이볼,1,7000
2025-09-27,21:39,소주,1,5000
2025-09-27,21:42,닭발,1,18000
2025-09-27,21:42,김치전,1,15000
2025-09-27,21:43,김치전,1,15000
2025-09-27,21:47,소주,1,5000
2025-09-27,21:48,김치전,1,15000
2025-09-27,21:50,닭발,1,18000
2025-09-27,21:54,닭발,1,18000
2025-09-27,21:55,소주,1,5000
2025-09-27,21:56,맥주,1,5000
2025-09-27,21:57,맥주,1,5000
2025-09-27,21:59,맥주,1,5000
2025-09-27,22:01,맥주,1,5000
2025-09-27,22:01,맥주,1,5000
2025-09-27,22:04,하이볼,1,7000
2025-09-27,22:04,닭발,1,18000
2025-09-27,22:06,소주,1,5000
2025-09-27,22:08,맥주,1,5000
2025-09-27,22:08,하이볼,1,7000
2025-09-27,22:12,소주,1,5000
2025-09-27,22:12,계란찜,1,7000
2025-09-27,22:13,맥주,1,5000
2025-09-27,22:13,오돌뼈,1,17000
2025-09-27,22:13,김치전,1,15000
2025-09-27,22:18,소주,1,5000
2025-09-27,22:21,소주,1,5000
2025-09-27,22:21,하이볼,1,7000
2025-09-27,22:25,소주,1,5000
2025-09-27,22:25,맥주,1,5000
2025-09-27,22:31,소주,1,5000
2025-09-27,22:34,닭발,1,18000
2025-09-27,22:34,닭발,1,18000
2025-09-27,22:36,소주,1,5000
2025-09-27,22:37,맥주,1,5000
2025-09-27,22:38,김치전,1,15000
2025-09-27,22:41,오돌뼈,1,17000
2025-09-27,22:42,김치전,1,15000
2025-09-27,22:43,계란찜,1,7000
2025-09-27,22:44,소주,1,5000
2025-09-27,22:44,닭발,1,18000
2025-09-27,22:50,계란찜,1,7000
2025-09-27,22:52,하이볼,1,7000
2025-09-27,22:54,하이볼,1,7000
2025-09-27,22:54,김치전,1,15000
2025-09-27,22:55,닭발,1,18000
2025-09-27,22:56,소주,1,5000
2025-09-27,22:58,맥주,1,5000
2025-09-27,23:01,소주,1,5000
2025-09-27,23:01,오돌뼈,1,17000
2025-09-27,23:09,소주,1,5000
2025-09-27,23:10,오돌뼈,1,17000
2025-09-27,23:13,계란찜,1,7000
2025-09-27,23:20,김치전,1,15000
2025-09-27,23:28,오돌뼈,1,17000
2025-09-27,23:38,소주,1,5000
2025-09-27,23:50,닭발,1,18000
2025-09-27,23:50,오돌뼈,1,17000
2025-09-27,23:50,오돌뼈,1,17000
2025-09-28,19:01,맥주,1,5000
2025-09-28,19:14,소주,1,5000
2025-09-28,19:34,오돌뼈,1,17000
2025-09-28,20:00,닭발,1,18000
2025-09-28,20:01,계란찜,1,7000
2025-09-28,20:02,소주,1,5000
2025-09-28,20:03,하이볼,1,7000
2025-09-28,20:12,맥주,1,5000
2025-09-28,20:24,김치전,1,15000
2025-09-28,20:31,맥주,1,5000
2025-09-28,20:31,계란찜,1,7000
2025-09-28,20:35,닭발,1,18000
2025-09-28,20:37,하이볼,1,7000
2025-09-28,20:40,오돌뼈,1,17000
2025-09-28,20:41,맥주,1,5000
2025-09-28,20:46,닭발,1,18000
2025-09-28,20:49,김치전,1,15000
2025-09-28,20:49,김치전,1,15000
2025-09-28,20:53,맥주,1,5000
2025-09-28,20:58,소주,1,5000
2025-09-28,20:59,계란찜,1,7000
2025-09-28,21:00,맥주,1,5000
2025-09-28,21:01,계란찜,1,7000
2025-09-28,21:12,계란찜,1,7000
2025-09-28,21:13,맥주,1,5000
2025-09-28,21:17,하이볼,1,7000
2025-09-28,21:20,소주,1,5000
2025-09-28,21:22,소주,1,5000
2025-09-28,21:23,소주,1,5000
2025-09-28,21:23,하이볼,1,7000
2025-09-28,21:23,김치전,1,15000
2025-09-28,21:24,닭발,1,18000
2025-09-28,21:32,맥주,1,5000
2025-09-28,21:33,계란찜,1,7000
2025-09-28,21:37,맥주,1,5000
2025-09-28,21:39,오돌뼈,1,17000
2025-09-28,21:45,오돌뼈,1,17000
2025-09-28,21:46,소주,1,5000
2025-09-28,21:47,소주,1,5000
2025-09-28,21:48,닭발,1,18000
2025-09-28,21:52,닭발,1,18000
2025-09-28,21:56,맥주,1,5000
2025-09-28,22:08,하이볼,1,7000
2025-09-28,22:20,소주,1,5000
2025-09-28,22:22,김치전,1,15000
2025-09-28,22:26,닭발,1,18000
2025-09-28,22:30,김치전,1,15000
2025-09-28,22:31,하이볼,1,7000
2025-09-28,22:35,소주,1,5000
2025-09-28,22:36,소주,1,5000
2025-09-28,22:36,맥주,1,5000
2025-09-28,22:40,오돌뼈,1,17000
2025-09-28,23:02,소주,1,5000
2025-09-28,23:18,소주,1,5000
2025-09-28,23:20,김치전,1,15000
2025-09-28,23:24,닭발,1,18000
2025-09-28,23:45,맥주,1,5000
2025-09-29,19:13,김치전,1,15000
2025-09-29,19:58,맥주,1,5000
2025-09-29,20:08,소주,1,5000
2025-09-29,20:08,맥주,1,5000
2025-09-29,20:11,오돌뼈,1,17000
2025-09-29,20:13,하이볼,1,7000
2025-09-29,20:18,소주,1,5000
2025-09-29,20:20,소주,1,5000
2025-09-29,20:21,닭발,1,18000
2025-09-29,20:21,오돌뼈,1,17000
2025-09-29,20:25,닭발,1,18000
2025-09-29,20:27,소주,1,5000
2025-09-29,20:27,맥주,1,5000
2025-09-29,20:27,하이볼,1,7000
2025-09-29,20:29,김치전,1,15000
2025-09-29,20:31,소주,1,5000
2025-09-29,20:37,소주,1,5000
2025-09-29,20:37,하이볼,1,7000
2025-09-29,20:48,소주,1,5000
2025-09-29,20:48,오돌뼈,1,17000
2025-09-29,20:48,오돌뼈,1,17000
2025-09-29,20:50,맥주,1,5000
2025-09-29,20:58,소주,1,5000
2025-09-29,20:58,김치전,1,15000
2025-09-29,21:00,맥주,1,5000
2025-09-29,21:04,소주,1,5000
2025-09-29,21:06,닭발,1,18000
2025-09-29,21:08,닭발,1,18000
2025-09-29,21:08,오돌뼈,1,17000
2025-09-29,21:15,소주,1,5000
2025-09-29,21:16,소주,1,5000
2025-09-29,21:19,계란찜,1,7000
2025-09-29,21:34,하이볼,1,7000
2025-09-29,21:38,소주,1,5000
2025-09-29,21:40,하이볼,1,7000
2025-09-29,21:40,닭발,1,18000
2025-09-29,21:45,하이볼,1,7000
2025-09-29,21:47,하이볼,1,7000
2025-09-29,21:50,닭발,1,18000
2025-09-29,21:51,소주,1,5000
2025-09-29,21:55,김치전,1,15000
2025-09-29,22:00,하이볼,1,7000
2025-09-29,22:02,김치전,1,15000
2025-09-29,22:05,닭발,1,18000
2025-09-29,22:08,맥주,1,5000
2025-09-29,22:09,맥주,1,5000
2025-09-29,22:09,맥주,1,5000
2025-09-29,22:16,맥주,1,5000
2025-09-29,22:17,하이볼,1,7000
2025-09-29,22:17,오돌뼈,1,17000
2025-09-29,22:20,맥주,1,5000
2025-09-29,22:26,맥주,1,5000
2025-09-29,22:36,맥주,1,5000
2025-09-29,22:36,김치전,1,15000
2025-09-29,22:37,소주,1,5000
2025-09-29,22:52,소주,1,5000
2025-09-29,22:58,소주,1,5000
2025-09-29,22:59,오돌뼈,1,17000
2025-09-29,23:50,맥주,1,5000
2025-09-30,18:45,소주,1,5000
2025-09-30,19:22,하이볼,1,7000
2025-09-30,19:29,계란찜,1,7000
2025-09-30,19:39,소주,1,5000
2025-09-30,19:48,하이볼,1,7000
2025-09-30,19:48,닭발,1,18000
2025-09-30,19:52,소주,1,5000
2025-09-30,19:57,하이볼,1,7000
2025-09-30,20:02,닭발,1,18000
2025-09-30,20:04,소주,1,5000
2025-09-30,20:04,소주,1,5000
2025-09-30,20:11,맥주,1,5000
2025-09-30,20:17,김치전,1,15000
2025-09-30,20:40,맥주,1,5000
2025-09-30,20:42,맥주,1,5000
2025-09-30,20:48,하이볼,1,7000
2025-09-30,20:52,오돌뼈,1,17000
2025-09-30,20:57,김치전,1,15000
2025-09-30,20:57,계란찜,1,7000
2025-09-30,20:59,김치전,1,15000
2025-09-30,21:00,소주,1,5000
2025-09-30,21:02,맥주,1,5000
2025-09-30,21:04,소주,1,5000
2025-09-30,21:07,소주,1,5000
2025-09-30,21:07,하이볼,1,7000
2025-09-30,21:07,닭발,1,18000
2025-09-30,21:13,김치전,1,15000
2025-09-30,21:18,하이볼,1,7000
2025-09-30,21:20,맥주,1,5000
2025-09-30,21:20,김치전,1,15000
2025-09-30,21:21,오돌뼈,1,17000
2025-09-30,21:23,닭발,1,18000
2025-09-30,21:25,계란찜,1,7000
2025-09-30,21:27,맥주,1,5000
2025-09-30,21:31,오돌뼈,1,17000
2025-09-30,21:33,소주,1,5000
2025-09-30,21:35,오돌뼈,1,17000
2025-09-30,21:38,닭발,1,18000
2025-09-30,21:39,소주,1,5000
2025-09-30,21:39,소주,1,5000
2025-09-30,21:40,소주,1,5000
2025-09-30,21:41,하이볼,1,7000
2025-09-30,21:43,맥주,1,5000
2025-09-30,21:45,소주,1,5000
2025-09-30,21:47,김치전,1,15000
2025-09-30,21:50,계란찜,1,7000
2025-09-30,21:51,소주,1,5000
2025-09-30,21:51,김치전,1,15000
2025-09-30,21:54,맥주,1,5000
2025-09-30,22:01,맥주,1,5000
2025-09-30,22:03,맥주,1,5000
2025-09-30,22:05,하이볼,1,7000
2025-09-30,22:09,맥주,1,5000
2025-09-30,22:11,맥주,1,5000
2025-09-30,22:11,맥주,1,5000
2025-09-30,22:19,소주,1,5000
2025-09-30,22:20,닭발,1,18000
2025-09-30,22:23,소주,1,5000
2025-09-30,22:23,맥주,1,5000
2025-09-30,22:28,오돌뼈,1,17000
2025-09-30,22:29,오돌뼈,1,17000
2025-09-30,22:30,하이볼,1,7000
2025-09-30,22:36,소주,1,5000
2025-09-30,22:36,닭발,1,18000
2025-09-30,22:38,닭발,1,18000
2025-09-30,22:38,계란찜,1,7000
2025-09-30,22:41,닭발,1,18000
2025-09-30,22:44,맥주,1,5000
2025-09-30,22:47,닭발,1,18000
2025-09-30,23:03,맥주,1,5000
2025-09-30,23:03,하이볼,1,7000
2025-09-30,23:26,소주,1,5000
2025-10-01,19:18,소주,1,5000
2025-10-01,19:19,맥주,1,5000
2025-10-01,19:26,소주,1,5000
2025-10-01,19:35,오돌뼈,1,17000
2025-10-01,19:39,맥주,1,5000
2025-10-01,19:55,맥주,1,5000
2025-10-01,19:58,하이볼,1,7000
2025-10-01,19:59,맥주,1,5000
2025-10-01,20:15,소주,1,5000
2025-10-01,20:21,계란찜,1,7000
2025-10-01,20:25,닭발,1,18000
2025-10-01,20:34,소주,1,5000
2025-10-01,20:40,소주,1,5000
2025-10-01,20:40,맥주,1,5000
2025-10-01,20:40,김치전,1,15000
2025-10-01,20:42,맥주,1,5000
2025-10-01,20:46,소주,1,5000
2025-10-01,20:48,소주,1,5000
2025-10-01,20:50,계란찜,1,7000
2025-10-01,20:55,하이볼,1,7000
2025-10-01,20:56,김치전,1,15000
2025-10-01,20:58,소주,1,5000
2025-10-01,20:58,소주,1,5000
2025-10-01,20:58,닭발,1,18000
2025-10-01,20:59,소주,1,5000
2025-10-01,21:03,하이볼,1,7000
2025-10-01,21:05,맥주,1,5000
2025-10-01,21:05,김치전,1,15000
2025-10-01,21:09,소주,1,5000
2025-10-01,21:12,김치전,1,15000
2025-10-01,21:13,김치전,1,15000
2025-10-01,21:14,소주,1,5000
2025-10-01,21:14,닭발,1,18000
2025-10-01,21:15,소주,1,5000
2025-10-01,21:15,하이볼,1,7000
2025-10-01,21:17,맥주,1,5000
2025-10-01,21:18,하이볼,1,7000
2025-10-01,21:18,닭발,1,18000
2025-10-01,21:19,닭발,1,18000
2025-10-01,21:19,계란찜,1,7000
2025-10-01,21:20,닭발,1,18000
2025-10-01,21:24,맥주,1,5000
2025-10-01,21:25,소주,1,5000
2025-10-01,21:26,소주,1,5000
2025-10-01,21:26,계란찜,1,7000
2025-10-01,21:27,닭발,1,18000
2025-10-01,21:30,맥주,1,5000
2025-10-01,21:33,하이볼,1,7000
2025-10-01,21:33,김치전,1,15000
2025-10-01,21:34,계란찜,1,7000
2025-10-01,21:35,맥주,1,5000
2025-10-01,21:36,계란찜,1,7000
2025-10-01,21:40,닭발,1,18000
2025-10-01,21:42,닭발,1,18000
2025-10-01,21:44,맥주,1,5000
2025-10-01,21:45,소주,1,5000
2025-10-01,21:46,맥주,1,5000
2025-10-01,21:47,김치전,1,15000
2025-10-01,21:50,맥주,1,5000
2025-10-01,21:51,김치전,1,15000
2025-10-01,21:56,김치전,1,15000
2025-10-01,21:58,맥주,1,5000
2025-10-01,21:58,맥주,1,5000
2025-10-01,21:58,닭발,1,18000
2025-10-01,22:01,오돌뼈,1,17000
2025-10-01,22:02,소주,1,5000
2025-10-01,22:05,맥주,1,5000
2025-10-01,22:06,하이볼,1,7000
2025-10-01,22:06,김치전,1,15000
2025-10-01,22:07,닭발,1,18000
2025-10-01,22:09,오돌뼈,1,17000
2025-10-01,22:12,계란찜,1,7000
2025-10-01,22:13,김치전,1,15000
2025-10-01,22:14,오돌뼈,1,17000
2025-10-01,22:15,소주,1,5000
2025-10-01,22:17,맥주,1,5000
2025-10-01,22:18,소주,1,5000
2025-10-01,22:19,소주,1,5000
2025-10-01,22:22,오돌뼈,1,17000
2025-10-01,22:23,김치전,1,15000
2025-10-01,22:24,맥주,1,5000
2025-10-01,22:24,하이볼,1,7000
2025-10-01,22:26,오돌뼈,1,17000
2025-10-01,22:28,소주,1,5000
2025-10-01,22:34,소주,1,5000
2025-10-01,22:35,오돌뼈,1,17000
2025-10-01,22:36,소주,1,5000
2025-10-01,22:37,오돌뼈,1,17000
2025-10-01,22:41,맥주,1,5000
2025-10-01,22:48,닭발,1,18000
2025-10-01,22:51,맥주,1,5000
2025-10-01,22:51,하이볼,1,7000
2025-10-01,22:54,맥주,1,5000
2025-10-01,23:03,소주,1,5000
2025-10-01,23:03,맥주,1,5000
2025-10-01,23:09,맥주,1,5000
2025-10-01,23:17,김치전,1,15000
2025-10-01,23:35,하이볼,1,7000
2025-10-01,23:44,소주,1,5000
2025-10-02,19:13,오돌뼈,1,17000
2025-10-02,19:21,오돌뼈,1,17000
2025-10-02,19:29,계란찜,1,7000
2025-10-02,19:46,하이볼,1,7000
2025-10-02,19:47,닭발,1,18000
2025-10-02,19:48,소주,1,5000
2025-10-02,19:56,하이볼,1,7000
2025-10-02,19:56,닭발,1,18000
2025-10-02,19:57,맥주,1,5000
2025-10-02,19:58,맥주,1,5000
2025-10-02,19:58,하이볼,1,7000
2025-10-02,20:02,소주,1,5000
2025-10-02,20:03,닭발,1,18000
2025-10-02,20:05,하이볼,1,7000
2025-10-02,20:17,맥주,1,5000
2025-10-02,20:17,맥주,1,5000
2025-10-02,20:22,하이볼,1,7000
2025-10-02,20:25,소주,1,5000
2025-10-02,20:26,닭발,1,18000
2025-10-02,20:27,맥주,1,5000
2025-10-02,20:31,김치전,1,15000
2025-10-02,20:37,김치전,1,15000
2025-10-02,20:38,닭발,1,18000
2025-10-02,20:39,오돌뼈,1,17000
2025-10-02,20:39,계란찜,1,7000
2025-10-02,20:40,소주,1,5000
2025-10-02,20:43,소주,1,5000
2025-10-02,20:48,맥주,1,5000
2025-10-02,20:49,닭발,1,18000
2025-10-02,20:50,오돌뼈,1,17000
2025-10-02,20:51,계란찜,1,7000
2025-10-02,20:51,계란찜,1,7000
2025-10-02,20:52,소주,1,5000
2025-10-02,20:54,소주,1,5000
2025-10-02,20:54,맥주,1,5000
2025-10-02,20:56,오돌뼈,1,17000
2025-10-02,20:57,소주,1,5000
2025-10-02,20:59,소주,1,5000
2025-10-02,20:59,닭발,1,18000
2025-10-02,21:00,닭발,1,18000
2025-10-02,21:00,오돌뼈,1,17000
2025-10-02,21:04,맥주,1,5000
2025-10-02,21:07,김치전,1,15000
2025-10-02,21:08,소주,1,5000
2025-10-02,21:08,소주,1,5000
2025-10-02,21:10,오돌뼈,1,17000
2025-10-02,21:12,맥주,1,5000
2025-10-02,21:13,닭발,1,18000
2025-10-02,21:13,오돌뼈,1,17000
2025-10-02,21:22,소주,1,5000
2025-10-02,21:22,소주,1,5000
2025-10-02,21:25,맥주,1,5000
2025-10-02,21:27,오돌뼈,1,17000
2025-10-02,21:28,김치전,1,15000
2025-10-02,21:30,맥주,1,5000
2025-10-02,21:31,오돌뼈,1,17000
2025-10-02,21:35,소주,1,5000
2025-10-02,21:35,맥주,1,5000
2025-10-02,21:38,김치전,1,15000
2025-10-02,21:41,하이볼,1,7000
2025-10-02,21:44,소주,1,5000
2025-10-02,21:44,김치전,1,15000
2025-10-02,21:46,닭발,1,18000
2025-10-02,21:48,계란찜,1,7000
2025-10-02,21:50,소주,1,5000
2025-10-02,21:50,소주,1,5000
2025-10-02,21:51,소주,1,5000
2025-10-02,21:56,맥주,1,5000
2025-10-02,21:56,계란찜,1,7000
2025-10-02,21:57,소주,1,5000
2025-10-02,21:57,하이볼,1,7000
2025-10-02,21:58,소주,1,5000
2025-10-02,21:58,맥주,1,5000
2025-10-02,22:00,소주,1,5000
2025-10-02,22:00,닭발,1,18000
2025-10-02,22:02,하이볼,1,7000
2025-10-02,22:02,계란찜,1,7000
2025-10-02,22:08,김치전,1,15000
2025-10-02,22:13,김치전,1,15000
2025-10-02,22:14,닭발,1,18000
2025-10-02,22:17,소주,1,5000
2025-10-02,22:26,맥주,1,5000
2025-10-02,22:29,닭발,1,18000
2025-10-02,22:30,맥주,1,5000
2025-10-02,22:31,소주,1,5000
2025-10-02,22:31,맥주,1,5000
2025-10-02,22:33,하이볼,1,7000
2025-10-02,22:35,소주,1,5000
2025-10-02,22:37,김치전,1,15000
2025-10-02,22:39,오돌뼈,1,17000
2025-10-02,22:42,맥주,1,5000
2025-10-02,22:43,하이볼,1,7000
2025-10-02,22:48,맥주,1,5000
2025-10-02,22:52,소주,1,5000
2025-10-02,23:01,하이볼,1,7000
2025-10-02,23:04,맥주,1,5000
2025-10-02,23:04,계란찜,1,7000
2025-10-02,23:05,맥주,1,5000
2025-10-02,23:05,닭발,1,18000
2025-10-02,23:13,오돌뼈,1,17000
2025-10-02,23:18,맥주,1,5000
2025-10-02,23:19,맥주,1,5000
2025-10-02,23:30,하이볼,1,7000
2025-10-02,23:45,닭발,1,18000
2025-10-02,23:50,소주,1,5000
2025-10-02,23:50,김치전,1,15000
2025-10-03,19:30,소주,1,5000
2025-10-03,19:32,계란찜,1,7000
2025-10-03,19:34,김치전,1,15000
2025-10-03,19:39,닭발,1,18000
2025-10-03,19:40,오돌뼈,1,17000
2025-10-03,19:45,소주,1,5000
2025-10-03,19:46,맥주,1,5000
2025-10-03,19:48,소주,1,5000
2025-10-03,19:49,오돌뼈,1,17000
2025-10-03,19:49,김치전,1,15000
2025-10-03,20:02,하이볼,1,7000
2025-10-03,20:03,하이볼,1,7000
2025-10-03,20:06,소주,1,5000
2025-10-03,20:06,오돌뼈,1,17000
2025-10-03,20:09,소주,1,5000
2025-10-03,20:12,계란찜,1,7000
2025-10-03,20:16,김치전,1,15000
2025-10-03,20:19,소주,1,5000
2025-10-03,20:19,맥주,1,5000
2025-10-03,20:22,맥주,1,5000
2025-10-03,20:23,오돌뼈,1,17000
2025-10-03,20:24,소주,1,5000
2025-10-03,20:24,하이볼,1,7000
2025-10-03,20:24,오돌뼈,1,17000
2025-10-03,20:29,맥주,1,5000
2025-10-03,20:29,하이볼,1,7000
2025-10-03,20:29,오돌뼈,1,17000
2025-10-03,20:35,소주,1,5000
2025-10-03,20:36,닭발,1,18000
2025-10-03,20:37,김치전,1,15000
2025-10-03,20:40,맥주,1,5000
2025-10-03,20:42,닭발,1,18000
2025-10-03,20:42,닭발,1,18000
2025-10-03,20:42,계란찜,1,7000
2025-10-03,20:43,맥주,1,5000
2025-10-03,20:46,소주,1,5000
2025-10-03,20:48,소주,1,5000
2025-10-03,20:51,하이볼,1,7000
2025-10-03,20:51,오돌뼈,1,17000
2025-10-03,20:51,김치전,1,15000
2025-10-03,20:52,계란찜,1,7000
2025-10-03,20:54,소주,1,5000
2025-10-03,20:56,닭발,1,18000
2025-10-03,20:56,오돌뼈,1,17000
2025-10-03,20:56,김치전,1,15000
2025-10-03,20:57,계란찜,1,7000
2025-10-03,20:58,소주,1,5000
2025-10-03,20:58,소주,1,5000
2025-10-03,21:02,하이볼,1,7000
2025-10-03,21:08,맥주,1,5000
2025-10-03,21:10,소주,1,5000
2025-10-03,21:13,소주,1,5000
2025-10-03,21:14,소주,1,5000
2025-10-03,21:15,소주,1,5000
2025-10-03,21:16,맥주,1,5000
2025-10-03,21:18,오돌뼈,1,17000
2025-10-03,21:20,맥주,1,5000
2025-10-03,21:22,김치전,1,15000
2025-10-03,21:24,소주,1,5000
2025-10-03,21:24,맥주,1,5000
2025-10-03,21:25,맥주,1,5000
2025-10-03,21:25,닭발,1,18000
2025-10-03,21:28,소주,1,5000
2025-10-03,21:29,오돌뼈,1,17000
2025-10-03,21:32,계란찜,1,7000
2025-10-03,21:33,소주,1,5000
2025-10-03,21:33,맥주,1,5000
2025-10-03,21:33,오돌뼈,1,17000
2025-10-03,21:35,김치전,1,15000
2025-10-03,21:35,계란찜,1,7000
2025-10-03,21:39,소주,1,5000
2025-10-03,21:39,맥주,1,5000
2025-10-03,21:40,계란찜,1,7000
2025-10-03,21:41,닭발,1,18000
2025-10-03,21:43,소주,1,5000
2025-10-03,21:43,닭발,1,18000
2025-10-03,21:44,소주,1,5000
2025-10-03,21:47,소주,1,5000
2025-10-03,21:47,소주,1,5000
2025-10-03,21:47,맥주,1,5000
2025-10-03,21:48,소주,1,5000
2025-10-03,21:48,하이볼,1,7000
2025-10-03,21:49,맥주,1,5000
2025-10-03,21:49,맥주,1,5000
2025-10-03,21:49,맥주,1,5000
2025-10-03,21:50,닭발,1,18000
2025-10-03,21:52,맥주,1,5000
2025-10-03,21:52,김치전,1,15000
2025-10-03,21:53,하이볼,1,7000
2025-10-03,21:53,닭발,1,18000
2025-10-03,21:55,닭발,1,18000
2025-10-03,21:57,소주,1,5000
2025-10-03,21:57,맥주,1,5000
2025-10-03,21:58,닭발,1,18000
2025-10-03,22:00,하이볼,1,7000
2025-10-03,22:00,하이볼,1,7000
2025-10-03,22:04,맥주,1,5000
2025-10-03,22:06,소주,1,5000
2025-10-03,22:06,김치전,1,15000
2025-10-03,22:09,계란찜,1,7000
2025-10-03,22:10,소주,1,5000
2025-10-03,22:11,닭발,1,18000
2025-10-03,22:13,소주,1,5000
2025-10-03,22:18,계란찜,1,7000
2025-10-03,22:19,계란찜,1,7000
2025-10-03,22:20,소주,1,5000
2025-10-03,22:21,맥주,1,5000
2025-10-03,22:21,맥주,1,5000
2025-10-03,22:21,오돌뼈,1,17000
2025-10-03,22:23,소주,1,5000
2025-10-03,22:23,맥주,1,5000
2025-10-03,22:25,오돌뼈,1,17000
2025-10-03,22:28,맥주,1,5000
2025-10-03,22:28,닭발,1,18000
2025-10-03,22:31,소주,1,5000
2025-10-03,22:31,오돌뼈,1,17000
2025-10-03,22:31,계란찜,1,7000
2025-10-03,22:33,하이볼,1,7000
2025-10-03,22:35,소주,1,5000
2025-10-03,22:37,하이볼,1,7000
2025-10-03,22:40,맥주,1,5000
2025-10-03,22:42,오돌뼈,1,17000
2025-10-03,22:43,하이볼,1,7000
2025-10-03,22:45,소주,1,5000
2025-10-03,22:47,하이볼,1,7000
2025-10-03,22:48,맥주,1,5000
2025-10-03,22:49,소주,1,5000
2025-10-03,22:49,맥주,1,5000
2025-10-03,22:50,소주,1,5000
2025-10-03,22:50,맥주,1,5000
2025-10-03,22:51,오돌뼈,1,17000
2025-10-03,22:53,하이볼,1,7000
2025-10-03,22:53,닭발,1,18000
2025-10-03,22:56,김치전,1,15000
2025-10-03,23:10,김치전,1,15000
2025-10-03,23:11,하이볼,1,7000
2025-10-03,23:18,맥주,1,5000
2025-10-03,23:28,하이볼,1,7000
2025-10-03,23:35,김치전,1,15000
2025-10-03,23:35,계란찜,1,7000
2025-10-03,23:37,맥주,1,5000
2025-10-03,23:50,맥주,1,5000
2025-10-04,18:38,닭발,1,18000
2025-10-04,19:09,김치전,1,15000
2025-10-04,19:18,김치전,1,15000
2025-10-04,19:19,소주,1,5000
2025-10-04,19:27,맥주,1,5000
2025-10-04,19:28,맥주,1,5000
2025-10-04,19:51,소주,1,5000
2025-10-04,19:53,계란찜,1,7000
2025-10-04,19:55,맥주,1,5000
2025-10-04,20:00,소주,1,5000
2025-10-04,20:06,닭발,1,18000
2025-10-04,20:07,맥주,1,5000
2025-10-04,20:11,소주,1,5000
2025-10-04,20:14,맥주,1,5000
2025-10-04,20:16,소주,1,5000
2025-10-04,20:27,소주,1,5000
2025-10-04,20:30,소주,1,5000
2025-10-04,20:32,맥주,1,5000
2025-10-04,20:39,맥주,1,5000
2025-10-04,20:39,오돌뼈,1,17000
2025-10-04,20:41,소주,1,5000
2025-10-04,20:41,맥주,1,5000
2025-10-04,20:43,하이볼,1,7000
2025-10-04,20:45,하이볼,1,7000
2025-10-04,20:54,소주,1,5000
2025-10-04,20:54,닭발,1,18000
2025-10-04,20:55,오돌뼈,1,17000
2025-10-04,20:58,계란찜,1,7000
2025-10-04,20:59,소주,1,5000
2025-10-04,20:59,소주,1,5000
2025-10-04,21:02,맥주,1,5000
2025-10-04,21:02,맥주,1,5000
2025-10-04,21:02,닭발,1,18000
2025-10-04,21:08,계란찜,1,7000
2025-10-04,21:10,김치전,1,15000
2025-10-04,21:13,소주,1,5000
2025-10-04,21:13,맥주,1,5000
2025-10-04,21:18,하이볼,1,7000
2025-10-04,21:18,계란찜,1,7000
2025-10-04,21:23,오돌뼈,1,17000
2025-10-04,21:25,소주,1,5000
2025-10-04,21:27,소주,1,5000
2025-10-04,21:28,오돌뼈,1,17000
2025-10-04,21:29,하이볼,1,7000
2025-10-04,21:30,하이볼,1,7000
2025-10-04,21:31,오돌뼈,1,17000
2025-10-04,21:34,맥주,1,5000
2025-10-04,21:35,계란찜,1,7000
2025-10-04,21:36,김치전,1,15000
2025-10-04,21:37,계란찜,1,7000
2025-10-04,21:38,닭발,1,18000
2025-10-04,21:40,하이볼,1,7000
2025-10-04,21:41,소주,1,5000
2025-10-04,21:45,닭발,1,18000
2025-10-04,21:45,오돌뼈,1,17000
2025-10-04,21:46,소주,1,5000
2025-10-04,21:49,맥주,1,5000
2025-10-04,21:50,닭발,1,18000
2025-10-04,21:50,오돌뼈,1,17000
2025-10-04,21:52,닭발,1,18000
2025-10-04,21:55,맥주,1,5000
2025-10-04,21:55,닭발,1,18000
2025-10-04,21:55,오돌뼈,1,17000
2025-10-04,21:56,소주,1,5000
2025-10-04,21:56,김치전,1,15000
2025-10-04,21:57,소주,1,5000
2025-10-04,21:59,하이볼,1,7000
2025-10-04,22:00,하이볼,1,7000
2025-10-04,22:03,닭발,1,18000
2025-10-04,22:03,김치전,1,15000
2025-10-04,22:07,오돌뼈,1,17000
2025-10-04,22:08,계란찜,1,7000
2025-10-04,22:09,맥주,1,5000
2025-10-04,22:14,소주,1,5000
2025-10-04,22:17,소주,1,5000
2025-10-04,22:23,맥주,1,5000
2025-10-04,22:25,김치전,1,15000
2025-10-04,22:32,소주,1,5000
2025-10-04,22:40,맥주,1,5000
2025-10-04,22:40,맥주,1,5000
2025-10-04,22:40,계란찜,1,7000
2025-10-04,22:42,소주,1,5000
2025-10-04,22:44,하이볼,1,7000
2025-10-04,22:50,맥주,1,5000
2025-10-04,22:55,닭발,1,18000
2025-10-04,23:02,소주,1,5000
2025-10-04,23:03,김치전,1,15000
2025-10-04,23:05,맥주,1,5000
2025-10-04,23:05,오돌뼈,1,17000
2025-10-04,23:12,하이볼,1,7000
2025-10-04,23:13,소주,1,5000
2025-10-04,23:21,닭발,1,18000
2025-10-04,23:21,김치전,1,15000
2025-10-04,23:22,맥주,1,5000
2025-10-04,23:27,하이볼,1,7000
2025-10-04,23:33,오돌뼈,1,17000
2025-10-04,23:50,소주,1,5000
2025-10-04,23:50,하이볼,1,7000
2025-10-04,23:50,김치전,1,15000
2025-10-05,18:55,소주,1,5000
2025-10-05,19:30,소주,1,5000
2025-10-05,20:00,하이볼,1,7000
2025-10-05,20:06,맥주,1,5000
2025-10-05,20:07,닭발,1,18000
2025-10-05,20:08,소주,1,5000
2025-10-05,20:12,맥주,1,5000
2025-10-05,20:19,맥주,1,5000
2025-10-05,20:21,하이볼,1,7000
2025-10-05,20:21,계란찜,1,7000
2025-10-05,20:23,소주,1,5000
2025-10-05,20:34,하이볼,1,7000
2025-10-05,20:35,소주,1,5000
2025-10-05,20:37,맥주,1,5000
2025-10-05,20:38,소주,1,5000
2025-10-05,20:42,김치전,1,15000
2025-10-05,20:43,맥주,1,5000
2025-10-05,20:52,하이볼,1,7000
2025-10-05,20:54,김치전,1,15000
2025-10-05,20:57,오돌뼈,1,17000
2025-10-05,20:58,맥주,1,5000
2025-10-05,21:01,소주,1,5000
2025-10-05,21:02,소주,1,5000
2025-10-05,21:02,맥주,1,5000
2025-10-05,21:02,김치전,1,15000
2025-10-05,21:09,소주,1,5000
2025-10-05,21:15,오돌뼈,1,17000
2025-10-05,21:22,맥주,1,5000
2025-10-05,21:24,소주,1,5000
2025-10-05,21:27,하이볼,1,7000
2025-10-05,21:27,닭발,1,18000
2025-10-05,21:28,하이볼,1,7000
2025-10-05,21:29,맥주,1,5000
2025-10-05,21:37,닭발,1,18000
2025-10-05,21:45,소주,1,5000
2025-10-05,21:51,김치전,1,15000
2025-10-05,21:56,맥주,1,5000
2025-10-05,21:59,김치전,1,15000
2025-10-05,22:01,맥주,1,5000
2025-10-05,22:01,계란찜,1,7000
2025-10-05,22:26,소주,1,5000
2025-10-05,22:26,맥주,1,5000
2025-10-05,22:26,하이볼,1,7000
2025-10-05,22:29,닭발,1,18000
2025-10-05,22:34,소주,1,5000
2025-10-05,22:45,김치전,1,15000
2025-10-05,22:46,닭발,1,18000
2025-10-05,22:50,닭발,1,18000
2025-10-05,22:55,오돌뼈,1,17000
2025-10-05,23:02,김치전,1,15000
2025-10-05,23:09,소주,1,5000
2025-10-06,18:47,닭발,1,18000
2025-10-06,19:41,소주,1,5000
2025-10-06,19:43,소주,1,5000
2025-10-06,19:58,닭발,1,18000
2025-10-06,20:00,맥주,1,5000
2025-10-06,20:03,맥주,1,5000
2025-10-06,20:03,닭발,1,18000
2025-10-06,20:03,오돌뼈,1,17000
2025-10-06,20:05,계란찜,1,7000
2025-10-06,20:15,맥주,1,5000
2025-10-06,20:17,소주,1,5000
2025-10-06,20:27,오돌뼈,1,17000
2025-10-06,20:36,소주,1,5000
2025-10-06,20:36,닭발,1,18000
2025-10-06,20:36,오돌뼈,1,17000
2025-10-06,20:38,김치전,1,15000
2025-10-06,20:39,닭발,1,18000
2025-10-06,20:42,계란찜,1,7000
2025-10-06,20:46,하이볼,1,7000
2025-10-06,20:47,닭발,1,18000
2025-10-06,20:50,계란찜,1,7000
2025-10-06,20:53,맥주,1,5000
2025-10-06,20:56,김치전,1,15000
2025-10-06,20:57,소주,1,5000
2025-10-06,20:59,계란찜,1,7000
2025-10-06,21:02,소주,1,5000
2025-10-06,21:05,소주,1,5000
2025-10-06,21:05,하이볼,1,7000
2025-10-06,21:11,소주,1,5000
2025-10-06,21:11,맥주,1,5000
2025-10-06,21:11,하이볼,1,7000
2025-10-06,21:12,맥주,1,5000
2025-10-06,21:19,소주,1,5000
2025-10-06,21:19,맥주,1,5000
2025-10-06,21:21,하이볼,1,7000
2025-10-06,21:21,오돌뼈,1,17000
2025-10-06,21:22,소주,1,5000
2025-10-06,21:26,하이볼,1,7000
2025-10-06,21:33,김치전,1,15000
2025-10-06,21:34,소주,1,5000
2025-10-06,21:34,김치전,1,15000
2025-10-06,21:40,맥주,1,5000
2025-10-06,21:52,오돌뼈,1,17000
2025-10-06,21:54,하이볼,1,7000
2025-10-06,21:55,소주,1,5000
2025-10-06,22:00,닭발,1,18000
2025-10-06,22:02,오돌뼈,1,17000
2025-10-06,22:04,맥주,1,5000
2025-10-06,22:04,하이볼,1,7000
2025-10-06,22:05,맥주,1,5000
2025-10-06,22:05,닭발,1,18000
2025-10-06,22:10,맥주,1,5000
2025-10-06,22:10,맥주,1,5000
2025-10-06,22:11,계란찜,1,7000
2025-10-06,22:12,소주,1,5000
2025-10-06,22:21,소주,1,5000
2025-10-06,22:31,맥주,1,5000
2025-10-06,22:35,닭발,1,18000
2025-10-06,22:52,맥주,1,5000
2025-10-06,22:54,계란찜,1,7000
2025-10-06,22:55,소주,1,5000
2025-10-06,23:41,맥주,1,5000
2025-10-07,18:48,소주,1,5000
2025-10-07,19:12,소주,1,5000
2025-10-07,19:20,소주,1,5000
2025-10-07,19:40,소주,1,5000
2025-10-07,19:44,소주,1,5000
2025-10-07,19:55,맥주,1,5000
2025-10-07,19:56,소주,1,5000
2025-10-07,19:56,하이볼,1,7000
2025-10-07,19:57,소주,1,5000
2025-10-07,19:58,계란찜,1,7000
2025-10-07,20:01,닭발,1,18000
2025-10-07,20:01,계란찜,1,7000
2025-10-07,20:06,하이볼,1,7000
2025-10-07,20:11,하이볼,1,7000
2025-10-07,20:12,소주,1,5000
2025-10-07,20:14,맥주,1,5000
2025-10-07,20:14,맥주,1,5000
2025-10-07,20:15,계란찜,1,7000
2025-10-07,20:19,김치전,1,15000
2025-10-07,20:28,닭발,1,18000
2025-10-07,20:30,소주,1,5000
2025-10-07,20:38,소주,1,5000
2025-10-07,20:38,오돌뼈,1,17000
2025-10-07,20:39,소주,1,5000
2025-10-07,20:40,닭발,1,18000
2025-10-07,20:40,김치전,1,15000
2025-10-07,20:41,맥주,1,5000
2025-10-07,20:41,김치전,1,15000
2025-10-07,20:42,닭발,1,18000
2025-10-07,20:45,맥주,1,5000
2025-10-07,20:46,김치전,1,15000
2025-10-07,20:49,닭발,1,18000
2025-10-07,20:50,맥주,1,5000
2025-10-07,20:53,맥주,1,5000
2025-10-07,20:57,소주,1,5000
2025-10-07,20:59,김치전,1,15000
2025-10-07,21:00,닭발,1,18000
2025-10-07,21:01,닭발,1,18000
2025-10-07,21:02,계란찜,1,7000
2025-10-07,21:04,닭발,1,18000
2025-10-07,21:06,김치전,1,15000
2025-10-07,21:07,소주,1,5000
2025-10-07,21:07,계란찜,1,7000
2025-10-07,21:09,김치전,1,15000
2025-10-07,21:10,계란찜,1,7000
2025-10-07,21:16,소주,1,5000
2025-10-07,21:16,맥주,1,5000
2025-10-07,21:16,오돌뼈,1,17000
2025-10-07,21:16,계란찜,1,7000
2025-10-07,21:19,김치전,1,15000
2025-10-07,21:19,계란찜,1,7000
2025-10-07,21:20,소주,1,5000
2025-10-07,21:23,소주,1,5000
2025-10-07,21:23,오돌뼈,1,17000
2025-10-07,21:25,맥주,1,5000
2025-10-07,21:28,맥주,1,5000
2025-10-07,21:28,하이볼,1,7000
2025-10-07,21:31,소주,1,5000
2025-10-07,21:32,계란찜,1,7000
2025-10-07,21:33,맥주,1,5000
2025-10-07,21:33,오돌뼈,1,17000
2025-10-07,21:34,하이볼,1,7000
2025-10-07,21:41,소주,1,5000
2025-10-07,21:42,맥주,1,5000
2025-10-07,21:44,닭발,1,18000
2025-10-07,21:46,소주,1,5000
2025-10-07,21:49,소주,1,5000
2025-10-07,21:50,오돌뼈,1,17000
2025-10-07,21:54,맥주,1,5000
2025-10-07,21:54,맥주,1,5000
2025-10-07,21:54,오돌뼈,1,17000
2025-10-07,21:55,소주,1,5000
2025-10-07,21:58,맥주,1,5000
2025-10-07,21:59,맥주,1,5000
2025-10-07,21:59,맥주,1,5000
2025-10-07,21:59,오돌뼈,1,17000
2025-10-07,22:05,맥주,1,5000
2025-10-07,22:07,하이볼,1,7000
2025-10-07,22:07,닭발,1,18000
2025-10-07,22:11,소주,1,5000
2025-10-07,22:12,하이볼,1,7000
2025-10-07,22:14,맥주,1,5000
2025-10-07,22:16,오돌뼈,1,17000
2025-10-07,22:20,계란찜,1,7000
2025-10-07,22:22,맥주,1,5000
2025-10-07,22:23,하이볼,1,7000
2025-10-07,22:27,소주,1,5000
2025-10-07,22:33,맥주,1,5000
2025-10-07,22:34,맥주,1,5000
2025-10-07,22:35,소주,1,5000
2025-10-07,22:41,하이볼,1,7000
2025-10-07,22:44,오돌뼈,1,17000
2025-10-07,22:46,오돌뼈,1,17000
2025-10-07,22:49,맥주,1,5000
2025-10-07,22:50,소주,1,5000
2025-10-07,22:50,닭발,1,18000
2025-10-07,23:07,하이볼,1,7000
2025-10-07,23:08,닭발,1,18000
2025-10-07,23:11,하이볼,1,7000
2025-10-07,23:18,오돌뼈,1,17000
2025-10-07,23:47,오돌뼈,1,17000
2025-10-07,23:50,소주,1,5000
2025-10-07,23:50,소주,1,5000
2025-10-07,23:50,맥주,1,5000
2025-10-07,23:50,닭발,1,18000
2025-10-07,23:50,닭발,1,18000
2025-10-07,23:50,김치전,1,15000
2025-10-08,19:28,맥주,1,5000
2025-10-08,19:31,소주,1,5000
2025-10-08,19:31,김치전,1,15000
2025-10-08,19:41,소주,1,5000
2025-10-08,19:50,소주,1,5000
2025-10-08,19:59,소주,1,5000
2025-10-08,20:13,소주,1,5000
2025-10-08,20:15,하이볼,1,7000
2025-10-08,20:19,맥주,1,5000
2025-10-08,20:20,맥주,1,5000
2025-10-08,20:22,소주,1,5000
2025-10-08,20:22,닭발,1,18000
2025-10-08,20:27,소주,1,5000
2025-10-08,20:28,김치전,1,15000
2025-10-08,20:31,맥주,1,5000
2025-10-08,20:37,계란찜,1,7000
2025-10-08,20:39,소주,1,5000
2025-10-08,20:53,김치전,1,15000
2025-10-08,20:54,소주,1,5000
2025-10-08,20:56,닭발,1,18000
2025-10-08,20:56,오돌뼈,1,17000
2025-10-08,20:58,계란찜,1,7000
2025-10-08,20:59,소주,1,5000
2025-10-08,20:59,소주,1,5000
2025-10-08,20:59,맥주,1,5000
2025-10-08,20:59,김치전,1,15000
2025-10-08,21:01,소주,1,5000
2025-10-08,21:01,하이볼,1,7000
2025-10-08,21:06,하이볼,1,7000
2025-10-08,21:09,하이볼,1,7000
2025-10-08,21:09,오돌뼈,1,17000
2025-10-08,21:10,닭발,1,18000
2025-10-08,21:10,계란찜,1,7000
2025-10-08,21:11,계란찜,1,7000
2025-10-08,21:18,소주,1,5000
2025-10-08,21:18,맥주,1,5000
2025-10-08,21:18,닭발,1,18000
2025-10-08,21:21,하이볼,1,7000
2025-10-08,21:22,닭발,1,18000
2025-10-08,21:29,닭발,1,18000
2025-10-08,21:29,오돌뼈,1,17000
2025-10-08,21:30,하이볼,1,7000
2025-10-08,21:30,닭발,1,18000
2025-10-08,21:33,소주,1,5000
2025-10-08,21:35,소주,1,5000
2025-10-08,21:35,맥주,1,5000
2025-10-08,21:38,맥주,1,5000
2025-10-08,21:39,닭발,1,18000
2025-10-08,21:41,맥주,1,5000
2025-10-08,21:43,맥주,1,5000
2025-10-08,21:44,맥주,1,5000
2025-10-08,21:45,하이볼,1,7000
2025-10-08,21:46,닭발,1,18000
2025-10-08,21:46,오돌뼈,1,17000
2025-10-08,21:46,김치전,1,15000
2025-10-08,21:47,소주,1,5000
2025-10-08,21:49,소주,1,5000
2025-10-08,21:50,계란찜,1,7000
2025-10-08,21:51,맥주,1,5000
2025-10-08,21:52,소주,1,5000
2025-10-08,21:52,맥주,1,5000
2025-10-08,21:52,김치전,1,15000
2025-10-08,21:53,오돌뼈,1,17000
2025-10-08,21:56,맥주,1,5000
2025-10-08,21:56,맥주,1,5000
2025-10-08,21:56,닭발,1,18000
2025-10-08,21:56,계란찜,1,7000
2025-10-08,21:59,소주,1,5000
2025-10-08,21:59,오돌뼈,1,17000
2025-10-08,22:01,닭발,1,18000
2025-10-08,22:05,오돌뼈,1,17000
2025-10-08,22:06,오돌뼈,1,17000
2025-10-08,22:08,하이볼,1,7000
2025-10-08,22:11,닭발,1,18000
2025-10-08,22:16,소주,1,5000
2025-10-08,22:16,계란찜,1,7000
2025-10-08,22:17,소주,1,5000
2025-10-08,22:18,맥주,1,5000
2025-10-08,22:20,오돌뼈,1,17000
2025-10-08,22:23,소주,1,5000
2025-10-08,22:23,김치전,1,15000
2025-10-08,22:24,맥주,1,5000
2025-10-08,22:25,맥주,1,5000
2025-10-08,22:31,하이볼,1,7000
2025-10-08,22:33,소주,1,5000
2025-10-08,22:34,맥주,1,5000
2025-10-08,22:36,하이볼,1,7000
2025-10-08,22:38,소주,1,5000
2025-10-08,22:38,닭발,1,18000
2025-10-08,22:41,소주,1,5000
2025-10-08,22:43,맥주,1,5000
2025-10-08,22:43,맥주,1,5000
2025-10-08,22:44,김치전,1,15000
2025-10-08,22:54,오돌뼈,1,17000
2025-10-08,22:58,소주,1,5000
2025-10-08,23:06,맥주,1,5000
2025-10-08,23:09,김치전,1,15000
2025-10-08,23:12,맥주,1,5000
2025-10-08,23:25,하이볼,1,7000
2025-10-08,23:25,김치전,1,15000
2025-10-08,23:34,닭발,1,18000
2025-10-08,23:35,하이볼,1,7000
2025-10-08,23:41,오돌뼈,1,17000
2025-10-08,23:45,오돌뼈,1,17000
2025-10-08,23:50,소주,1,5000
2025-10-09,19:24,맥주,1,5000
2025-10-09,19:32,소주,1,5000
2025-10-09,19:39,맥주,1,5000
2025-10-09,19:41,소주,1,5000
2025-10-09,19:49,소주,1,5000
2025-10-09,19:50,소주,1,5000
2025-10-09,19:50,맥주,1,5000
2025-10-09,19:52,닭발,1,18000
2025-10-09,19:57,하이볼,1,7000
2025-10-09,20:03,하이볼,1,7000
2025-10-09,20:04,김치전,1,15000
2025-10-09,20:04,계란찜,1,7000
2025-10-09,20:11,닭발,1,18000
2025-10-09,20:15,맥주,1,5000
2025-10-09,20:15,오돌뼈,1,17000
2025-10-09,20:16,김치전,1,15000
2025-10-09,20:17,소주,1,5000
2025-10-09,20:19,닭발,1,18000
2025-10-09,20:23,계란찜,1,7000
2025-10-09,20:25,계란찜,1,7000
2025-10-09,20:26,하이볼,1,7000
2025-10-09,20:33,하이볼,1,7000
2025-10-09,20:39,맥주,1,5000
2025-10-09,20:41,닭발,1,18000
2025-10-09,20:46,계란찜,1,7000
2025-10-09,20:48,소주,1,5000
2025-10-09,20:48,김치전,1,15000
2025-10-09,20:49,맥주,1,5000
2025-10-09,20:49,하이볼,1,7000
2025-10-09,20:49,하이볼,1,7000
2025-10-09,20:50,소주,1,5000
2025-10-09,20:52,맥주,1,5000
2025-10-09,20:52,오돌뼈,1,17000
2025-10-09,20:54,하이볼,1,7000
2025-10-09,20:54,계란찜,1,7000
2025-10-09,20:56,하이볼,1,7000
2025-10-09,21:00,오돌뼈,1,17000
2025-10-09,21:01,소주,1,5000
2025-10-09,21:01,계란찜,1,7000
2025-10-09,21:02,소주,1,5000
2025-10-09,21:02,계란찜,1,7000
2025-10-09,21:03,하이볼,1,7000
2025-10-09,21:09,소주,1,5000
2025-10-09,21:10,소주,1,5000
2025-10-09,21:13,하이볼,1,7000
2025-10-09,21:16,소주,1,5000
2025-10-09,21:16,닭발,1,18000
2025-10-09,21:17,닭발,1,18000
2025-10-09,21:17,닭발,1,18000
2025-10-09,21:19,오돌뼈,1,17000
2025-10-09,21:22,오돌뼈,1,17000
2025-10-09,21:22,김치전,1,15000
2025-10-09,21:23,소주,1,5000
2025-10-09,21:23,맥주,1,5000
2025-10-09,21:23,맥주,1,5000
2025-10-09,21:27,맥주,1,5000
2025-10-09,21:30,오돌뼈,1,17000
2025-10-09,21:31,소주,1,5000
2025-10-09,21:33,소주,1,5000
2025-10-09,21:33,닭발,1,18000
2025-10-09,21:33,김치전,1,15000
2025-10-09,21:36,닭발,1,18000
2025-10-09,21:37,닭발,1,18000
2025-10-09,21:38,계란찜,1,7000
2025-10-09,21:39,김치전,1,15000
2025-10-09,21:41,하이볼,1,7000
2025-10-09,21:42,맥주,1,5000
2025-10-09,21:42,맥주,1,5000
2025-10-09,21:43,오돌뼈,1,17000
2025-10-09,21:45,김치전,1,15000
2025-10-09,21:46,소주,1,5000
2025-10-09,21:50,김치전,1,15000
2025-10-09,21:52,오돌뼈,1,17000
2025-10-09,21:53,소주,1,5000
2025-10-09,21:55,오돌뼈,1,17000
2025-10-09,21:57,맥주,1,5000
2025-10-09,21:58,오돌뼈,1,17000
2025-10-09,22:01,소주,1,5000
2025-10-09,22:01,하이볼,1,7000
2025-10-09,22:02,오돌뼈,1,17000
2025-10-09,22:06,맥주,1,5000
2025-10-09,22:06,맥주,1,5000
2025-10-09,22:06,김치전,1,15000
2025-10-09,22:08,소주,1,5000
2025-10-09,22:16,소주,1,5000
2025-10-09,22:16,오돌뼈,1,17000
2025-10-09,22:17,닭발,1,18000
2025-10-09,22:19,소주,1,5000
2025-10-09,22:20,하이볼,1,7000
2025-10-09,22:21,닭발,1,18000
2025-10-09,22:21,계란찜,1,7000
2025-10-09,22:23,소주,1,5000
2025-10-09,22:23,맥주,1,5000
2025-10-09,22:24,하이볼,1,7000
2025-10-09,22:28,소주,1,5000
2025-10-09,22:30,소주,1,5000
2025-10-09,22:44,닭발,1,18000
2025-10-09,22:45,맥주,1,5000
2025-10-09,22:45,맥주,1,5000
2025-10-09,22:47,하이볼,1,7000
2025-10-09,22:47,닭발,1,18000
2025-10-09,22:49,닭발,1,18000
2025-10-09,22:57,맥주,1,5000
2025-10-09,23:03,맥주,1,5000
2025-10-09,23:05,소주,1,5000
2025-10-09,23:12,소주,1,5000
2025-10-09,23:19,맥주,1,5000
2025-10-09,23:41,계란찜,1,7000
2025-10-09,23:44,소주,1,5000
2025-10-10,19:11,맥주,1,5000
2025-10-10,19:16,소주,1,5000
2025-10-10,19:30,김치전,1,15000
2025-10-10,19:41,소주,1,5000
2025-10-10,19:42,닭발,1,18000
2025-10-10,19:45,맥주,1,5000
2025-10-10,19:45,김치전,1,15000
2025-10-10,19:46,소주,1,5000
2025-10-10,19:47,소주,1,5000
2025-10-10,19:48,하이볼,1,7000
2025-10-10,19:54,소주,1,5000
2025-10-10,19:56,오돌뼈,1,17000
2025-10-10,20:03,맥주,1,5000
2025-10-10,20:03,하이볼,1,7000
2025-10-10,20:03,오돌뼈,1,17000
2025-10-10,20:06,맥주,1,5000
2025-10-10,20:06,김치전,1,15000
2025-10-10,20:12,오돌뼈,1,17000
2025-10-10,20:16,소주,1,5000
2025-10-10,20:18,맥주,1,5000
2025-10-10,20:19,소주,1,5000
2025-10-10,20:22,김치전,1,15000
2025-10-10,20:24,오돌뼈,1,17000
2025-10-10,20:26,소주,1,5000
2025-10-10,20:27,맥주,1,5000
2025-10-10,20:31,맥주,1,5000
2025-10-10,20:31,맥주,1,5000
2025-10-10,20:33,맥주,1,5000
2025-10-10,20:35,닭발,1,18000
2025-10-10,20:37,하이볼,1,7000
2025-10-10,20:39,오돌뼈,1,17000
2025-10-10,20:41,맥주,1,5000
2025-10-10,20:42,소주,1,5000
2025-10-10,20:42,김치전,1,15000
2025-10-10,20:49,소주,1,5000
2025-10-10,20:49,오돌뼈,1,17000
2025-10-10,20:51,오돌뼈,1,17000
2025-10-10,20:52,소주,1,5000
2025-10-10,20:55,계란찜,1,7000
2025-10-10,20:57,맥주,1,5000
2025-10-10,20:57,하이볼,1,7000
2025-10-10,20:57,닭발,1,18000
2025-10-10,20:58,맥주,1,5000
2025-10-10,20:59,소주,1,5000
2025-10-10,21:00,닭발,1,18000
2025-10-10,21:02,맥주,1,5000
2025-10-10,21:02,닭발,1,18000
2025-10-10,21:03,맥주,1,5000
2025-10-10,21:03,맥주,1,5000
2025-10-10,21:05,하이볼,1,7000
2025-10-10,21:07,하이볼,1,7000
2025-10-10,21:08,하이볼,1,7000
2025-10-10,21:09,맥주,1,5000
2025-10-10,21:11,오돌뼈,1,17000
2025-10-10,21:11,계란찜,1,7000
2025-10-10,21:12,소주,1,5000
2025-10-10,21:15,닭발,1,18000
2025-10-10,21:16,하이볼,1,7000
2025-10-10,21:17,맥주,1,5000
2025-10-10,21:18,계란찜,1,7000
2025-10-10,21:22,김치전,1,15000
2025-10-10,21:23,하이볼,1,7000
2025-10-10,21:23,닭발,1,18000
2025-10-10,21:29,맥주,1,5000
2025-10-10,21:29,계란찜,1,7000
2025-10-10,21:30,계란찜,1,7000
2025-10-10,21:31,소주,1,5000
2025-10-10,21:31,하이볼,1,7000
2025-10-10,21:32,김치전,1,15000
2025-10-10,21:34,소주,1,5000
2025-10-10,21:34,오돌뼈,1,17000
2025-10-10,21:35,소주,1,5000
2025-10-10,21:37,소주,1,5000
2025-10-10,21:38,맥주,1,5000
2025-10-10,21:39,소주,1,5000
2025-10-10,21:41,닭발,1,18000
2025-10-10,21:42,소주,1,5000
2025-10-10,21:44,계란찜,1,7000
2025-10-10,21:46,소주,1,5000
2025-10-10,21:46,맥주,1,5000
2025-10-10,21:46,계란찜,1,7000
2025-10-10,21:49,닭발,1,18000
2025-10-10,21:52,계란찜,1,7000
2025-10-10,21:54,소주,1,5000
2025-10-10,21:59,소주,1,5000
2025-10-10,22:01,소주,1,5000
2025-10-10,22:01,맥주,1,5000
2025-10-10,22:02,소주,1,5000
2025-10-10,22:02,소주,1,5000
2025-10-10,22:03,소주,1,5000
2025-10-10,22:04,닭발,1,18000
2025-10-10,22:08,맥주,1,5000
2025-10-10,22:09,김치전,1,15000
2025-10-10,22:11,소주,1,5000
2025-10-10,22:11,소주,1,5000
2025-10-10,22:12,닭발,1,18000
2025-10-10,22:13,소주,1,5000
2025-10-10,22:15,소주,1,5000
2025-10-10,22:15,닭발,1,18000
2025-10-10,22:18,오돌뼈,1,17000
2025-10-10,22:19,소주,1,5000
2025-10-10,22:19,김치전,1,15000
2025-10-10,22:20,맥주,1,5000
2025-10-10,22:27,하이볼,1,7000
2025-10-10,22:28,닭발,1,18000
2025-10-10,22:28,김치전,1,15000
2025-10-10,22:29,하이볼,1,7000
2025-10-10,22:30,맥주,1,5000
2025-10-10,22:31,하이볼,1,7000
2025-10-10,22:32,오돌뼈,1,17000
2025-10-10,22:38,맥주,1,5000
2025-10-10,22:40,닭발,1,18000
2025-10-10,22:40,오돌뼈,1,17000
2025-10-10,22:49,하이볼,1,7000
2025-10-10,22:49,오돌뼈,1,17000
2025-10-10,22:51,소주,1,5000
2025-10-10,22:52,맥주,1,5000
2025-10-10,22:54,김치전,1,15000
2025-10-10,22:55,오돌뼈,1,17000
2025-10-10,22:56,소주,1,5000
2025-10-10,22:56,닭발,1,18000
2025-10-10,22:59,소주,1,5000
2025-10-10,22:59,맥주,1,5000
2025-10-10,23:06,소주,1,5000
2025-10-10,23:07,닭발,1,18000
2025-10-10,23:09,소주,1,5000
2025-10-10,23:11,계란찜,1,7000
2025-10-10,23:11,계란찜,1,7000
2025-10-10,23:20,소주,1,5000
2025-10-10,23:20,닭발,1,18000
2025-10-10,23:21,맥주,1,5000
2025-10-10,23:23,닭발,1,18000
2025-10-10,23:24,계란찜,1,7000
2025-10-10,23:25,닭발,1,18000
2025-10-10,23:43,맥주,1,5000
2025-10-10,23:50,맥주,1,5000
2025-10-10,23:50,맥주,1,5000
2025-10-11,18:48,하이볼,1,7000
2025-10-11,19:10,소주,1,5000
2025-10-11,19:10,김치전,1,15000
2025-10-11,19:29,소주,1,5000
2025-10-11,19:33,맥주,1,5000
2025-10-11,19:33,하이볼,1,7000
2025-10-11,19:33,닭발,1,18000
2025-10-11,19:34,하이볼,1,7000
2025-10-11,19:38,계란찜,1,7000
2025-10-11,19:39,오돌뼈,1,17000
2025-10-11,19:43,하이볼,1,7000
2025-10-11,19:55,하이볼,1,7000
2025-10-11,20:04,맥주,1,5000
2025-10-11,20:05,소주,1,5000
2025-10-11,20:06,소주,1,5000
2025-10-11,20:08,소주,1,5000
2025-10-11,20:11,계란찜,1,7000
2025-10-11,20:12,계란찜,1,7000
2025-10-11,20:13,닭발,1,18000
2025-10-11,20:15,김치전,1,15000
2025-10-11,20:19,하이볼,1,7000
2025-10-11,20:20,닭발,1,18000
2025-10-11,20:22,소주,1,5000
2025-10-11,20:22,닭발,1,18000
2025-10-11,20:24,맥주,1,5000
2025-10-11,20:26,소주,1,5000
2025-10-11,20:26,소주,1,5000
2025-10-11,20:26,소주,1,5000
2025-10-11,20:28,하이볼,1,7000
2025-10-11,20:30,소주,1,5000
2025-10-11,20:31,맥주,1,5000
2025-10-11,20:31,오돌뼈,1,17000
2025-10-11,20:38,소주,1,5000
2025-10-11,20:41,하이볼,1,7000
2025-10-11,20:45,소주,1,5000
2025-10-11,20:45,하이볼,1,7000
2025-10-11,20:45,닭발,1,18000
2025-10-11,20:47,오돌뼈,1,17000
2025-10-11,20:48,김치전,1,15000
2025-10-11,20:50,계란찜,1,7000
2025-10-11,20:51,하이볼,1,7000
2025-10-11,20:51,하이볼,1,7000
2025-10-11,20:54,닭발,1,18000
2025-10-11,20:55,맥주,1,5000
2025-10-11,20:56,맥주,1,5000
2025-10-11,20:59,김치전,1,15000
2025-10-11,21:01,맥주,1,5000
2025-10-11,21:03,김치전,1,15000
2025-10-11,21:04,소주,1,5000
2025-10-11,21:04,오돌뼈,1,17000
2025-10-11,21:06,계란찜,1,7000
2025-10-11,21:08,소주,1,5000
2025-10-11,21:13,소주,1,5000
2025-10-11,21:14,맥주,1,5000
2025-10-11,21:15,닭발,1,18000
2025-10-11,21:17,맥주,1,5000
2025-10-11,21:19,맥주,1,5000
2025-10-11,21:20,맥주,1,5000
2025-10-11,21:21,하이볼,1,7000
2025-10-11,21:22,닭발,1,18000
2025-10-11,21:28,닭발,1,18000
2025-10-11,21:29,맥주,1,5000
2025-10-11,21:29,닭발,1,18000
2025-10-11,21:30,소주,1,5000
2025-10-11,21:31,하이볼,1,7000
2025-10-11,21:32,맥주,1,5000
2025-10-11,21:32,닭발,1,18000
2025-10-11,21:34,맥주,1,5000
2025-10-11,21:36,맥주,1,5000
2025-10-11,21:38,맥주,1,5000
2025-10-11,21:42,소주,1,5000
2025-10-11,21:42,닭발,1,18000
2025-10-11,21:44,맥주,1,5000
2025-10-11,21:45,닭발,1,18000
2025-10-11,21:45,오돌뼈,1,17000
2025-10-11,21:47,소주,1,5000
2025-10-11,21:48,맥주,1,5000
2025-10-11,21:49,닭발,1,18000
2025-10-11,21:49,닭발,1,18000
2025-10-11,21:50,소주,1,5000
2025-10-11,21:50,오돌뼈,1,17000
2025-10-11,21:51,계란찜,1,7000
2025-10-11,21:54,소주,1,5000
2025-10-11,21:55,오돌뼈,1,17000
2025-10-11,21:56,오돌뼈,1,17000
2025-10-11,21:57,오돌뼈,1,17000
2025-10-11,21:58,소주,1,5000
2025-10-11,22:00,계란찜,1,7000
2025-10-11,22:01,소주,1,5000
2025-10-11,22:02,맥주,1,5000
2025-10-11,22:03,김치전,1,15000
2025-10-11,22:04,김치전,1,15000
2025-10-11,22:12,계란찜,1,7000
2025-10-11,22:13,김치전,1,15000
2025-10-11,22:14,소주,1,5000
2025-10-11,22:14,오돌뼈,1,17000
2025-10-11,22:16,하이볼,1,7000
2025-10-11,22:18,맥주,1,5000
2025-10-11,22:19,소주,1,5000
2025-10-11,22:19,맥주,1,5000
2025-10-11,22:20,소주,1,5000
2025-10-11,22:20,하이볼,1,7000
2025-10-11,22:22,맥주,1,5000
2025-10-11,22:23,소주,1,5000
2025-10-11,22:25,소주,1,5000
2025-10-11,22:26,닭발,1,18000
2025-10-11,22:27,맥주,1,5000
2025-10-11,22:28,맥주,1,5000
2025-10-11,22:30,김치전,1,15000
2025-10-11,22:32,맥주,1,5000
2025-10-11,22:33,맥주,1,5000
2025-10-11,22:39,하이볼,1,7000
2025-10-11,22:39,오돌뼈,1,17000
2025-10-11,22:39,김치전,1,15000
2025-10-11,22:44,소주,1,5000
2025-10-11,22:47,오돌뼈,1,17000
2025-10-11,22:48,소주,1,5000
2025-10-11,22:48,맥주,1,5000
2025-10-11,22:48,오돌뼈,1,17000
2025-10-11,22:52,맥주,1,5000
2025-10-11,22:58,맥주,1,5000
2025-10-11,23:00,김치전,1,15000
2025-10-11,23:01,소주,1,5000
2025-10-11,23:03,계란찜,1,7000
2025-10-11,23:14,맥주,1,5000
2025-10-11,23:17,계란찜,1,7000
2025-10-11,23:19,계란찜,1,7000
2025-10-11,23:25,소주,1,5000
2025-10-11,23:31,하이볼,1,7000
2025-10-11,23:44,소주,1,5000
2025-10-11,23:46,소주,1,5000
2025-10-11,23:50,소주,1,5000
2025-10-12,19:15,소주,1,5000
2025-10-12,19:40,오돌뼈,1,17000
2025-10-12,19:41,소주,1,5000
2025-10-12,20:00,하이볼,1,7000
2025-10-12,20:02,소주,1,5000
2025-10-12,20:06,소주,1,5000
2025-10-12,20:06,하이볼,1,7000
2025-10-12,20:07,소주,1,5000
2025-10-12,20:10,소주,1,5000
2025-10-12,20:21,소주,1,5000
2025-10-12,20:28,계란찜,1,7000
2025-10-12,20:34,닭발,1,18000
2025-10-12,20:37,맥주,1,5000
2025-10-12,20:43,닭발,1,18000
2025-10-12,20:47,소주,1,5000
2025-10-12,20:51,오돌뼈,1,17000
2025-10-12,20:52,김치전,1,15000
2025-10-12,20:53,닭발,1,18000
2025-10-12,20:55,오돌뼈,1,17000
2025-10-12,20:56,하이볼,1,7000
2025-10-12,20:56,닭발,1,18000
2025-10-12,21:00,맥주,1,5000
2025-10-12,21:07,계란찜,1,7000
2025-10-12,21:09,오돌뼈,1,17000
2025-10-12,21:10,김치전,1,15000
2025-10-12,21:13,하이볼,1,7000
2025-10-12,21:16,소주,1,5000
2025-10-12,21:18,계란찜,1,7000
2025-10-12,21:22,닭발,1,18000
2025-10-12,21:24,김치전,1,15000
2025-10-12,21:26,하이볼,1,7000
2025-10-12,21:32,맥주,1,5000
2025-10-12,21:33,소주,1,5000
2025-10-12,21:34,맥주,1,5000
2025-10-12,21:41,소주,1,5000
2025-10-12,21:46,소주,1,5000
2025-10-12,21:48,소주,1,5000
2025-10-12,21:49,맥주,1,5000
2025-10-12,21:50,맥주,1,5000
2025-10-12,21:50,김치전,1,15000
2025-10-12,21:52,소주,1,5000
2025-10-12,21:55,김치전,1,15000
2025-10-12,21:59,맥주,1,5000
2025-10-12,22:03,닭발,1,18000
2025-10-12,22:08,김치전,1,15000
2025-10-12,22:18,맥주,1,5000
2025-10-12,22:21,하이볼,1,7000
2025-10-12,22:21,하이볼,1,7000
2025-10-12,22:21,계란찜,1,7000
2025-10-12,22:22,소주,1,5000
2025-10-12,22:28,닭발,1,18000
2025-10-12,22:29,맥주,1,5000
2025-10-12,22:38,맥주,1,5000
2025-10-12,22:40,소주,1,5000
2025-10-12,22:52,계란찜,1,7000
2025-10-12,23:03,닭발,1,18000
2025-10-12,23:07,소주,1,5000
2025-10-12,23:08,오돌뼈,1,17000
2025-10-12,23:09,소주,1,5000
2025-10-12,23:22,맥주,1,5000
2025-10-12,23:48,맥주,1,5000
2025-10-12,23:50,소주,1,5000
2025-10-12,23:50,하이볼,1,7000
2025-10-12,23:50,오돌뼈,1,17000
2025-10-13,19:09,오돌뼈,1,17000
2025-10-13,19:18,하이볼,1,7000
2025-10-13,19:22,소주,1,5000
2025-10-13,19:29,소주,1,5000
2025-10-13,19:29,하이볼,1,7000
2025-10-13,19:34,계란찜,1,7000
2025-10-13,19:36,닭발,1,18000
2025-10-13,19:37,오돌뼈,1,17000
2025-10-13,20:04,맥주,1,5000
2025-10-13,20:05,맥주,1,5000
2025-10-13,20:12,소주,1,5000
2025-10-13,20:23,소주,1,5000
2025-10-13,20:25,소주,1,5000
2025-10-13,20:31,소주,1,5000
2025-10-13,20:34,김치전,1,15000
2025-10-13,20:34,김치전,1,15000
2025-10-13,20:35,계란찜,1,7000
2025-10-13,20:37,김치전,1,15000
2025-10-13,20:39,닭발,1,18000
2025-10-13,20:40,오돌뼈,1,17000
2025-10-13,20:43,하이볼,1,7000
2025-10-13,20:46,맥주,1,5000
2025-10-13,20:46,닭발,1,18000
2025-10-13,20:47,소주,1,5000
2025-10-13,20:49,맥주,1,5000
2025-10-13,20:52,닭발,1,18000
2025-10-13,20:56,오돌뼈,1,17000
2025-10-13,20:59,소주,1,5000
2025-10-13,21:00,맥주,1,5000
2025-10-13,21:03,계란찜,1,7000
2025-10-13,21:07,김치전,1,15000
2025-10-13,21:11,하이볼,1,7000
2025-10-13,21:14,소주,1,5000
2025-10-13,21:15,오돌뼈,1,17000
2025-10-13,21:18,소주,1,5000
2025-10-13,21:27,맥주,1,5000
2025-10-13,21:27,맥주,1,5000
2025-10-13,21:30,맥주,1,5000
2025-10-13,21:31,맥주,1,5000
2025-10-13,21:31,맥주,1,5000
2025-10-13,21:37,닭발,1,18000
2025-10-13,21:39,오돌뼈,1,17000
2025-10-13,21:44,맥주,1,5000
2025-10-13,21:49,하이볼,1,7000
2025-10-13,21:51,하이볼,1,7000
2025-10-13,21:56,계란찜,1,7000
2025-10-13,21:58,소주,1,5000
2025-10-13,21:58,닭발,1,18000
2025-10-13,22:02,맥주,1,5000
2025-10-13,22:06,맥주,1,5000
2025-10-13,22:07,소주,1,5000
2025-10-13,22:12,소주,1,5000
2025-10-13,22:12,닭발,1,18000
2025-10-13,22:14,닭발,1,18000
2025-10-13,22:19,하이볼,1,7000
2025-10-13,22:19,닭발,1,18000
2025-10-13,22:36,소주,1,5000
2025-10-13,22:43,맥주,1,5000
2025-10-13,22:44,하이볼,1,7000
2025-10-13,22:48,닭발,1,18000
2025-10-13,22:51,닭발,1,18000
2025-10-13,22:52,계란찜,1,7000
2025-10-13,22:56,하이볼,1,7000
2025-10-13,23:05,맥주,1,5000
2025-10-13,23:16,소주,1,5000
2025-10-13,23:28,하이볼,1,7000
2025-10-13,23:29,소주,1,5000
2025-10-13,23:34,오돌뼈,1,17000
2025-10-14,19:14,소주,1,5000
2025-10-14,19:15,하이볼,1,7000
2025-10-14,19:29,소주,1,5000
2025-10-14,19:44,닭발,1,18000
2025-10-14,19:51,소주,1,5000
2025-10-14,20:07,소주,1,5000
2025-10-14,20:13,맥주,1,5000
2025-10-14,20:19,닭발,1,18000
2025-10-14,20:23,김치전,1,15000
2025-10-14,20:29,계란찜,1,7000
2025-10-14,20:38,하이볼,1,7000
2025-10-14,20:40,닭발,1,18000
2025-10-14,20:43,하이볼,1,7000
2025-10-14,20:44,계란찜,1,7000
2025-10-14,20:45,김치전,1,15000
2025-10-14,20:48,소주,1,5000
2025-10-14,20:50,소주,1,5000
2025-10-14,20:53,오돌뼈,1,17000
2025-10-14,20:57,계란찜,1,7000
2025-10-14,20:58,맥주,1,5000
2025-10-14,20:58,하이볼,1,7000
2025-10-14,20:59,맥주,1,5000
2025-10-14,20:59,김치전,1,15000
2025-10-14,21:00,계란찜,1,7000
2025-10-14,21:01,소주,1,5000
2025-10-14,21:02,소주,1,5000
2025-10-14,21:02,맥주,1,5000
2025-10-14,21:02,맥주,1,5000
2025-10-14,21:02,맥주,1,5000
2025-10-14,21:05,오돌뼈,1,17000
2025-10-14,21:07,맥주,1,5000
2025-10-14,21:08,맥주,1,5000
2025-10-14,21:09,김치전,1,15000
2025-10-14,21:10,닭발,1,18000
2025-10-14,21:14,소주,1,5000
2025-10-14,21:20,닭발,1,18000
2025-10-14,21:21,맥주,1,5000
2025-10-14,21:21,하이볼,1,7000
2025-10-14,21:21,김치전,1,15000
2025-10-14,21:22,닭발,1,18000
2025-10-14,21:22,계란찜,1,7000
2025-10-14,21:24,맥주,1,5000
2025-10-14,21:24,하이볼,1,7000
2025-10-14,21:24,닭발,1,18000
2025-10-14,21:26,맥주,1,5000
2025-10-14,21:27,닭발,1,18000
2025-10-14,21:28,계란찜,1,7000
2025-10-14,21:32,계란찜,1,7000
2025-10-14,21:38,소주,1,5000
2025-10-14,21:39,오돌뼈,1,17000
2025-10-14,21:40,맥주,1,5000
2025-10-14,21:43,하이볼,1,7000
2025-10-14,21:46,소주,1,5000
2025-10-14,21:46,소주,1,5000
2025-10-14,21:51,하이볼,1,7000
2025-10-14,21:51,오돌뼈,1,17000
2025-10-14,21:56,소주,1,5000
2025-10-14,21:57,오돌뼈,1,17000
2025-10-14,21:58,김치전,1,15000
2025-10-14,22:01,소주,1,5000
2025-10-14,22:01,계란찜,1,7000
2025-10-14,22:02,오돌뼈,1,17000
2025-10-14,22:04,오돌뼈,1,17000
2025-10-14,22:06,맥주,1,5000
2025-10-14,22:10,맥주,1,5000
2025-10-14,22:10,오돌뼈,1,17000
2025-10-14,22:14,소주,1,5000
2025-10-14,22:17,소주,1,5000
2025-10-14,22:20,소주,1,5000
2025-10-14,22:25,소주,1,5000
2025-10-14,22:29,소주,1,5000
2025-10-14,22:32,맥주,1,5000
2025-10-14,22:32,계란찜,1,7000
2025-10-14,22:33,소주,1,5000
2025-10-14,22:37,맥주,1,5000
2025-10-14,22:37,김치전,1,15000
2025-10-14,22:43,소주,1,5000
2025-10-14,22:46,맥주,1,5000
2025-10-14,22:51,오돌뼈,1,17000
2025-10-14,22:56,하이볼,1,7000
2025-10-14,22:58,소주,1,5000
2025-10-14,23:18,닭발,1,18000
2025-10-14,23:27,맥주,1,5000
2025-10-14,23:33,소주,1,5000
2025-10-14,23:41,김치전,1,15000
2025-10-14,23:50,하이볼,1,7000
2025-10-15,19:03,김치전,1,15000
2025-10-15,19:27,닭발,1,18000
2025-10-15,19:27,오돌뼈,1,17000
2025-10-15,19:30,소주,1,5000
2025-10-15,19:31,소주,1,5000
2025-10-15,19:49,맥주,1,5000
2025-10-15,19:51,김치전,1,15000
2025-10-15,19:52,닭발,1,18000
2025-10-15,19:53,맥주,1,5000
2025-10-15,19:54,소주,1,5000
2025-10-15,19:54,하이볼,1,7000
2025-10-15,19:57,소주,1,5000
2025-10-15,20:00,맥주,1,5000
2025-10-15,20:06,맥주,1,5000
2025-10-15,20:07,김치전,1,15000
2025-10-15,20:08,맥주,1,5000
2025-10-15,20:10,계란찜,1,7000
2025-10-15,20:17,오돌뼈,1,17000
2025-10-15,20:21,오돌뼈,1,17000
2025-10-15,20:21,계란찜,1,7000
2025-10-15,20:27,오돌뼈,1,17000
2025-10-15,20:30,소주,1,5000
2025-10-15,20:33,소주,1,5000
2025-10-15,20:34,김치전,1,15000
2025-10-15,20:37,소주,1,5000
2025-10-15,20:41,맥주,1,5000
2025-10-15,20:44,소주,1,5000
2025-10-15,20:44,소주,1,5000
2025-10-15,20:45,맥주,1,5000
2025-10-15,20:50,소주,1,5000
2025-10-15,21:00,김치전,1,15000
2025-10-15,21:03,김치전,1,15000
2025-10-15,21:04,하이볼,1,7000
2025-10-15,21:04,닭발,1,18000
2025-10-15,21:05,소주,1,5000
2025-10-15,21:07,소주,1,5000
2025-10-15,21:08,계란찜,1,7000
2025-10-15,21:09,계란찜,1,7000
2025-10-15,21:10,맥주,1,5000
2025-10-15,21:16,오돌뼈,1,17000
2025-10-15,21:19,맥주,1,5000
2025-10-15,21:23,하이볼,1,7000
2025-10-15,21:24,소주,1,5000
2025-10-15,21:25,소주,1,5000
2025-10-15,21:25,맥주,1,5000
2025-10-15,21:25,닭발,1,18000
2025-10-15,21:27,하이볼,1,7000
2025-10-15,21:28,닭발,1,18000
2025-10-15,21:31,계란찜,1,7000
2025-10-15,21:32,김치전,1,15000
2025-10-15,21:33,닭발,1,18000
2025-10-15,21:33,김치전,1,15000
2025-10-15,21:35,소주,1,5000
2025-10-15,21:35,맥주,1,5000
2025-10-15,21:37,소주,1,5000
2025-10-15,21:39,소주,1,5000
2025-10-15,21:40,하이볼,1,7000
2025-10-15,21:41,김치전,1,15000
2025-10-15,21:41,김치전,1,15000
2025-10-15,21:42,맥주,1,5000
2025-10-15,21:45,소주,1,5000
2025-10-15,21:46,하이볼,1,7000
2025-10-15,21:46,계란찜,1,7000
2025-10-15,21:52,닭발,1,18000
2025-10-15,21:52,계란찜,1,7000
2025-10-15,21:55,맥주,1,5000
2025-10-15,21:56,맥주,1,5000
2025-10-15,21:58,소주,1,5000
2025-10-15,22:09,맥주,1,5000
2025-10-15,22:09,닭발,1,18000
2025-10-15,22:14,하이볼,1,7000
2025-10-15,22:19,닭발,1,18000
2025-10-15,22:19,오돌뼈,1,17000
2025-10-15,22:21,하이볼,1,7000
2025-10-15,22:27,소주,1,5000
2025-10-15,22:28,소주,1,5000
2025-10-15,22:30,소주,1,5000
2025-10-15,22:33,계란찜,1,7000
2025-10-15,22:36,소주,1,5000
2025-10-15,22:37,오돌뼈,1,17000
2025-10-15,22:44,소주,1,5000
2025-10-15,22:44,오돌뼈,1,17000
2025-10-15,22:45,맥주,1,5000
2025-10-15,22:46,닭발,1,18000
2025-10-15,22:52,소주,1,5000
2025-10-15,22:57,하이볼,1,7000
2025-10-15,23:02,계란찜,1,7000
2025-10-15,23:06,맥주,1,5000
2025-10-15,23:11,맥주,1,5000
2025-10-15,23:16,맥주,1,5000
2025-10-15,23:16,하이볼,1,7000
2025-10-15,23:19,오돌뼈,1,17000
2025-10-15,23:20,닭발,1,18000
2025-10-15,23:50,닭발,1,18000
2025-10-15,23:50,오돌뼈,1,17000
2025-10-16,18:53,오돌뼈,1,17000
2025-10-16,19:09,소주,1,5000
2025-10-16,19:09,맥주,1,5000
2025-10-16,19:21,소주,1,5000
2025-10-16,19:34,소주,1,5000
2025-10-16,19:35,소주,1,5000
2025-10-16,19:50,하이볼,1,7000
2025-10-16,19:55,소주,1,5000
2025-10-16,19:56,하이볼,1,7000
2025-10-16,20:00,닭발,1,18000
2025-10-16,20:06,소주,1,5000
2025-10-16,20:08,소주,1,5000
2025-10-16,20:11,소주,1,5000
2025-10-16,20:13,오돌뼈,1,17000
2025-10-16,20:15,닭발,1,18000
2025-10-16,20:25,오돌뼈,1,17000
2025-10-16,20:29,소주,1,5000
2025-10-16,20:29,소주,1,5000
2025-10-16,20:30,하이볼,1,7000
2025-10-16,20:30,김치전,1,15000
2025-10-16,20:34,맥주,1,5000
2025-10-16,20:35,소주,1,5000
2025-10-16,20:36,닭발,1,18000
2025-10-16,20:36,닭발,1,18000
2025-10-16,20:36,계란찜,1,7000
2025-10-16,20:41,하이볼,1,7000
2025-10-16,20:43,맥주,1,5000
2025-10-16,20:47,닭발,1,18000
2025-10-16,20:49,맥주,1,5000
2025-10-16,20:50,김치전,1,15000
2025-10-16,20:52,하이볼,1,7000
2025-10-16,20:52,닭발,1,18000
2025-10-16,21:01,맥주,1,5000
2025-10-16,21:02,소주,1,5000
2025-10-16,21:03,닭발,1,18000
2025-10-16,21:04,닭발,1,18000
2025-10-16,21:08,닭발,1,18000
2025-10-16,21:14,김치전,1,15000
2025-10-16,21:15,오돌뼈,1,17000
2025-10-16,21:17,맥주,1,5000
2025-10-16,21:25,맥주,1,5000
2025-10-16,21:27,소주,1,5000
2025-10-16,21:29,소주,1,5000
2025-10-16,21:32,김치전,1,15000
2025-10-16,21:33,맥주,1,5000
2025-10-16,21:33,맥주,1,5000
2025-10-16,21:33,김치전,1,15000
2025-10-16,21:34,닭발,1,18000
2025-10-16,21:37,오돌뼈,1,17000
2025-10-16,21:37,김치전,1,15000
2025-10-16,21:39,하이볼,1,7000
2025-10-16,21:40,계란찜,1,7000
2025-10-16,21:41,하이볼,1,7000
2025-10-16,21:42,오돌뼈,1,17000
2025-10-16,21:43,맥주,1,5000
2025-10-16,21:46,김치전,1,15000
2025-10-16,21:50,맥주,1,5000
2025-10-16,21:50,맥주,1,5000
2025-10-16,21:56,하이볼,1,7000
2025-10-16,21:59,김치전,1,15000
2025-10-16,22:00,소주,1,5000
2025-10-16,22:01,닭발,1,18000
2025-10-16,22:02,오돌뼈,1,17000
2025-10-16,22:03,계란찜,1,7000
2025-10-16,22:06,하이볼,1,7000
2025-10-16,22:09,소주,1,5000
2025-10-16,22:09,계란찜,1,7000
2025-10-16,22:10,맥주,1,5000
2025-10-16,22:10,하이볼,1,7000
2025-10-16,22:11,소주,1,5000
2025-10-16,22:16,소주,1,5000
2025-10-16,22:16,하이볼,1,7000
2025-10-16,22:16,하이볼,1,7000
2025-10-16,22:18,오돌뼈,1,17000
2025-10-16,22:19,닭발,1,18000
2025-10-16,22:20,맥주,1,5000
2025-10-16,22:20,닭발,1,18000
2025-10-16,22:21,맥주,1,5000
2025-10-16,22:22,오돌뼈,1,17000
2025-10-16,22:25,소주,1,5000
2025-10-16,22:28,소주,1,5000
2025-10-16,22:28,맥주,1,5000
2025-10-16,22:29,하이볼,1,7000
2025-10-16,22:34,하이볼,1,7000
2025-10-16,22:41,소주,1,5000
2025-10-16,22:41,계란찜,1,7000
2025-10-16,22:42,계란찜,1,7000
2025-10-16,22:44,계란찜,1,7000
2025-10-16,22:50,소주,1,5000
2025-10-16,22:58,김치전,1,15000
2025-10-16,22:59,맥주,1,5000
2025-10-16,23:00,계란찜,1,7000
2025-10-16,23:06,하이볼,1,7000
2025-10-16,23:18,오돌뼈,1,17000
2025-10-16,23:23,소주,1,5000
2025-10-16,23:23,맥주,1,5000
2025-10-16,23:27,맥주,1,5000
2025-10-16,23:35,소주,1,5000
2025-10-16,23:43,오돌뼈,1,17000
2025-10-16,23:45,소주,1,5000
2025-10-16,23:50,맥주,1,5000
2025-10-17,19:08,소주,1,5000
2025-10-17,19:32,김치전,1,15000
2025-10-17,19:36,맥주,1,5000
2025-10-17,19:38,소주,1,5000
2025-10-17,19:43,닭발,1,18000
2025-10-17,19:43,김치전,1,15000
2025-10-17,19:53,소주,1,5000
2025-10-17,19:59,소주,1,5000
2025-10-17,20:02,하이볼,1,7000
2025-10-17,20:08,맥주,1,5000
2025-10-17,20:10,맥주,1,5000
2025-10-17,20:12,맥주,1,5000
2025-10-17,20:19,닭발,1,18000
2025-10-17,20:19,계란찜,1,7000
2025-10-17,20:20,소주,1,5000
2025-10-17,20:29,김치전,1,15000
2025-10-17,20:29,김치전,1,15000
2025-10-17,20:30,맥주,1,5000
2025-10-17,20:33,맥주,1,5000
2025-10-17,20:36,오돌뼈,1,17000
2025-10-17,20:37,닭발,1,18000
2025-10-17,20:37,닭발,1,18000
2025-10-17,20:37,닭발,1,18000
2025-10-17,20:38,맥주,1,5000
2025-10-17,20:39,소주,1,5000
2025-10-17,20:39,맥주,1,5000
2025-10-17,20:41,오돌뼈,1,17000
2025-10-17,20:41,김치전,1,15000
2025-10-17,20:42,맥주,1,5000
2025-10-17,20:44,김치전,1,15000
2025-10-17,20:46,오돌뼈,1,17000
2025-10-17,20:47,계란찜,1,7000
2025-10-17,20:49,소주,1,5000
2025-10-17,20:51,오돌뼈,1,17000
2025-10-17,20:52,닭발,1,18000
2025-10-17,20:52,오돌뼈,1,17000
2025-10-17,20:53,하이볼,1,7000
2025-10-17,20:55,계란찜,1,7000
2025-10-17,20:56,맥주,1,5000
2025-10-17,20:57,김치전,1,15000
2025-10-17,20:59,계란찜,1,7000
2025-10-17,21:01,소주,1,5000
2025-10-17,21:03,소주,1,5000
2025-10-17,21:05,소주,1,5000
2025-10-17,21:05,오돌뼈,1,17000
2025-10-17,21:06,닭발,1,18000
2025-10-17,21:12,닭발,1,18000
2025-10-17,21:14,맥주,1,5000
2025-10-17,21:14,맥주,1,5000
2025-10-17,21:14,맥주,1,5000
2025-10-17,21:14,맥주,1,5000
2025-10-17,21:17,소주,1,5000
2025-10-17,21:19,오돌뼈,1,17000
2025-10-17,21:20,소주,1,5000
2025-10-17,21:22,하이볼,1,7000
2025-10-17,21:24,김치전,1,15000
2025-10-17,21:30,하이볼,1,7000
2025-10-17,21:31,소주,1,5000
2025-10-17,21:33,닭발,1,18000
2025-10-17,21:34,소주,1,5000
2025-10-17,21:35,소주,1,5000
2025-10-17,21:35,소주,1,5000
2025-10-17,21:35,소주,1,5000
2025-10-17,21:36,하이볼,1,7000
2025-10-17,21:39,소주,1,5000
2025-10-17,21:44,맥주,1,5000
2025-10-17,21:44,오돌뼈,1,17000
2025-10-17,21:44,김치전,1,15000
2025-10-17,21:46,오돌뼈,1,17000
2025-10-17,21:47,닭발,1,18000
2025-10-17,21:48,맥주,1,5000
2025-10-17,21:49,하이볼,1,7000
2025-10-17,21:49,하이볼,1,7000
2025-10-17,21:49,닭발,1,18000
2025-10-17,21:49,닭발,1,18000
2025-10-17,21:51,소주,1,5000
2025-10-17,21:53,김치전,1,15000
2025-10-17,21:54,소주,1,5000
2025-10-17,21:55,소주,1,5000
2025-10-17,21:59,닭발,1,18000
2025-10-17,22:03,닭발,1,18000
2025-10-17,22:04,소주,1,5000
2025-10-17,22:07,하이볼,1,7000
2025-10-17,22:07,오돌뼈,1,17000
2025-10-17,22:09,계란찜,1,7000
2025-10-17,22:10,맥주,1,5000
2025-10-17,22:10,하이볼,1,7000
2025-10-17,22:11,소주,1,5000
2025-10-17,22:11,맥주,1,5000
2025-10-17,22:11,맥주,1,5000
2025-10-17,22:13,소주,1,5000
2025-10-17,22:16,맥주,1,5000
2025-10-17,22:17,소주,1,5000
2025-10-17,22:18,맥주,1,5000
2025-10-17,22:18,계란찜,1,7000
2025-10-17,22:19,맥주,1,5000
2025-10-17,22:21,김치전,1,15000
2025-10-17,22:23,닭발,1,18000
2025-10-17,22:24,소주,1,5000
2025-10-17,22:24,하이볼,1,7000
2025-10-17,22:25,소주,1,5000
2025-10-17,22:28,하이볼,1,7000
2025-10-17,22:28,계란찜,1,7000
2025-10-17,22:29,소주,1,5000
2025-10-17,22:30,닭발,1,18000
2025-10-17,22:30,닭발,1,18000
2025-10-17,22:32,오돌뼈,1,17000
2025-10-17,22:32,김치전,1,15000
2025-10-17,22:33,소주,1,5000
2025-10-17,22:33,닭발,1,18000
2025-10-17,22:34,오돌뼈,1,17000
2025-10-17,22:35,맥주,1,5000
2025-10-17,22:35,맥주,1,5000
2025-10-17,22:36,맥주,1,5000
2025-10-17,22:36,하이볼,1,7000
2025-10-17,22:37,소주,1,5000
2025-10-17,22:43,맥주,1,5000
2025-10-17,22:43,김치전,1,15000
2025-10-17,22:44,맥주,1,5000
2025-10-17,22:45,맥주,1,5000
2025-10-17,22:47,소주,1,5000
2025-10-17,22:50,하이볼,1,7000
2025-10-17,22:52,소주,1,5000
2025-10-17,22:53,소주,1,5000
2025-10-17,22:54,오돌뼈,1,17000
2025-10-17,22:58,하이볼,1,7000
2025-10-17,23:03,맥주,1,5000
2025-10-17,23:03,계란찜,1,7000
2025-10-17,23:09,오돌뼈,1,17000
2025-10-17,23:13,계란찜,1,7000
2025-10-17,23:16,하이볼,1,7000
2025-10-17,23:17,맥주,1,5000
2025-10-17,23:22,닭발,1,18000
2025-10-17,23:28,소주,1,5000
2025-10-17,23:35,하이볼,1,7000
2025-10-17,23:38,오돌뼈,1,17000
2025-10-17,23:41,맥주,1,5000
2025-10-17,23:47,김치전,1,15000
2025-10-17,23:50,맥주,1,5000
2025-10-17,23:50,하이볼,1,7000
2025-10-17,23:50,계란찜,1,7000
2025-10-18,18:52,소주,1,5000
2025-10-18,19:34,맥주,1,5000
2025-10-18,19:40,김치전,1,15000
2025-10-18,19:44,소주,1,5000
2025-10-18,19:45,맥주,1,5000
2025-10-18,19:48,오돌뼈,1,17000
2025-10-18,19:53,맥주,1,5000
2025-10-18,19:54,소주,1,5000
2025-10-18,19:54,김치전,1,15000
2025-10-18,20:01,맥주,1,5000
2025-10-18,20:05,계란찜,1,7000
2025-10-18,20:08,오돌뼈,1,17000
2025-10-18,20:09,오돌뼈,1,17000
2025-10-18,20:11,하이볼,1,7000
2025-10-18,20:14,소주,1,5000
2025-10-18,20:15,닭발,1,18000
2025-10-18,20:16,하이볼,1,7000
2025-10-18,20:17,하이볼,1,7000
2025-10-18,20:18,소주,1,5000
2025-10-18,20:20,소주,1,5000
2025-10-18,20:21,오돌뼈,1,17000
2025-10-18,20:22,소주,1,5000
2025-10-18,20:23,소주,1,5000
2025-10-18,20:24,하이볼,1,7000
2025-10-18,20:24,닭발,1,18000
2025-10-18,20:26,맥주,1,5000
2025-10-18,20:26,계란찜,1,7000
2025-10-18,20:30,소주,1,5000
2025-10-18,20:30,닭발,1,18000
2025-10-18,20:31,소주,1,5000
2025-10-18,20:32,소주,1,5000
2025-10-18,20:34,소주,1,5000
2025-10-18,20:36,소주,1,5000
2025-10-18,20:36,맥주,1,5000
2025-10-18,20:37,소주,1,5000
2025-10-18,20:38,계란찜,1,7000
2025-10-18,20:39,소주,1,5000
2025-10-18,20:39,하이볼,1,7000
2025-10-18,20:40,소주,1,5000
2025-10-18,20:40,김치전,1,15000
2025-10-18,20:43,닭발,1,18000
2025-10-18,20:44,맥주,1,5000
2025-10-18,20:45,소주,1,5000
2025-10-18,20:45,계란찜,1,7000
2025-10-18,20:46,맥주,1,5000
2025-10-18,20:46,닭발,1,18000
2025-10-18,20:49,하이볼,1,7000
2025-10-18,20:50,소주,1,5000
2025-10-18,20:51,맥주,1,5000
2025-10-18,20:51,김치전,1,15000
2025-10-18,20:53,맥주,1,5000
2025-10-18,20:53,하이볼,1,7000
2025-10-18,20:53,닭발,1,18000
2025-10-18,20:53,김치전,1,15000
2025-10-18,20:54,맥주,1,5000
2025-10-18,20:56,오돌뼈,1,17000
2025-10-18,20:58,김치전,1,15000
2025-10-18,20:59,맥주,1,5000
2025-10-18,20:59,하이볼,1,7000
2025-10-18,20:59,하이볼,1,7000
2025-10-18,21:00,오돌뼈,1,17000
2025-10-18,21:01,맥주,1,5000
2025-10-18,21:02,닭발,1,18000
2025-10-18,21:02,김치전,1,15000
2025-10-18,21:02,김치전,1,15000
2025-10-18,21:02,계란찜,1,7000
2025-10-18,21:03,맥주,1,5000
2025-10-18,21:04,오돌뼈,1,17000
2025-10-18,21:07,소주,1,5000
2025-10-18,21:09,소주,1,5000
2025-10-18,21:09,닭발,1,18000
2025-10-18,21:10,맥주,1,5000
2025-10-18,21:11,소주,1,5000
2025-10-18,21:11,맥주,1,5000
2025-10-18,21:12,소주,1,5000
2025-10-18,21:12,하이볼,1,7000
2025-10-18,21:13,소주,1,5000
2025-10-18,21:14,맥주,1,5000
2025-10-18,21:15,닭발,1,18000
2025-10-18,21:15,계란찜,1,7000
2025-10-18,21:16,맥주,1,5000
2025-10-18,21:17,소주,1,5000
2025-10-18,21:18,소주,1,5000
2025-10-18,21:18,오돌뼈,1,17000
2025-10-18,21:20,하이볼,1,7000
2025-10-18,21:21,맥주,1,5000
2025-10-18,21:22,김치전,1,15000
2025-10-18,21:23,맥주,1,5000
2025-10-18,21:25,맥주,1,5000
2025-10-18,21:25,오돌뼈,1,17000
2025-10-18,21:28,소주,1,5000
2025-10-18,21:30,소주,1,5000
2025-10-18,21:30,소주,1,5000
2025-10-18,21:30,맥주,1,5000
2025-10-18,21:31,김치전,1,15000
2025-10-18,21:33,맥주,1,5000
2025-10-18,21:34,소주,1,5000
2025-10-18,21:35,닭발,1,18000
2025-10-18,21:36,오돌뼈,1,17000
2025-10-18,21:37,하이볼,1,7000
2025-10-18,21:38,김치전,1,15000
2025-10-18,21:39,닭발,1,18000
2025-10-18,21:40,소주,1,5000
2025-10-18,21:40,오돌뼈,1,17000
2025-10-18,21:41,오돌뼈,1,17000
2025-10-18,21:42,소주,1,5000
2025-10-18,21:42,오돌뼈,1,17000
2025-10-18,21:44,맥주,1,5000
2025-10-18,21:45,하이볼,1,7000
2025-10-18,21:45,계란찜,1,7000
2025-10-18,21:46,하이볼,1,7000
2025-10-18,21:47,소주,1,5000
2025-10-18,21:47,오돌뼈,1,17000
2025-10-18,21:47,계란찜,1,7000
2025-10-18,21:48,닭발,1,18000
2025-10-18,21:48,김치전,1,15000
2025-10-18,21:48,계란찜,1,7000
2025-10-18,21:49,닭발,1,18000
2025-10-18,21:50,닭발,1,18000
2025-10-18,21:51,닭발,1,18000
2025-10-18,21:55,오돌뼈,1,17000
2025-10-18,21:56,닭발,1,18000
2025-10-18,21:58,소주,1,5000
2025-10-18,21:58,맥주,1,5000
2025-10-18,22:01,맥주,1,5000
2025-10-18,22:01,닭발,1,18000
2025-10-18,22:02,닭발,1,18000
2025-10-18,22:04,소주,1,5000
2025-10-18,22:04,맥주,1,5000
2025-10-18,22:06,오돌뼈,1,17000
2025-10-18,22:08,김치전,1,15000
2025-10-18,22:11,닭발,1,18000
2025-10-18,22:14,소주,1,5000
2025-10-18,22:15,닭발,1,18000
2025-10-18,22:16,하이볼,1,7000
2025-10-18,22:17,맥주,1,5000
2025-10-18,22:18,소주,1,5000
2025-10-18,22:18,맥주,1,5000
2025-10-18,22:20,소주,1,5000
2025-10-18,22:21,하이볼,1,7000
2025-10-18,22:22,맥주,1,5000
2025-10-18,22:23,맥주,1,5000
2025-10-18,22:23,맥주,1,5000
2025-10-18,22:24,오돌뼈,1,17000
2025-10-18,22:25,하이볼,1,7000
2025-10-18,22:26,맥주,1,5000
2025-10-18,22:28,소주,1,5000
2025-10-18,22:29,오돌뼈,1,17000
2025-10-18,22:30,맥주,1,5000
2025-10-18,22:30,닭발,1,18000
2025-10-18,22:32,맥주,1,5000
2025-10-18,22:32,하이볼,1,7000
2025-10-18,22:39,맥주,1,5000
2025-10-18,22:39,닭발,1,18000
2025-10-18,22:41,닭발,1,18000
2025-10-18,22:43,맥주,1,5000
2025-10-18,22:45,소주,1,5000
2025-10-18,22:45,하이볼,1,7000
2025-10-18,22:53,맥주,1,5000
2025-10-18,23:00,하이볼,1,7000
2025-10-18,23:01,하이볼,1,7000
2025-10-18,23:05,닭발,1,18000
2025-10-18,23:06,닭발,1,18000
2025-10-18,23:07,계란찜,1,7000
2025-10-18,23:08,계란찜,1,7000
2025-10-18,23:10,계란찜,1,7000
2025-10-18,23:14,하이볼,1,7000
2025-10-18,23:15,맥주,1,5000
2025-10-18,23:16,닭발,1,18000
2025-10-18,23:16,오돌뼈,1,17000
2025-10-18,23:17,소주,1,5000
2025-10-18,23:19,하이볼,1,7000
2025-10-18,23:22,김치전,1,15000
2025-10-18,23:25,소주,1,5000
2025-10-18,23:44,소주,1,5000
2025-10-18,23:45,소주,1,5000
2025-10-18,23:46,소주,1,5000
2025-10-18,23:50,소주,1,5000
2025-10-19,19:44,김치전,1,15000
2025-10-19,19:53,맥주,1,5000
2025-10-19,19:54,오돌뼈,1,17000
2025-10-19,20:00,맥주,1,5000
2025-10-19,20:00,맥주,1,5000
2025-10-19,20:02,오돌뼈,1,17000
2025-10-19,20:05,소주,1,5000
2025-10-19,20:07,닭발,1,18000
2025-10-19,20:08,맥주,1,5000
2025-10-19,20:12,김치전,1,15000
2025-10-19,20:23,하이볼,1,7000
2025-10-19,20:27,맥주,1,5000
2025-10-19,20:28,김치전,1,15000
2025-10-19,20:30,닭발,1,18000
2025-10-19,20:38,하이볼,1,7000
2025-10-19,20:41,소주,1,5000
2025-10-19,20:47,닭발,1,18000
2025-10-19,20:48,소주,1,5000
2025-10-19,20:48,닭발,1,18000
2025-10-19,20:50,하이볼,1,7000
2025-10-19,20:52,김치전,1,15000
2025-10-19,20:53,소주,1,5000
2025-10-19,20:54,김치전,1,15000
2025-10-19,20:56,맥주,1,5000
2025-10-19,20:58,계란찜,1,7000
2025-10-19,21:07,하이볼,1,7000
2025-10-19,21:12,소주,1,5000
2025-10-19,21:16,오돌뼈,1,17000
2025-10-19,21:32,하이볼,1,7000
2025-10-19,21:37,소주,1,5000
2025-10-19,21:37,하이볼,1,7000
2025-10-19,21:38,오돌뼈,1,17000
2025-10-19,21:45,맥주,1,5000
2025-10-19,21:46,소주,1,5000
2025-10-19,21:48,소주,1,5000
2025-10-19,21:58,맥주,1,5000
2025-10-19,22:06,계란찜,1,7000
2025-10-19,22:11,닭발,1,18000
2025-10-19,22:15,소주,1,5000
2025-10-19,22:16,소주,1,5000
2025-10-19,22:17,하이볼,1,7000
2025-10-19,22:18,닭발,1,18000
2025-10-19,22:19,맥주,1,5000
2025-10-19,22:20,소주,1,5000
2025-10-19,22:22,계란찜,1,7000
2025-10-19,22:25,계란찜,1,7000
2025-10-19,22:35,소주,1,5000
2025-10-19,22:37,닭발,1,18000
2025-10-19,22:45,하이볼,1,7000
2025-10-19,22:59,맥주,1,5000
2025-10-19,23:03,닭발,1,18000
2025-10-19,23:10,계란찜,1,7000
2025-10-19,23:15,맥주,1,5000
2025-10-19,23:23,오돌뼈,1,17000
2025-10-20,19:18,닭발,1,18000
2025-10-20,19:39,맥주,1,5000
2025-10-20,19:55,소주,1,5000
2025-10-20,20:04,김치전,1,15000
2025-10-20,20:04,계란찜,1,7000
2025-10-20,20:11,하이볼,1,7000
2025-10-20,20:23,하이볼,1,7000
2025-10-20,20:34,김치전,1,15000
2025-10-20,20:43,소주,1,5000
2025-10-20,20:45,계란찜,1,7000
2025-10-20,20:47,맥주,1,5000
2025-10-20,20:47,오돌뼈,1,17000
2025-10-20,20:50,김치전,1,15000
2025-10-20,20:52,소주,1,5000
2025-10-20,20:53,하이볼,1,7000
2025-10-20,20:59,맥주,1,5000
2025-10-20,21:00,소주,1,5000
2025-10-20,21:04,닭발,1,18000
2025-10-20,21:07,소주,1,5000
2025-10-20,21:11,소주,1,5000
2025-10-20,21:11,오돌뼈,1,17000
2025-10-20,21:17,닭발,1,18000
2025-10-20,21:18,맥주,1,5000
2025-10-20,21:22,소주,1,5000
2025-10-20,21:23,오돌뼈,1,17000
2025-10-20,21:23,계란찜,1,7000
2025-10-20,21:24,맥주,1,5000
2025-10-20,21:26,닭발,1,18000
2025-10-20,21:28,김치전,1,15000
2025-10-20,21:29,맥주,1,5000
2025-10-20,21:31,소주,1,5000
2025-10-20,21:31,하이볼,1,7000
2025-10-20,21:32,닭발,1,18000
2025-10-20,21:34,하이볼,1,7000
2025-10-20,21:38,하이볼,1,7000
2025-10-20,21:40,소주,1,5000
2025-10-20,21:45,계란찜,1,7000
2025-10-20,21:55,김치전,1,15000
2025-10-20,21:55,계란찜,1,7000
2025-10-20,21:56,소주,1,5000
2025-10-20,22:01,닭발,1,18000
2025-10-20,22:01,계란찜,1,7000
2025-10-20,22:02,하이볼,1,7000
2025-10-20,22:02,오돌뼈,1,17000
2025-10-20,22:02,계란찜,1,7000
2025-10-20,22:09,닭발,1,18000
2025-10-20,22:10,맥주,1,5000
2025-10-20,22:14,닭발,1,18000
2025-10-20,22:18,하이볼,1,7000
2025-10-20,22:23,소주,1,5000
2025-10-20,22:27,맥주,1,5000
2025-10-20,22:27,맥주,1,5000
2025-10-20,22:35,소주,1,5000
2025-10-20,22:39,닭발,1,18000
2025-10-20,22:51,맥주,1,5000
2025-10-20,22:59,맥주,1,5000
2025-10-20,23:20,소주,1,5000
2025-10-20,23:28,오돌뼈,1,17000
2025-10-20,23:30,김치전,1,15000
2025-10-20,23:45,김치전,1,15000
2025-10-20,23:48,소주,1,5000
2025-10-20,23:50,닭발,1,18000
2025-10-20,23:50,김치전,1,15000
2025-10-21,19:21,닭발,1,18000
2025-10-21,19:58,김치전,1,15000
2025-10-21,20:09,소주,1,5000
2025-10-21,20:14,오돌뼈,1,17000
2025-10-21,20:18,하이볼,1,7000
2025-10-21,20:21,하이볼,1,7000
2025-10-21,20:22,계란찜,1,7000
2025-10-21,20:23,소주,1,5000
2025-10-21,20:23,계란찜,1,7000
2025-10-21,20:24,소주,1,5000
2025-10-21,20:29,맥주,1,5000
2025-10-21,20:30,닭발,1,18000
2025-10-21,20:32,닭발,1,18000
2025-10-21,20:38,닭발,1,18000
2025-10-21,20:39,계란찜,1,7000
2025-10-21,20:42,맥주,1,5000
2025-10-21,20:46,소주,1,5000
2025-10-21,20:48,소주,1,5000
2025-10-21,20:52,맥주,1,5000
2025-10-21,20:52,김치전,1,15000
2025-10-21,21:01,맥주,1,5000
2025-10-21,21:03,하이볼,1,7000
2025-10-21,21:08,오돌뼈,1,17000
2025-10-21,21:13,맥주,1,5000
2025-10-21,21:15,닭발,1,18000
2025-10-21,21:16,김치전,1,15000
2025-10-21,21:28,소주,1,5000
2025-10-21,21:31,맥주,1,5000
2025-10-21,21:33,계란찜,1,7000
2025-10-21,21:36,계란찜,1,7000
2025-10-21,21:37,맥주,1,5000
2025-10-21,21:38,하이볼,1,7000
2025-10-21,21:38,김치전,1,15000
2025-10-21,21:43,김치전,1,15000
2025-10-21,21:45,맥주,1,5000
2025-10-21,21:47,소주,1,5000
2025-10-21,21:47,닭발,1,18000
2025-10-21,21:51,계란찜,1,7000
2025-10-21,21:53,김치전,1,15000
2025-10-21,21:54,맥주,1,5000
2025-10-21,22:01,계란찜,1,7000
2025-10-21,22:07,하이볼,1,7000
2025-10-21,22:07,오돌뼈,1,17000
2025-10-21,22:11,맥주,1,5000
2025-10-21,22:11,맥주,1,5000
2025-10-21,22:20,소주,1,5000
2025-10-21,22:20,소주,1,5000
2025-10-21,22:21,닭발,1,18000
2025-10-21,22:21,김치전,1,15000
2025-10-21,22:25,닭발,1,18000
2025-10-21,22:28,맥주,1,5000
2025-10-21,22:29,맥주,1,5000
2025-10-21,22:31,소주,1,5000
2025-10-21,22:34,소주,1,5000
2025-10-21,22:39,계란찜,1,7000
2025-10-21,22:41,닭발,1,18000
2025-10-21,22:41,오돌뼈,1,17000
2025-10-21,22:42,하이볼,1,7000
2025-10-21,22:43,계란찜,1,7000
2025-10-21,22:53,소주,1,5000
2025-10-21,22:56,소주,1,5000
2025-10-21,23:23,김치전,1,15000
2025-10-21,23:25,맥주,1,5000
2025-10-21,23:31,소주,1,5000
2025-10-21,23:38,오돌뼈,1,17000
2025-10-21,23:49,김치전,1,15000
2025-10-21,23:50,하이볼,1,7000
2025-10-22,18:33,소주,1,5000
2025-10-22,18:52,맥주,1,5000
2025-10-22,19:44,오돌뼈,1,17000
2025-10-22,19:57,김치전,1,15000
2025-10-22,19:58,오돌뼈,1,17000
2025-10-22,20:04,계란찜,1,7000
2025-10-22,20:05,소주,1,5000
2025-10-22,20:07,소주,1,5000
2025-10-22,20:16,소주,1,5000
2025-10-22,20:28,김치전,1,15000
2025-10-22,20:32,소주,1,5000
2025-10-22,20:32,닭발,1,18000
2025-10-22,20:36,김치전,1,15000
2025-10-22,20:39,맥주,1,5000
2025-10-22,20:45,맥주,1,5000
2025-10-22,20:46,맥주,1,5000
2025-10-22,20:53,하이볼,1,7000
2025-10-22,20:55,맥주,1,5000
2025-10-22,20:56,소주,1,5000
2025-10-22,20:56,소주,1,5000
2025-10-22,20:59,맥주,1,5000
2025-10-22,21:06,하이볼,1,7000
2025-10-22,21:11,닭발,1,18000
2025-10-22,21:11,닭발,1,18000
2025-10-22,21:11,오돌뼈,1,17000
2025-10-22,21:16,오돌뼈,1,17000
2025-10-22,21:16,김치전,1,15000
2025-10-22,21:16,김치전,1,15000
2025-10-22,21:17,맥주,1,5000
2025-10-22,21:17,김치전,1,15000
2025-10-22,21:24,소주,1,5000
2025-10-22,21:25,맥주,1,5000
2025-10-22,21:29,오돌뼈,1,17000
2025-10-22,21:33,오돌뼈,1,17000
2025-10-22,21:35,닭발,1,18000
2025-10-22,21:36,닭발,1,18000
2025-10-22,21:37,맥주,1,5000
2025-10-22,21:37,계란찜,1,7000
2025-10-22,21:39,하이볼,1,7000
2025-10-22,21:41,맥주,1,5000
2025-10-22,21:43,오돌뼈,1,17000
2025-10-22,21:46,소주,1,5000
2025-10-22,21:49,닭발,1,18000
2025-10-22,21:52,하이볼,1,7000
2025-10-22,21:54,오돌뼈,1,17000
2025-10-22,22:01,소주,1,5000
2025-10-22,22:02,하이볼,1,7000
2025-10-22,22:03,맥주,1,5000
2025-10-22,22:06,소주,1,5000
2025-10-22,22:07,하이볼,1,7000
2025-10-22,22:09,닭발,1,18000
2025-10-22,22:11,닭발,1,18000
2025-10-22,22:11,계란찜,1,7000
2025-10-22,22:13,하이볼,1,7000
2025-10-22,22:13,오돌뼈,1,17000
2025-10-22,22:18,맥주,1,5000
2025-10-22,22:18,닭발,1,18000
2025-10-22,22:20,맥주,1,5000
2025-10-22,22:36,하이볼,1,7000
2025-10-22,22:48,닭발,1,18000
2025-10-22,22:50,맥주,1,5000
2025-10-22,22:54,닭발,1,18000
2025-10-22,22:58,하이볼,1,7000
2025-10-22,23:00,소주,1,5000
2025-10-22,23:17,맥주,1,5000
2025-10-22,23:34,소주,1,5000
2025-10-22,23:36,소주,1,5000
2025-10-22,23:50,소주,1,5000
2025-10-23,19:06,소주,1,5000
2025-10-23,19:40,소주,1,5000
2025-10-23,19:44,하이볼,1,7000
2025-10-23,19:48,김치전,1,15000
2025-10-23,19:51,김치전,1,15000
2025-10-23,19:58,하이볼,1,7000
2025-10-23,20:00,계란찜,1,7000
2025-10-23,20:07,소주,1,5000
2025-10-23,20:09,닭발,1,18000
2025-10-23,20:10,소주,1,5000
2025-10-23,20:10,하이볼,1,7000
2025-10-23,20:17,맥주,1,5000
2025-10-23,20:18,계란찜,1,7000
2025-10-23,20:19,소주,1,5000
2025-10-23,20:19,오돌뼈,1,17000
2025-10-23,20:20,오돌뼈,1,17000
2025-10-23,20:21,오돌뼈,1,17000
2025-10-23,20:24,맥주,1,5000
2025-10-23,20:27,닭발,1,18000
2025-10-23,20:27,계란찜,1,7000
2025-10-23,20:28,맥주,1,5000
2025-10-23,20:30,맥주,1,5000
2025-10-23,20:32,맥주,1,5000
2025-10-23,20:34,맥주,1,5000
2025-10-23,20:36,오돌뼈,1,17000
2025-10-23,20:37,맥주,1,5000
2025-10-23,20:39,김치전,1,15000
2025-10-23,20:40,소주,1,5000
2025-10-23,20:42,계란찜,1,7000
2025-10-23,20:45,계란찜,1,7000
2025-10-23,20:46,맥주,1,5000
2025-10-23,20:47,소주,1,5000
2025-10-23,20:52,김치전,1,15000
2025-10-23,20:55,닭발,1,18000
2025-10-23,21:01,맥주,1,5000
2025-10-23,21:09,하이볼,1,7000
2025-10-23,21:13,소주,1,5000
2025-10-23,21:16,소주,1,5000
2025-10-23,21:17,소주,1,5000
2025-10-23,21:18,소주,1,5000
2025-10-23,21:19,소주,1,5000
2025-10-23,21:24,소주,1,5000
2025-10-23,21:27,소주,1,5000
2025-10-23,21:30,오돌뼈,1,17000
2025-10-23,21:32,소주,1,5000
2025-10-23,21:32,소주,1,5000
2025-10-23,21:33,맥주,1,5000
2025-10-23,21:34,닭발,1,18000
2025-10-23,21:36,닭발,1,18000
2025-10-23,21:38,하이볼,1,7000
2025-10-23,21:42,하이볼,1,7000
2025-10-23,21:42,오돌뼈,1,17000
2025-10-23,21:43,맥주,1,5000
2025-10-23,21:44,맥주,1,5000
2025-10-23,21:45,맥주,1,5000
2025-10-23,21:47,닭발,1,18000
2025-10-23,21:56,닭발,1,18000
2025-10-23,21:58,소주,1,5000
2025-10-23,21:58,닭발,1,18000
2025-10-23,21:58,계란찜,1,7000
2025-10-23,22:01,김치전,1,15000
2025-10-23,22:04,김치전,1,15000
2025-10-23,22:09,하이볼,1,7000
2025-10-23,22:10,오돌뼈,1,17000
2025-10-23,22:17,맥주,1,5000
2025-10-23,22:27,맥주,1,5000
2025-10-23,22:27,계란찜,1,7000
2025-10-23,22:28,맥주,1,5000
2025-10-23,22:28,계란찜,1,7000
2025-10-23,22:29,맥주,1,5000
2025-10-23,22:33,하이볼,1,7000
2025-10-23,22:36,소주,1,5000
2025-10-23,22:40,소주,1,5000
2025-10-23,22:40,오돌뼈,1,17000
2025-10-23,22:44,소주,1,5000
2025-10-23,22:47,닭발,1,18000
2025-10-23,22:55,닭발,1,18000
2025-10-23,23:00,하이볼,1,7000
2025-10-23,23:02,하이볼,1,7000
2025-10-23,23:06,소주,1,5000
2025-10-23,23:07,닭발,1,18000
2025-10-23,23:09,맥주,1,5000
2025-10-23,23:16,오돌뼈,1,17000
2025-10-23,23:20,소주,1,5000
2025-10-23,23:29,소주,1,5000
2025-10-23,23:31,맥주,1,5000
2025-10-23,23:35,닭발,1,18000
2025-10-23,23:44,하이볼,1,7000
2025-10-24,19:25,맥주,1,5000
2025-10-24,19:32,맥주,1,5000
2025-10-24,19:38,오돌뼈,1,17000
2025-10-24,19:45,소주,1,5000
2025-10-24,19:52,맥주,1,5000
2025-10-24,19:56,소주,1,5000
2025-10-24,19:57,소주,1,5000
2025-10-24,19:58,계란찜,1,7000
2025-10-24,20:10,맥주,1,5000
2025-10-24,20:16,맥주,1,5000
2025-10-24,20:17,김치전,1,15000
2025-10-24,20:23,닭발,1,18000
2025-10-24,20:24,맥주,1,5000
2025-10-24,20:27,계란찜,1,7000
2025-10-24,20:33,닭발,1,18000
2025-10-24,20:37,맥주,1,5000
2025-10-24,20:39,하이볼,1,7000
2025-10-24,20:42,계란찜,1,7000
2025-10-24,20:46,김치전,1,15000
2025-10-24,20:49,소주,1,5000
2025-10-24,20:52,닭발,1,18000
2025-10-24,20:57,소주,1,5000
2025-10-24,20:58,소주,1,5000
2025-10-24,20:59,하이볼,1,7000
2025-10-24,21:00,오돌뼈,1,17000
2025-10-24,21:02,하이볼,1,7000
2025-10-24,21:02,닭발,1,18000
2025-10-24,21:04,오돌뼈,1,17000
2025-10-24,21:05,소주,1,5000
2025-10-24,21:05,오돌뼈,1,17000
2025-10-24,21:08,맥주,1,5000
2025-10-24,21:08,하이볼,1,7000
2025-10-24,21:10,닭발,1,18000
2025-10-24,21:11,맥주,1,5000
2025-10-24,21:14,하이볼,1,7000
2025-10-24,21:16,닭발,1,18000
2025-10-24,21:20,오돌뼈,1,17000
2025-10-24,21:21,하이볼,1,7000
2025-10-24,21:29,계란찜,1,7000
2025-10-24,21:31,계란찜,1,7000
2025-10-24,21:32,오돌뼈,1,17000
2025-10-24,21:33,닭발,1,18000
2025-10-24,21:35,맥주,1,5000
2025-10-24,21:35,하이볼,1,7000
2025-10-24,21:35,김치전,1,15000
2025-10-24,21:37,소주,1,5000
2025-10-24,21:38,하이볼,1,7000
2025-10-24,21:40,김치전,1,15000
2025-10-24,21:43,소주,1,5000
2025-10-24,21:43,하이볼,1,7000
2025-10-24,21:48,소주,1,5000
2025-10-24,21:49,오돌뼈,1,17000
2025-10-24,21:53,소주,1,5000
2025-10-24,21:54,맥주,1,5000
2025-10-24,21:54,하이볼,1,7000
2025-10-24,21:57,김치전,1,15000
2025-10-24,21:58,소주,1,5000
2025-10-24,22:04,맥주,1,5000
2025-10-24,22:07,맥주,1,5000
2025-10-24,22:08,오돌뼈,1,17000
2025-10-24,22:11,맥주,1,5000
2025-10-24,22:12,오돌뼈,1,17000
2025-10-24,22:18,소주,1,5000
2025-10-24,22:18,소주,1,5000
2025-10-24,22:18,계란찜,1,7000
2025-10-24,22:19,소주,1,5000
2025-10-24,22:21,소주,1,5000
2025-10-24,22:22,닭발,1,18000
2025-10-24,22:22,김치전,1,15000
2025-10-24,22:33,닭발,1,18000
2025-10-24,22:34,소주,1,5000
2025-10-24,22:37,소주,1,5000
2025-10-24,22:37,맥주,1,5000
2025-10-24,22:38,하이볼,1,7000
2025-10-24,22:40,소주,1,5000
2025-10-24,22:42,계란찜,1,7000
2025-10-24,22:43,소주,1,5000
2025-10-24,22:43,소주,1,5000
2025-10-24,22:44,소주,1,5000
2025-10-24,22:45,맥주,1,5000
2025-10-24,22:49,계란찜,1,7000
2025-10-24,23:01,김치전,1,15000
2025-10-24,23:06,맥주,1,5000
2025-10-24,23:08,오돌뼈,1,17000
2025-10-24,23:15,닭발,1,18000
2025-10-24,23:24,소주,1,5000
2025-10-24,23:26,소주,1,5000
2025-10-24,23:50,맥주,1,5000
2025-10-25,18:42,김치전,1,15000
2025-10-25,19:31,하이볼,1,7000
2025-10-25,19:37,소주,1,5000
2025-10-25,19:50,맥주,1,5000
2025-10-25,20:02,맥주,1,5000
2025-10-25,20:07,하이볼,1,7000
2025-10-25,20:08,김치전,1,15000
2025-10-25,20:17,소주,1,5000
2025-10-25,20:17,소주,1,5000
2025-10-25,20:23,닭발,1,18000
2025-10-25,20:23,오돌뼈,1,17000
2025-10-25,20:27,오돌뼈,1,17000
2025-10-25,20:28,맥주,1,5000
2025-10-25,20:30,하이볼,1,7000
2025-10-25,20:37,맥주,1,5000
2025-10-25,20:39,닭발,1,18000
2025-10-25,20:40,맥주,1,5000
2025-10-25,20:40,맥주,1,5000
2025-10-25,20:41,하이볼,1,7000
2025-10-25,20:41,계란찜,1,7000
2025-10-25,20:42,김치전,1,15000
2025-10-25,20:44,맥주,1,5000
2025-10-25,20:45,맥주,1,5000
2025-10-25,20:45,오돌뼈,1,17000
2025-10-25,20:49,하이볼,1,7000
2025-10-25,20:50,맥주,1,5000
2025-10-25,20:51,맥주,1,5000
2025-10-25,20:53,맥주,1,5000
2025-10-25,20:54,소주,1,5000
2025-10-25,20:55,맥주,1,5000
2025-10-25,20:57,계란찜,1,7000
2025-10-25,20:58,김치전,1,15000
2025-10-25,20:59,맥주,1,5000
2025-10-25,21:00,하이볼,1,7000
2025-10-25,21:01,하이볼,1,7000
2025-10-25,21:01,닭발,1,18000
2025-10-25,21:01,계란찜,1,7000
2025-10-25,21:04,소주,1,5000
2025-10-25,21:06,하이볼,1,7000
2025-10-25,21:06,닭발,1,18000
2025-10-25,21:06,김치전,1,15000
2025-10-25,21:09,계란찜,1,7000
2025-10-25,21:10,소주,1,5000
2025-10-25,21:10,맥주,1,5000
2025-10-25,21:11,소주,1,5000
2025-10-25,21:12,오돌뼈,1,17000
2025-10-25,21:12,김치전,1,15000
2025-10-25,21:13,소주,1,5000
2025-10-25,21:13,오돌뼈,1,17000
2025-10-25,21:16,맥주,1,5000
2025-10-25,21:17,소주,1,5000
2025-10-25,21:18,소주,1,5000
2025-10-25,21:21,맥주,1,5000
2025-10-25,21:23,소주,1,5000
2025-10-25,21:25,맥주,1,5000
2025-10-25,21:26,소주,1,5000
2025-10-25,21:27,맥주,1,5000
2025-10-25,21:27,하이볼,1,7000
2025-10-25,21:28,소주,1,5000
2025-10-25,21:31,닭발,1,18000
2025-10-25,21:33,맥주,1,5000
2025-10-25,21:34,닭발,1,18000
2025-10-25,21:37,계란찜,1,7000
2025-10-25,21:38,소주,1,5000
2025-10-25,21:42,소주,1,5000
2025-10-25,21:42,소주,1,5000
2025-10-25,21:42,맥주,1,5000
2025-10-25,21:45,오돌뼈,1,17000
2025-10-25,21:48,소주,1,5000
2025-10-25,21:48,닭발,1,18000
2025-10-25,21:49,맥주,1,5000
2025-10-25,21:50,김치전,1,15000
2025-10-25,21:52,하이볼,1,7000
2025-10-25,21:52,닭발,1,18000
2025-10-25,21:53,소주,1,5000
2025-10-25,21:54,계란찜,1,7000
2025-10-25,21:55,맥주,1,5000
2025-10-25,21:55,오돌뼈,1,17000
2025-10-25,21:56,하이볼,1,7000
2025-10-25,22:01,소주,1,5000
2025-10-25,22:03,소주,1,5000
2025-10-25,22:03,맥주,1,5000
2025-10-25,22:05,소주,1,5000
2025-10-25,22:06,계란찜,1,7000
2025-10-25,22:08,하이볼,1,7000
2025-10-25,22:08,오돌뼈,1,17000
2025-10-25,22:08,계란찜,1,7000
2025-10-25,22:09,하이볼,1,7000
2025-10-25,22:16,소주,1,5000
2025-10-25,22:22,소주,1,5000
2025-10-25,22:25,소주,1,5000
2025-10-25,22:27,닭발,1,18000
2025-10-25,22:27,오돌뼈,1,17000
2025-10-25,22:28,소주,1,5000
2025-10-25,22:28,맥주,1,5000
2025-10-25,22:30,오돌뼈,1,17000
2025-10-25,22:32,닭발,1,18000
2025-10-25,22:37,닭발,1,18000
2025-10-25,22:39,계란찜,1,7000
2025-10-25,22:41,김치전,1,15000
2025-10-25,22:48,하이볼,1,7000
2025-10-25,22:49,맥주,1,5000
2025-10-25,22:51,닭발,1,18000
2025-10-25,22:55,소주,1,5000
2025-10-25,23:01,소주,1,5000
2025-10-25,23:04,닭발,1,18000
2025-10-25,23:10,소주,1,5000
2025-10-25,23:14,맥주,1,5000
2025-10-25,23:15,오돌뼈,1,17000
2025-10-25,23:15,김치전,1,15000
2025-10-25,23:18,닭발,1,18000
2025-10-25,23:18,계란찜,1,7000
2025-10-25,23:41,오돌뼈,1,17000
2025-10-25,23:50,맥주,1,5000
2025-10-26,19:14,소주,1,5000
2025-10-26,19:31,오돌뼈,1,17000
2025-10-26,19:46,하이볼,1,7000
2025-10-26,19:53,하이볼,1,7000
2025-10-26,19:54,하이볼,1,7000
2025-10-26,20:01,오돌뼈,1,17000
2025-10-26,20:04,닭발,1,18000
2025-10-26,20:04,김치전,1,15000
2025-10-26,20:08,맥주,1,5000
2025-10-26,20:08,김치전,1,15000
2025-10-26,20:16,계란찜,1,7000
2025-10-26,20:17,소주,1,5000
2025-10-26,20:17,오돌뼈,1,17000
2025-10-26,20:25,맥주,1,5000
2025-10-26,20:26,소주,1,5000
2025-10-26,20:27,맥주,1,5000
2025-10-26,20:27,맥주,1,5000
2025-10-26,20:28,맥주,1,5000
2025-10-26,20:28,맥주,1,5000
2025-10-26,20:30,닭발,1,18000
2025-10-26,20:35,소주,1,5000
2025-10-26,20:38,소주,1,5000
2025-10-26,20:48,소주,1,5000
2025-10-26,20:49,소주,1,5000
2025-10-26,20:52,김치전,1,15000
2025-10-26,20:55,소주,1,5000
2025-10-26,20:57,소주,1,5000
2025-10-26,21:00,닭발,1,18000
2025-10-26,21:04,김치전,1,15000
2025-10-26,21:15,맥주,1,5000
2025-10-26,21:15,닭발,1,18000
2025-10-26,21:16,하이볼,1,7000
2025-10-26,21:17,소주,1,5000
2025-10-26,21:20,맥주,1,5000
2025-10-26,21:20,오돌뼈,1,17000
2025-10-26,21:23,맥주,1,5000
2025-10-26,21:28,오돌뼈,1,17000
2025-10-26,21:30,소주,1,5000
2025-10-26,21:33,계란찜,1,7000
2025-10-26,21:36,하이볼,1,7000
2025-10-26,21:47,맥주,1,5000
2025-10-26,21:58,하이볼,1,7000
2025-10-26,22:02,오돌뼈,1,17000
2025-10-26,22:04,맥주,1,5000
2025-10-26,22:07,김치전,1,15000
2025-10-26,22:08,닭발,1,18000
2025-10-26,22:11,소주,1,5000
2025-10-26,22:13,계란찜,1,7000
2025-10-26,22:17,소주,1,5000
2025-10-26,22:17,맥주,1,5000
2025-10-26,22:36,계란찜,1,7000
2025-10-26,22:39,하이볼,1,7000
2025-10-26,22:43,맥주,1,5000
2025-10-26,22:50,맥주,1,5000
2025-10-26,22:53,맥주,1,5000
2025-10-26,22:55,소주,1,5000
2025-10-26,23:00,맥주,1,5000
2025-10-26,23:02,닭발,1,18000
2025-10-26,23:04,닭발,1,18000
2025-10-26,23:32,오돌뼈,1,17000
2025-10-26,23:43,닭발,1,18000
2025-10-27,18:53,맥주,1,5000
2025-10-27,19:16,오돌뼈,1,17000
2025-10-27,19:20,김치전,1,15000
2025-10-27,19:43,오돌뼈,1,17000
2025-10-27,19:44,소주,1,5000
2025-10-27,19:46,소주,1,5000
2025-10-27,19:47,닭발,1,18000
2025-10-27,19:52,소주,1,5000
2025-10-27,19:52,오돌뼈,1,17000
2025-10-27,19:58,소주,1,5000
2025-10-27,20:10,소주,1,5000
2025-10-27,20:10,김치전,1,15000
2025-10-27,20:11,김치전,1,15000
2025-10-27,20:18,맥주,1,5000
2025-10-27,20:19,소주,1,5000
2025-10-27,20:20,소주,1,5000
2025-10-27,20:21,오돌뼈,1,17000
2025-10-27,20:21,계란찜,1,7000
2025-10-27,20:22,맥주,1,5000
2025-10-27,20:27,하이볼,1,7000
2025-10-27,20:28,소주,1,5000
2025-10-27,20:31,오돌뼈,1,17000
2025-10-27,20:32,맥주,1,5000
2025-10-27,20:33,하이볼,1,7000
2025-10-27,20:37,닭발,1,18000
2025-10-27,20:38,소주,1,5000
2025-10-27,20:38,맥주,1,5000
2025-10-27,20:39,소주,1,5000
2025-10-27,20:40,오돌뼈,1,17000
2025-10-27,20:43,계란찜,1,7000
2025-10-27,20:44,김치전,1,15000
2025-10-27,20:45,맥주,1,5000
2025-10-27,20:53,하이볼,1,7000
2025-10-27,21:00,맥주,1,5000
2025-10-27,21:09,닭발,1,18000
2025-10-27,21:09,오돌뼈,1,17000
2025-10-27,21:09,김치전,1,15000
2025-10-27,21:10,닭발,1,18000
2025-10-27,21:11,맥주,1,5000
2025-10-27,21:12,맥주,1,5000
2025-10-27,21:14,계란찜,1,7000
2025-10-27,21:22,닭발,1,18000
2025-10-27,21:28,소주,1,5000
2025-10-27,21:28,김치전,1,15000
2025-10-27,21:31,오돌뼈,1,17000
2025-10-27,21:33,하이볼,1,7000
2025-10-27,21:33,닭발,1,18000
2025-10-27,21:35,계란찜,1,7000
2025-10-27,21:39,하이볼,1,7000
2025-10-27,21:39,계란찜,1,7000
2025-10-27,21:41,소주,1,5000
2025-10-27,21:41,계란찜,1,7000
2025-10-27,21:42,닭발,1,18000
2025-10-27,21:44,소주,1,5000
2025-10-27,21:45,닭발,1,18000
2025-10-27,21:48,맥주,1,5000
2025-10-27,21:48,닭발,1,18000
2025-10-27,21:49,소주,1,5000
2025-10-27,21:49,하이볼,1,7000
2025-10-27,21:50,소주,1,5000
2025-10-27,21:53,소주,1,5000
2025-10-27,21:54,맥주,1,5000
2025-10-27,21:55,하이볼,1,7000
2025-10-27,22:02,소주,1,5000
2025-10-27,22:02,소주,1,5000
2025-10-27,22:04,맥주,1,5000
2025-10-27,22:15,소주,1,5000
2025-10-27,22:20,닭발,1,18000
2025-10-27,22:20,김치전,1,15000
2025-10-27,22:22,소주,1,5000
2025-10-27,22:22,닭발,1,18000
2025-10-27,22:22,김치전,1,15000
2025-10-27,22:24,김치전,1,15000
2025-10-27,22:33,소주,1,5000
2025-10-27,22:37,하이볼,1,7000
2025-10-27,22:38,하이볼,1,7000
2025-10-27,22:41,계란찜,1,7000
2025-10-27,22:42,맥주,1,5000
2025-10-27,22:45,소주,1,5000
2025-10-27,22:49,소주,1,5000
2025-10-27,22:50,하이볼,1,7000
2025-10-27,22:53,맥주,1,5000
2025-10-27,22:54,소주,1,5000
2025-10-27,22:55,오돌뼈,1,17000
2025-10-27,22:56,소주,1,5000
2025-10-27,23:02,김치전,1,15000
2025-10-27,23:17,소주,1,5000
2025-10-27,23:19,맥주,1,5000
2025-10-27,23:19,맥주,1,5000
2025-10-27,23:23,맥주,1,5000
2025-10-27,23:25,닭발,1,18000
2025-10-27,23:37,김치전,1,15000
2025-10-27,23:42,하이볼,1,7000
2025-10-27,23:50,오돌뼈,1,17000
2025-10-28,19:22,계란찜,1,7000
2025-10-28,19:37,하이볼,1,7000
2025-10-28,19:37,닭발,1,18000
2025-10-28,19:39,하이볼,1,7000
2025-10-28,19:41,맥주,1,5000
2025-10-28,19:53,닭발,1,18000
2025-10-28,19:57,소주,1,5000
2025-10-28,19:59,소주,1,5000
2025-10-28,20:01,김치전,1,15000
2025-10-28,20:02,오돌뼈,1,17000
2025-10-28,20:07,닭발,1,18000
2025-10-28,20:10,소주,1,5000
2025-10-28,20:14,오돌뼈,1,17000
2025-10-28,20:22,닭발,1,18000
2025-10-28,20:23,소주,1,5000
2025-10-28,20:23,하이볼,1,7000
2025-10-28,20:23,닭발,1,18000
2025-10-28,20:24,닭발,1,18000
2025-10-28,20:24,김치전,1,15000
2025-10-28,20:27,맥주,1,5000
2025-10-28,20:33,소주,1,5000
2025-10-28,20:35,소주,1,5000
2025-10-28,20:35,오돌뼈,1,17000
2025-10-28,20:40,닭발,1,18000
2025-10-28,20:41,계란찜,1,7000
2025-10-28,20:44,계란찜,1,7000
2025-10-28,20:46,맥주,1,5000
2025-10-28,20:47,소주,1,5000
2025-10-28,20:48,소주,1,5000
2025-10-28,20:50,맥주,1,5000
2025-10-28,20:51,소주,1,5000
2025-10-28,20:52,하이볼,1,7000
2025-10-28,20:52,김치전,1,15000
2025-10-28,20:55,오돌뼈,1,17000
2025-10-28,20:56,소주,1,5000
2025-10-28,20:56,하이볼,1,7000
2025-10-28,20:56,오돌뼈,1,17000
2025-10-28,20:58,하이볼,1,7000
2025-10-28,20:58,계란찜,1,7000
2025-10-28,20:59,김치전,1,15000
2025-10-28,21:02,하이볼,1,7000
2025-10-28,21:04,김치전,1,15000
2025-10-28,21:05,소주,1,5000
2025-10-28,21:05,오돌뼈,1,17000
2025-10-28,21:07,오돌뼈,1,17000
2025-10-28,21:08,맥주,1,5000
2025-10-28,21:12,맥주,1,5000
2025-10-28,21:12,하이볼,1,7000
2025-10-28,21:15,계란찜,1,7000
2025-10-28,21:16,맥주,1,5000
2025-10-28,21:17,맥주,1,5000
2025-10-28,21:19,맥주,1,5000
2025-10-28,21:23,계란찜,1,7000
2025-10-28,21:24,소주,1,5000
2025-10-28,21:27,하이볼,1,7000
2025-10-28,21:31,맥주,1,5000
2025-10-28,21:32,소주,1,5000
2025-10-28,21:33,맥주,1,5000
2025-10-28,21:34,맥주,1,5000
2025-10-28,21:37,맥주,1,5000
2025-10-28,21:38,하이볼,1,7000
2025-10-28,21:39,맥주,1,5000
2025-10-28,21:41,소주,1,5000
2025-10-28,21:41,맥주,1,5000
2025-10-28,21:42,닭발,1,18000
2025-10-28,21:42,계란찜,1,7000
2025-10-28,21:44,소주,1,5000
2025-10-28,21:46,소주,1,5000
2025-10-28,21:47,닭발,1,18000
2025-10-28,21:50,맥주,1,5000
2025-10-28,21:51,맥주,1,5000
2025-10-28,21:52,맥주,1,5000
2025-10-28,21:53,맥주,1,5000
2025-10-28,21:54,맥주,1,5000
2025-10-28,21:55,하이볼,1,7000
2025-10-28,21:55,오돌뼈,1,17000
2025-10-28,21:55,김치전,1,15000
2025-10-28,21:56,하이볼,1,7000
2025-10-28,21:57,소주,1,5000
2025-10-28,21:59,소주,1,5000
2025-10-28,21:59,김치전,1,15000
2025-10-28,22:07,닭발,1,18000
2025-10-28,22:07,오돌뼈,1,17000
2025-10-28,22:07,김치전,1,15000
2025-10-28,22:08,하이볼,1,7000
2025-10-28,22:08,닭발,1,18000
2025-10-28,22:09,하이볼,1,7000
2025-10-28,22:09,닭발,1,18000
2025-10-28,22:12,닭발,1,18000
2025-10-28,22:13,소주,1,5000
2025-10-28,22:16,오돌뼈,1,17000
2025-10-28,22:17,김치전,1,15000
2025-10-28,22:18,소주,1,5000
2025-10-28,22:19,맥주,1,5000
2025-10-28,22:19,맥주,1,5000
2025-10-28,22:26,소주,1,5000
2025-10-28,22:27,소주,1,5000
2025-10-28,22:29,김치전,1,15000
2025-10-28,22:32,소주,1,5000
2025-10-28,22:32,맥주,1,5000
2025-10-28,22:33,소주,1,5000
2025-10-28,22:37,닭발,1,18000
2025-10-28,22:38,소주,1,5000
2025-10-28,22:40,소주,1,5000
2025-10-28,22:41,소주,1,5000
2025-10-28,22:50,맥주,1,5000
2025-10-28,22:51,소주,1,5000
2025-10-28,22:54,하이볼,1,7000
2025-10-28,22:56,하이볼,1,7000
2025-10-28,22:57,오돌뼈,1,17000
2025-10-28,23:00,닭발,1,18000
2025-10-28,23:01,소주,1,5000
2025-10-28,23:01,하이볼,1,7000
2025-10-28,23:02,소주,1,5000
2025-10-28,23:09,소주,1,5000
2025-10-28,23:09,닭발,1,18000
2025-10-28,23:13,소주,1,5000
2025-10-28,23:17,맥주,1,5000
2025-10-28,23:18,맥주,1,5000
2025-10-28,23:21,맥주,1,5000
2025-10-28,23:33,계란찜,1,7000
2025-10-28,23:36,오돌뼈,1,17000
2025-10-28,23:41,오돌뼈,1,17000
2025-10-28,23:45,맥주,1,5000
2025-10-28,23:45,계란찜,1,7000
2025-10-28,23:50,오돌뼈,1,17000
2025-10-29,19:00,소주,1,5000
2025-10-29,19:10,닭발,1,18000
2025-10-29,19:17,소주,1,5000
2025-10-29,19:24,맥주,1,5000
2025-10-29,19:33,맥주,1,5000
2025-10-29,19:35,맥주,1,5000
2025-10-29,19:36,소주,1,5000
2025-10-29,19:37,소주,1,5000
2025-10-29,19:39,맥주,1,5000
2025-10-29,19:40,오돌뼈,1,17000
2025-10-29,19:43,김치전,1,15000
2025-10-29,19:47,하이볼,1,7000
2025-10-29,19:53,맥주,1,5000
2025-10-29,19:55,김치전,1,15000
2025-10-29,19:57,닭발,1,18000
2025-10-29,20:03,김치전,1,15000
2025-10-29,20:06,맥주,1,5000
2025-10-29,20:07,계란찜,1,7000
2025-10-29,20:13,닭발,1,18000
2025-10-29,20:14,소주,1,5000
2025-10-29,20:14,닭발,1,18000
2025-10-29,20:15,계란찜,1,7000
2025-10-29,20:18,소주,1,5000
2025-10-29,20:20,오돌뼈,1,17000
2025-10-29,20:22,닭발,1,18000
2025-10-29,20:22,닭발,1,18000
2025-10-29,20:23,오돌뼈,1,17000
2025-10-29,20:26,맥주,1,5000
2025-10-29,20:26,오돌뼈,1,17000
2025-10-29,20:26,김치전,1,15000
2025-10-29,20:28,하이볼,1,7000
2025-10-29,20:29,맥주,1,5000
2025-10-29,20:31,맥주,1,5000
2025-10-29,20:33,하이볼,1,7000
2025-10-29,20:34,소주,1,5000
2025-10-29,20:36,닭발,1,18000
2025-10-29,20:36,오돌뼈,1,17000
2025-10-29,20:37,맥주,1,5000
2025-10-29,20:39,맥주,1,5000
2025-10-29,20:40,소주,1,5000
2025-10-29,20:40,소주,1,5000
2025-10-29,20:41,소주,1,5000
2025-10-29,20:43,닭발,1,18000
2025-10-29,20:44,소주,1,5000
2025-10-29,20:48,하이볼,1,7000
2025-10-29,20:49,맥주,1,5000
2025-10-29,20:49,닭발,1,18000
2025-10-29,20:51,맥주,1,5000
2025-10-29,20:51,닭발,1,18000
2025-10-29,20:52,소주,1,5000
2025-10-29,20:52,닭발,1,18000
2025-10-29,20:52,오돌뼈,1,17000
2025-10-29,20:55,하이볼,1,7000
2025-10-29,20:56,맥주,1,5000
2025-10-29,20:59,하이볼,1,7000
2025-10-29,21:01,하이볼,1,7000
2025-10-29,21:03,맥주,1,5000
2025-10-29,21:03,닭발,1,18000
2025-10-29,21:08,소주,1,5000
2025-10-29,21:09,오돌뼈,1,17000
2025-10-29,21:10,김치전,1,15000
2025-10-29,21:11,하이볼,1,7000
2025-10-29,21:13,맥주,1,5000
2025-10-29,21:15,계란찜,1,7000
2025-10-29,21:16,맥주,1,5000
2025-10-29,21:19,맥주,1,5000
2025-10-29,21:19,계란찜,1,7000
2025-10-29,21:23,김치전,1,15000
2025-10-29,21:24,닭발,1,18000
2025-10-29,21:26,맥주,1,5000
2025-10-29,21:30,김치전,1,15000
2025-10-29,21:32,하이볼,1,7000
2025-10-29,21:32,오돌뼈,1,17000
2025-10-29,21:33,오돌뼈,1,17000
2025-10-29,21:37,소주,1,5000
2025-10-29,21:38,오돌뼈,1,17000
2025-10-29,21:39,소주,1,5000
2025-10-29,21:39,소주,1,5000
2025-10-29,21:39,맥주,1,5000
2025-10-29,21:40,소주,1,5000
2025-10-29,21:41,소주,1,5000
2025-10-29,21:41,맥주,1,5000
2025-10-29,21:41,닭발,1,18000
2025-10-29,21:43,오돌뼈,1,17000
2025-10-29,21:45,맥주,1,5000
2025-10-29,21:45,맥주,1,5000
2025-10-29,21:45,닭발,1,18000
2025-10-29,21:46,맥주,1,5000
2025-10-29,21:46,하이볼,1,7000
2025-10-29,21:48,김치전,1,15000
2025-10-29,21:49,소주,1,5000
2025-10-29,21:50,닭발,1,18000
2025-10-29,21:51,소주,1,5000
2025-10-29,21:51,계란찜,1,7000
2025-10-29,21:55,소주,1,5000
2025-10-29,21:56,계란찜,1,7000
2025-10-29,21:57,계란찜,1,7000
2025-10-29,21:58,맥주,1,5000
2025-10-29,21:58,닭발,1,18000
2025-10-29,22:00,닭발,1,18000
2025-10-29,22:03,오돌뼈,1,17000
2025-10-29,22:04,맥주,1,5000
2025-10-29,22:04,하이볼,1,7000
2025-10-29,22:04,오돌뼈,1,17000
2025-10-29,22:05,닭발,1,18000
2025-10-29,22:06,계란찜,1,7000
2025-10-29,22:09,김치전,1,15000
2025-10-29,22:10,소주,1,5000
2025-10-29,22:10,김치전,1,15000
2025-10-29,22:11,계란찜,1,7000
2025-10-29,22:14,소주,1,5000
2025-10-29,22:14,맥주,1,5000
2025-10-29,22:16,닭발,1,18000
2025-10-29,22:17,소주,1,5000
2025-10-29,22:20,맥주,1,5000
2025-10-29,22:21,오돌뼈,1,17000
2025-10-29,22:22,소주,1,5000
2025-10-29,22:23,소주,1,5000
2025-10-29,22:23,맥주,1,5000
2025-10-29,22:25,소주,1,5000
2025-10-29,22:32,닭발,1,18000
2025-10-29,22:34,김치전,1,15000
2025-10-29,22:40,하이볼,1,7000
2025-10-29,22:45,하이볼,1,7000
2025-10-29,22:46,계란찜,1,7000
2025-10-29,22:47,오돌뼈,1,17000
2025-10-29,22:48,소주,1,5000
2025-10-29,22:49,김치전,1,15000
2025-10-29,22:52,소주,1,5000
2025-10-29,22:52,소주,1,5000
2025-10-29,22:53,하이볼,1,7000
2025-10-29,22:58,소주,1,5000
2025-10-29,22:58,소주,1,5000
2025-10-29,23:00,계란찜,1,7000
2025-10-29,23:01,소주,1,5000
2025-10-29,23:09,하이볼,1,7000
2025-10-29,23:10,소주,1,5000
2025-10-29,23:11,계란찜,1,7000
2025-10-29,23:17,하이볼,1,7000
2025-10-29,23:19,소주,1,5000
2025-10-29,23:24,소주,1,5000
2025-10-29,23:29,맥주,1,5000
2025-10-29,23:34,소주,1,5000
2025-10-29,23:37,소주,1,5000
2025-10-29,23:44,닭발,1,18000
2025-10-29,23:46,닭발,1,18000
2025-10-29,23:46,계란찜,1,7000
2025-10-29,23:50,맥주,1,5000
2025-10-30,18:38,맥주,1,5000
2025-10-30,19:02,계란찜,1,7000
2025-10-30,19:09,계란찜,1,7000
2025-10-30,19:12,맥주,1,5000
2025-10-30,19:28,소주,1,5000
2025-10-30,19:35,소주,1,5000
2025-10-30,19:42,소주,1,5000
2025-10-30,19:44,닭발,1,18000
2025-10-30,19:46,오돌뼈,1,17000
2025-10-30,19:48,맥주,1,5000
2025-10-30,19:55,맥주,1,5000
2025-10-30,19:56,소주,1,5000
2025-10-30,19:58,맥주,1,5000
2025-10-30,20:04,소주,1,5000
2025-10-30,20:04,맥주,1,5000
2025-10-30,20:10,오돌뼈,1,17000
2025-10-30,20:15,하이볼,1,7000
2025-10-30,20:24,맥주,1,5000
2025-10-30,20:26,맥주,1,5000
2025-10-30,20:27,맥주,1,5000
2025-10-30,20:34,소주,1,5000
2025-10-30,20:34,오돌뼈,1,17000
2025-10-30,20:34,김치전,1,15000
2025-10-30,20:37,맥주,1,5000
2025-10-30,20:38,김치전,1,15000
2025-10-30,20:39,맥주,1,5000
2025-10-30,20:39,맥주,1,5000
2025-10-30,20:41,닭발,1,18000
2025-10-30,20:42,오돌뼈,1,17000
2025-10-30,20:43,닭발,1,18000
2025-10-30,20:45,김치전,1,15000
2025-10-30,20:47,하이볼,1,7000
2025-10-30,20:48,맥주,1,5000
2025-10-30,20:49,닭발,1,18000
2025-10-30,20:53,닭발,1,18000
2025-10-30,20:54,오돌뼈,1,17000
2025-10-30,20:55,하이볼,1,7000
2025-10-30,20:56,닭발,1,18000
2025-10-30,20:57,맥주,1,5000
2025-10-30,21:00,하이볼,1,7000
2025-10-30,21:00,닭발,1,18000
2025-10-30,21:01,닭발,1,18000
2025-10-30,21:02,소주,1,5000
2025-10-30,21:05,김치전,1,15000
2025-10-30,21:07,김치전,1,15000
2025-10-30,21:08,오돌뼈,1,17000
2025-10-30,21:08,계란찜,1,7000
2025-10-30,21:09,소주,1,5000
2025-10-30,21:11,하이볼,1,7000
2025-10-30,21:12,닭발,1,18000
2025-10-30,21:12,닭발,1,18000
2025-10-30,21:13,소주,1,5000
2025-10-30,21:13,김치전,1,15000
2025-10-30,21:15,소주,1,5000
2025-10-30,21:17,김치전,1,15000
2025-10-30,21:18,하이볼,1,7000
2025-10-30,21:18,하이볼,1,7000
2025-10-30,21:21,김치전,1,15000
2025-10-30,21:23,닭발,1,18000
2025-10-30,21:24,소주,1,5000
2025-10-30,21:24,맥주,1,5000
2025-10-30,21:25,소주,1,5000
2025-10-30,21:27,소주,1,5000
2025-10-30,21:27,소주,1,5000
2025-10-30,21:28,닭발,1,18000
2025-10-30,21:28,오돌뼈,1,17000
2025-10-30,21:29,맥주,1,5000
2025-10-30,21:32,오돌뼈,1,17000
2025-10-30,21:33,닭발,1,18000
2025-10-30,21:34,하이볼,1,7000
2025-10-30,21:36,소주,1,5000
2025-10-30,21:37,하이볼,1,7000
2025-10-30,21:37,오돌뼈,1,17000
2025-10-30,21:38,하이볼,1,7000
2025-10-30,21:39,오돌뼈,1,17000
2025-10-30,21:39,오돌뼈,1,17000
2025-10-30,21:41,소주,1,5000
2025-10-30,21:41,오돌뼈,1,17000
2025-10-30,21:48,하이볼,1,7000
2025-10-30,21:48,닭발,1,18000
2025-10-30,21:49,하이볼,1,7000
2025-10-30,21:49,하이볼,1,7000
2025-10-30,21:51,맥주,1,5000
2025-10-30,21:53,맥주,1,5000
2025-10-30,21:55,맥주,1,5000
2025-10-30,21:57,소주,1,5000
2025-10-30,21:57,소주,1,5000
2025-10-30,21:58,계란찜,1,7000
2025-10-30,21:59,김치전,1,15000
2025-10-30,22:00,소주,1,5000
2025-10-30,22:00,맥주,1,5000
2025-10-30,22:03,맥주,1,5000
2025-10-30,22:04,소주,1,5000
2025-10-30,22:04,하이볼,1,7000
2025-10-30,22:05,닭발,1,18000
2025-10-30,22:06,오돌뼈,1,17000
2025-10-30,22:07,맥주,1,5000
2025-10-30,22:11,계란찜,1,7000
2025-10-30,22:12,맥주,1,5000
2025-10-30,22:12,오돌뼈,1,17000
2025-10-30,22:14,하이볼,1,7000
2025-10-30,22:14,계란찜,1,7000
2025-10-30,22:17,맥주,1,5000
2025-10-30,22:18,하이볼,1,7000
2025-10-30,22:22,닭발,1,18000
2025-10-30,22:23,닭발,1,18000
2025-10-30,22:24,소주,1,5000
2025-10-30,22:27,소주,1,5000
2025-10-30,22:29,오돌뼈,1,17000
2025-10-30,22:31,계란찜,1,7000
2025-10-30,22:35,소주,1,5000
2025-10-30,22:36,소주,1,5000
2025-10-30,22:37,계란찜,1,7000
2025-10-30,22:38,맥주,1,5000
2025-10-30,22:39,소주,1,5000
2025-10-30,22:39,닭발,1,18000
2025-10-30,22:41,김치전,1,15000
2025-10-30,22:41,계란찜,1,7000
2025-10-30,22:45,김치전,1,15000
2025-10-30,22:47,맥주,1,5000
2025-10-30,22:56,소주,1,5000
2025-10-30,22:56,하이볼,1,7000
2025-10-30,22:57,소주,1,5000
2025-10-30,22:57,맥주,1,5000
2025-10-30,22:58,계란찜,1,7000
2025-10-30,23:01,소주,1,5000
2025-10-30,23:04,하이볼,1,7000
2025-10-30,23:05,김치전,1,15000
2025-10-30,23:06,소주,1,5000
2025-10-30,23:14,맥주,1,5000
2025-10-30,23:16,계란찜,1,7000
2025-10-30,23:17,소주,1,5000
2025-10-30,23:18,맥주,1,5000
2025-10-30,23:19,맥주,1,5000
2025-10-30,23:25,오돌뼈,1,17000
2025-10-30,23:29,오돌뼈,1,17000
2025-10-30,23:30,소주,1,5000
2025-10-30,23:31,맥주,1,5000
2025-10-30,23:41,소주,1,5000
2025-10-30,23:50,소주,1,5000
2025-10-30,23:50,소주,1,5000
2025-10-30,23:50,소주,1,5000
2025-10-30,23:50,맥주,1,5000
2025-10-31,18:33,맥주,1,5000
2025-10-31,18:59,하이볼,1,7000
2025-10-31,19:03,계란찜,1,7000
2025-10-31,19:12,맥주,1,5000
2025-10-31,19:23,소주,1,5000
2025-10-31,19:24,소주,1,5000
2025-10-31,19:37,소주,1,5000
2025-10-31,19:39,계란찜,1,7000
2025-10-31,19:46,소주,1,5000
2025-10-31,19:46,김치전,1,15000
2025-10-31,19:48,소주,1,5000
2025-10-31,19:51,오돌뼈,1,17000
2025-10-31,19:53,소주,1,5000
2025-10-31,19:58,오돌뼈,1,17000
2025-10-31,19:58,김치전,1,15000
2025-10-31,19:59,오돌뼈,1,17000
2025-10-31,20:00,닭발,1,18000
2025-10-31,20:00,계란찜,1,7000
2025-10-31,20:01,김치전,1,15000
2025-10-31,20:03,맥주,1,5000
2025-10-31,20:04,소주,1,5000
2025-10-31,20:06,맥주,1,5000
2025-10-31,20:08,닭발,1,18000
2025-10-31,20:09,소주,1,5000
2025-10-31,20:09,하이볼,1,7000
2025-10-31,20:09,닭발,1,18000
2025-10-31,20:09,김치전,1,15000
2025-10-31,20:12,맥주,1,5000
2025-10-31,20:12,맥주,1,5000
2025-10-31,20:18,계란찜,1,7000
2025-10-31,20:21,소주,1,5000
2025-10-31,20:22,소주,1,5000
2025-10-31,20:24,맥주,1,5000
2025-10-31,20:26,소주,1,5000
2025-10-31,20:27,닭발,1,18000
2025-10-31,20:28,맥주,1,5000
2025-10-31,20:28,계란찜,1,7000
2025-10-31,20:31,소주,1,5000
2025-10-31,20:34,맥주,1,5000
2025-10-31,20:34,김치전,1,15000
2025-10-31,20:36,소주,1,5000
2025-10-31,20:36,닭발,1,18000
2025-10-31,20:38,닭발,1,18000
2025-10-31,20:39,맥주,1,5000
2025-10-31,20:39,김치전,1,15000
2025-10-31,20:40,오돌뼈,1,17000
2025-10-31,20:40,오돌뼈,1,17000
2025-10-31,20:41,소주,1,5000
2025-10-31,20:43,소주,1,5000
2025-10-31,20:43,소주,1,5000
2025-10-31,20:44,소주,1,5000
2025-10-31,20:49,맥주,1,5000
2025-10-31,20:49,닭발,1,18000
2025-10-31,20:50,소주,1,5000
2025-10-31,20:50,맥주,1,5000
2025-10-31,20:50,계란찜,1,7000
2025-10-31,20:52,김치전,1,15000
2025-10-31,20:55,소주,1,5000
2025-10-31,20:55,소주,1,5000
2025-10-31,20:55,오돌뼈,1,17000
2025-10-31,20:59,소주,1,5000
2025-10-31,20:59,소주,1,5000
2025-10-31,21:00,소주,1,5000
2025-10-31,21:02,김치전,1,15000
2025-10-31,21:03,김치전,1,15000
2025-10-31,21:04,오돌뼈,1,17000
2025-10-31,21:05,소주,1,5000
2025-10-31,21:07,하이볼,1,7000
2025-10-31,21:08,맥주,1,5000
2025-10-31,21:09,닭발,1,18000
2025-10-31,21:11,맥주,1,5000
2025-10-31,21:12,오돌뼈,1,17000
2025-10-31,21:13,오돌뼈,1,17000
2025-10-31,21:14,맥주,1,5000
2025-10-31,21:14,맥주,1,5000
2025-10-31,21:15,소주,1,5000
2025-10-31,21:15,맥주,1,5000
2025-10-31,21:15,하이볼,1,7000
2025-10-31,21:17,소주,1,5000
2025-10-31,21:17,소주,1,5000
2025-10-31,21:20,닭발,1,18000
2025-10-31,21:20,김치전,1,15000
2025-10-31,21:21,하이볼,1,7000
2025-10-31,21:23,닭발,1,18000
2025-10-31,21:23,계란찜,1,7000
2025-10-31,21:24,소주,1,5000
2025-10-31,21:24,소주,1,5000
2025-10-31,21:24,계란찜,1,7000
2025-10-31,21:25,맥주,1,5000
2025-10-31,21:25,김치전,1,15000
2025-10-31,21:27,오돌뼈,1,17000
2025-10-31,21:34,맥주,1,5000
2025-10-31,21:34,맥주,1,5000
2025-10-31,21:34,하이볼,1,7000
2025-10-31,21:34,하이볼,1,7000
2025-10-31,21:34,닭발,1,18000
2025-10-31,21:35,맥주,1,5000
2025-10-31,21:36,소주,1,5000
2025-10-31,21:36,맥주,1,5000
2025-10-31,21:36,닭발,1,18000
2025-10-31,21:37,하이볼,1,7000
2025-10-31,21:37,닭발,1,18000
2025-10-31,21:37,오돌뼈,1,17000
2025-10-31,21:38,오돌뼈,1,17000
2025-10-31,21:39,닭발,1,18000
2025-10-31,21:41,맥주,1,5000
2025-10-31,21:42,닭발,1,18000
2025-10-31,21:43,계란찜,1,7000
2025-10-31,21:44,맥주,1,5000
2025-10-31,21:44,닭발,1,18000
2025-10-31,21:45,김치전,1,15000
2025-10-31,21:47,하이볼,1,7000
2025-10-31,21:48,하이볼,1,7000
2025-10-31,21:48,김치전,1,15000
2025-10-31,21:49,하이볼,1,7000
2025-10-31,21:52,닭발,1,18000
2025-10-31,21:55,맥주,1,5000
2025-10-31,21:57,오돌뼈,1,17000
2025-10-31,21:58,맥주,1,5000
2025-10-31,21:59,오돌뼈,1,17000
2025-10-31,22:00,하이볼,1,7000
2025-10-31,22:02,하이볼,1,7000
2025-10-31,22:03,소주,1,5000
2025-10-31,22:03,맥주,1,5000
2025-10-31,22:04,소주,1,5000
2025-10-31,22:05,소주,1,5000
2025-10-31,22:05,김치전,1,15000
2025-10-31,22:07,계란찜,1,7000
2025-10-31,22:08,맥주,1,5000
2025-10-31,22:08,하이볼,1,7000
2025-10-31,22:09,소주,1,5000
2025-10-31,22:09,오돌뼈,1,17000
2025-10-31,22:10,하이볼,1,7000
2025-10-31,22:11,하이볼,1,7000
2025-10-31,22:13,하이볼,1,7000
2025-10-31,22:13,계란찜,1,7000
2025-10-31,22:14,닭발,1,18000
2025-10-31,22:15,맥주,1,5000
2025-10-31,22:16,오돌뼈,1,17000
2025-10-31,22:17,하이볼,1,7000
2025-10-31,22:17,하이볼,1,7000
2025-10-31,22:20,소주,1,5000
2025-10-31,22:20,하이볼,1,7000
2025-10-31,22:20,닭발,1,18000
2025-10-31,22:22,하이볼,1,7000
2025-10-31,22:24,맥주,1,5000
2025-10-31,22:24,맥주,1,5000
2025-10-31,22:24,맥주,1,5000
2025-10-31,22:25,소주,1,5000
2025-10-31,22:27,소주,1,5000
2025-10-31,22:28,소주,1,5000
2025-10-31,22:28,오돌뼈,1,17000
2025-10-31,22:29,소주,1,5000
2025-10-31,22:29,계란찜,1,7000
2025-10-31,22:31,김치전,1,15000
2025-10-31,22:32,하이볼,1,7000
2025-10-31,22:33,맥주,1,5000
2025-10-31,22:33,닭발,1,18000
2025-10-31,22:33,계란찜,1,7000
2025-10-31,22:42,맥주,1,5000
2025-10-31,22:43,소주,1,5000
2025-10-31,22:44,계란찜,1,7000
2025-10-31,22:45,소주,1,5000
2025-10-31,22:49,맥주,1,5000
2025-10-31,22:49,맥주,1,5000
2025-10-31,22:49,오돌뼈,1,17000
2025-10-31,22:54,소주,1,5000
2025-10-31,22:55,소주,1,5000
2025-10-31,22:56,소주,1,5000
2025-10-31,22:57,닭발,1,18000
2025-10-31,22:59,소주,1,5000
2025-10-31,22:59,오돌뼈,1,17000
2025-10-31,23:13,맥주,1,5000
2025-10-31,23:14,닭발,1,18000
2025-10-31,23:15,맥주,1,5000
2025-10-31,23:15,맥주,1,5000
2025-10-31,23:29,맥주,1,5000
2025-10-31,23:31,맥주,1,5000
2025-10-31,23:50,오돌뼈,1,17000
2025-11-01,19:08,닭발,1,18000
2025-11-01,19:19,계란찜,1,7000
2025-11-01,19:20,맥주,1,5000
2025-11-01,19:27,맥주,1,5000
2025-11-01,19:38,소주,1,5000
2025-11-01,19:38,닭발,1,18000
2025-11-01,19:47,오돌뼈,1,17000
2025-11-01,19:48,맥주,1,5000
2025-11-01,19:50,하이볼,1,7000
2025-11-01,19:51,맥주,1,5000
2025-11-01,19:56,소주,1,5000
2025-11-01,19:59,닭발,1,18000
2025-11-01,20:01,소주,1,5000
2025-11-01,20:02,하이볼,1,7000
2025-11-01,20:07,계란찜,1,7000
2025-11-01,20:10,맥주,1,5000
2025-11-01,20:11,닭발,1,18000
2025-11-01,20:12,소주,1,5000
2025-11-01,20:12,닭발,1,18000
2025-11-01,20:13,맥주,1,5000
2025-11-01,20:16,맥주,1,5000
2025-11-01,20:18,김치전,1,15000
2025-11-01,20:19,김치전,1,15000
2025-11-01,20:22,닭발,1,18000
2025-11-01,20:27,맥주,1,5000
2025-11-01,20:30,오돌뼈,1,17000
2025-11-01,20:32,오돌뼈,1,17000
2025-11-01,20:36,닭발,1,18000
2025-11-01,20:38,소주,1,5000
2025-11-01,20:40,소주,1,5000
2025-11-01,20:40,소주,1,5000
2025-11-01,20:46,김치전,1,15000
2025-11-01,20:47,계란찜,1,7000
2025-11-01,20:48,소주,1,5000
2025-11-01,20:48,하이볼,1,7000
2025-11-01,20:48,하이볼,1,7000
2025-11-01,20:49,오돌뼈,1,17000
2025-11-01,20:50,김치전,1,15000
2025-11-01,20:53,하이볼,1,7000
2025-11-01,20:57,닭발,1,18000
2025-11-01,20:57,오돌뼈,1,17000
2025-11-01,20:58,맥주,1,5000
2025-11-01,20:59,맥주,1,5000
2025-11-01,21:00,소주,1,5000
2025-11-01,21:01,오돌뼈,1,17000
2025-11-01,21:04,하이볼,1,7000
2025-11-01,21:05,소주,1,5000
2025-11-01,21:05,계란찜,1,7000
2025-11-01,21:07,소주,1,5000
2025-11-01,21:09,닭발,1,18000
2025-11-01,21:10,오돌뼈,1,17000
2025-11-01,21:10,계란찜,1,7000
2025-11-01,21:11,소주,1,5000
2025-11-01,21:11,맥주,1,5000
2025-11-01,21:12,닭발,1,18000
2025-11-01,21:12,닭발,1,18000
2025-11-01,21:12,김치전,1,15000
2025-11-01,21:13,소주,1,5000
2025-11-01,21:13,맥주,1,5000
2025-11-01,21:13,닭발,1,18000
2025-11-01,21:14,맥주,1,5000
2025-11-01,21:15,맥주,1,5000
2025-11-01,21:15,김치전,1,15000
2025-11-01,21:17,김치전,1,15000
2025-11-01,21:18,맥주,1,5000
2025-11-01,21:18,닭발,1,18000
2025-11-01,21:18,오돌뼈,1,17000
2025-11-01,21:21,소주,1,5000
2025-11-01,21:22,소주,1,5000
2025-11-01,21:24,소주,1,5000
2025-11-01,21:26,맥주,1,5000
2025-11-01,21:26,하이볼,1,7000
2025-11-01,21:29,맥주,1,5000
2025-11-01,21:29,오돌뼈,1,17000
2025-11-01,21:31,오돌뼈,1,17000
2025-11-01,21:35,소주,1,5000
2025-11-01,21:35,하이볼,1,7000
2025-11-01,21:38,소주,1,5000
2025-11-01,21:38,소주,1,5000
2025-11-01,21:43,김치전,1,15000
2025-11-01,21:43,계란찜,1,7000
2025-11-01,21:44,닭발,1,18000
2025-11-01,21:46,닭발,1,18000
2025-11-01,21:49,맥주,1,5000
2025-11-01,21:51,소주,1,5000
2025-11-01,21:51,하이볼,1,7000
2025-11-01,21:54,하이볼,1,7000
2025-11-01,21:55,소주,1,5000
2025-11-01,21:55,하이볼,1,7000
2025-11-01,21:57,맥주,1,5000
2025-11-01,21:57,닭발,1,18000
2025-11-01,22:00,닭발,1,18000
2025-11-01,22:02,소주,1,5000
2025-11-01,22:04,맥주,1,5000
2025-11-01,22:05,소주,1,5000
2025-11-01,22:07,소주,1,5000
2025-11-01,22:08,맥주,1,5000
2025-11-01,22:09,김치전,1,15000
2025-11-01,22:10,소주,1,5000
2025-11-01,22:10,오돌뼈,1,17000
2025-11-01,22:12,소주,1,5000
2025-11-01,22:12,소주,1,5000
2025-11-01,22:12,소주,1,5000
2025-11-01,22:12,소주,1,5000
2025-11-01,22:12,하이볼,1,7000
2025-11-01,22:13,오돌뼈,1,17000
2025-11-01,22:14,하이볼,1,7000
2025-11-01,22:22,닭발,1,18000
2025-11-01,22:24,맥주,1,5000
2025-11-01,22:28,닭발,1,18000
2025-11-01,22:30,하이볼,1,7000
2025-11-01,22:31,소주,1,5000
2025-11-01,22:32,하이볼,1,7000
2025-11-01,22:33,소주,1,5000
2025-11-01,22:34,맥주,1,5000
2025-11-01,22:39,소주,1,5000
2025-11-01,22:44,오돌뼈,1,17000
2025-11-01,22:45,맥주,1,5000
2025-11-01,22:49,김치전,1,15000
2025-11-01,22:50,소주,1,5000
2025-11-01,22:51,맥주,1,5000
2025-11-01,22:53,소주,1,5000
2025-11-01,22:58,하이볼,1,7000
2025-11-01,22:59,맥주,1,5000
2025-11-01,22:59,김치전,1,15000
2025-11-01,23:00,오돌뼈,1,17000
2025-11-01,23:03,오돌뼈,1,17000
2025-11-01,23:03,계란찜,1,7000
2025-11-01,23:04,닭발,1,18000
2025-11-01,23:08,하이볼,1,7000
2025-11-01,23:09,계란찜,1,7000
2025-11-01,23:17,맥주,1,5000
2025-11-01,23:19,하이볼,1,7000
2025-11-01,23:19,계란찜,1,7000
2025-11-01,23:20,소주,1,5000
2025-11-01,23:22,맥주,1,5000
2025-11-01,23:29,맥주,1,5000
2025-11-01,23:39,맥주,1,5000
2025-11-02,19:26,맥주,1,5000
2025-11-02,19:40,김치전,1,15000
2025-11-02,19:54,소주,1,5000
2025-11-02,19:56,김치전,1,15000
2025-11-02,20:05,맥주,1,5000
2025-11-02,20:12,오돌뼈,1,17000
2025-11-02,20:16,소주,1,5000
2025-11-02,20:19,닭발,1,18000
2025-11-02,20:23,소주,1,5000
2025-11-02,20:25,맥주,1,5000
2025-11-02,20:26,닭발,1,18000
2025-11-02,20:28,오돌뼈,1,17000
2025-11-02,20:32,오돌뼈,1,17000
2025-11-02,20:36,닭발,1,18000
2025-11-02,20:39,오돌뼈,1,17000
2025-11-02,20:43,오돌뼈,1,17000
2025-11-02,20:43,계란찜,1,7000
2025-11-02,20:44,맥주,1,5000
2025-11-02,20:45,오돌뼈,1,17000
2025-11-02,20:46,소주,1,5000
2025-11-02,20:53,하이볼,1,7000
2025-11-02,20:55,하이볼,1,7000
2025-11-02,20:56,소주,1,5000
2025-11-02,21:02,김치전,1,15000
2025-11-02,21:04,닭발,1,18000
2025-11-02,21:08,계란찜,1,7000
2025-11-02,21:09,맥주,1,5000
2025-11-02,21:10,소주,1,5000
2025-11-02,21:10,맥주,1,5000
2025-11-02,21:13,김치전,1,15000
2025-11-02,21:17,소주,1,5000
2025-11-02,21:19,맥주,1,5000
2025-11-02,21:20,소주,1,5000
2025-11-02,21:20,소주,1,5000
2025-11-02,21:21,소주,1,5000
2025-11-02,21:21,계란찜,1,7000
2025-11-02,21:27,소주,1,5000
2025-11-02,21:33,맥주,1,5000
2025-11-02,21:38,소주,1,5000
2025-11-02,21:39,하이볼,1,7000
2025-11-02,21:40,김치전,1,15000
2025-11-02,21:42,맥주,1,5000
2025-11-02,21:48,닭발,1,18000
2025-11-02,21:48,김치전,1,15000
2025-11-02,21:52,김치전,1,15000
2025-11-02,21:53,닭발,1,18000
2025-11-02,21:58,맥주,1,5000
2025-11-02,21:59,소주,1,5000
2025-11-02,22:00,소주,1,5000
2025-11-02,22:00,하이볼,1,7000
2025-11-02,22:00,오돌뼈,1,17000
2025-11-02,22:03,오돌뼈,1,17000
2025-11-02,22:10,하이볼,1,7000
2025-11-02,22:14,맥주,1,5000
2025-11-02,22:20,닭발,1,18000
2025-11-02,22:27,계란찜,1,7000
2025-11-02,22:33,소주,1,5000
2025-11-02,22:34,소주,1,5000
2025-11-02,22:35,소주,1,5000
2025-11-02,22:39,맥주,1,5000
2025-11-02,22:41,맥주,1,5000
2025-11-02,22:47,맥주,1,5000
2025-11-02,22:47,닭발,1,18000
2025-11-02,22:48,계란찜,1,7000
2025-11-02,22:50,맥주,1,5000
2025-11-02,22:53,김치전,1,15000
2025-11-02,22:55,닭발,1,18000
2025-11-02,23:12,맥주,1,5000
2025-11-02,23:16,김치전,1,15000
2025-11-03,19:29,맥주,1,5000
2025-11-03,19:40,소주,1,5000
2025-11-03,19:44,김치전,1,15000
2025-11-03,19:48,맥주,1,5000
2025-11-03,19:51,소주,1,5000
2025-11-03,20:01,닭발,1,18000
2025-11-03,20:04,오돌뼈,1,17000
2025-11-03,20:06,김치전,1,15000
2025-11-03,20:13,소주,1,5000
2025-11-03,20:14,맥주,1,5000
2025-11-03,20:14,김치전,1,15000
2025-11-03,20:17,하이볼,1,7000
2025-11-03,20:31,계란찜,1,7000
2025-11-03,20:35,맥주,1,5000
2025-11-03,20:35,오돌뼈,1,17000
2025-11-03,20:36,하이볼,1,7000
2025-11-03,20:37,소주,1,5000
2025-11-03,20:39,소주,1,5000
2025-11-03,20:47,소주,1,5000
2025-11-03,20:57,오돌뼈,1,17000
2025-11-03,20:59,닭발,1,18000
2025-11-03,21:01,하이볼,1,7000
2025-11-03,21:05,닭발,1,18000
2025-11-03,21:08,맥주,1,5000
2025-11-03,21:10,계란찜,1,7000
2025-11-03,21:23,소주,1,5000
2025-11-03,21:26,소주,1,5000
2025-11-03,21:30,맥주,1,5000
2025-11-03,21:35,맥주,1,5000
2025-11-03,21:39,맥주,1,5000
2025-11-03,21:53,하이볼,1,7000
2025-11-03,21:56,맥주,1,5000
2025-11-03,21:57,소주,1,5000
2025-11-03,21:59,맥주,1,5000
2025-11-03,22:03,소주,1,5000
2025-11-03,22:04,닭발,1,18000
2025-11-03,22:07,하이볼,1,7000
2025-11-03,22:12,소주,1,5000
2025-11-03,22:12,맥주,1,5000
2025-11-03,22:13,맥주,1,5000
2025-11-03,22:15,계란찜,1,7000
2025-11-03,22:21,닭발,1,18000
2025-11-03,22:23,소주,1,5000
2025-11-03,22:23,닭발,1,18000
2025-11-03,22:25,계란찜,1,7000
2025-11-03,22:31,오돌뼈,1,17000
2025-11-03,22:34,닭발,1,18000
2025-11-03,22:40,소주,1,5000
2025-11-03,22:41,소주,1,5000
2025-11-03,22:42,계란찜,1,7000
2025-11-03,22:48,오돌뼈,1,17000
2025-11-03,22:49,김치전,1,15000
2025-11-03,22:50,맥주,1,5000
2025-11-03,22:54,오돌뼈,1,17000
2025-11-03,22:56,하이볼,1,7000
2025-11-03,23:22,하이볼,1,7000
2025-11-03,23:26,소주,1,5000
2025-11-03,23:28,맥주,1,5000
2025-11-04,18:47,맥주,1,5000
2025-11-04,19:06,소주,1,5000
2025-11-04,19:09,맥주,1,5000
2025-11-04,19:21,김치전,1,15000
2025-11-04,19:28,소주,1,5000
2025-11-04,19:33,소주,1,5000
2025-11-04,19:42,계란찜,1,7000
2025-11-04,19:50,닭발,1,18000
2025-11-04,20:09,맥주,1,5000
2025-11-04,20:10,소주,1,5000
2025-11-04,20:12,소주,1,5000
2025-11-04,20:15,김치전,1,15000
2025-11-04,20:24,소주,1,5000
2025-11-04,20:27,소주,1,5000
2025-11-04,20:30,소주,1,5000
2025-11-04,20:32,소주,1,5000
2025-11-04,20:34,맥주,1,5000
2025-11-04,20:35,맥주,1,5000
2025-11-04,20:36,소주,1,5000
2025-11-04,20:37,닭발,1,18000
2025-11-04,20:37,오돌뼈,1,17000
2025-11-04,20:38,김치전,1,15000
2025-11-04,20:39,맥주,1,5000
2025-11-04,20:39,하이볼,1,7000
2025-11-04,20:40,닭발,1,18000
2025-11-04,20:40,계란찜,1,7000
2025-11-04,20:44,소주,1,5000
2025-11-04,20:45,김치전,1,15000
2025-11-04,20:49,소주,1,5000
2025-11-04,20:50,소주,1,5000
2025-11-04,20:50,맥주,1,5000
2025-11-04,20:52,소주,1,5000
2025-11-04,20:52,소주,1,5000
2025-11-04,20:55,소주,1,5000
2025-11-04,20:56,맥주,1,5000
2025-11-04,20:58,닭발,1,18000
2025-11-04,20:59,소주,1,5000
2025-11-04,20:59,소주,1,5000
2025-11-04,21:04,하이볼,1,7000
2025-11-04,21:05,소주,1,5000
2025-11-04,21:06,계란찜,1,7000
2025-11-04,21:10,하이볼,1,7000
2025-11-04,21:11,소주,1,5000
2025-11-04,21:12,소주,1,5000
2025-11-04,21:12,닭발,1,18000
2025-11-04,21:14,맥주,1,5000
2025-11-04,21:15,하이볼,1,7000
2025-11-04,21:18,맥주,1,5000
2025-11-04,21:18,하이볼,1,7000
2025-11-04,21:23,계란찜,1,7000
2025-11-04,21:25,오돌뼈,1,17000
2025-11-04,21:27,하이볼,1,7000
2025-11-04,21:27,닭발,1,18000
2025-11-04,21:32,맥주,1,5000
2025-11-04,21:33,계란찜,1,7000
2025-11-04,21:35,하이볼,1,7000
2025-11-04,21:38,하이볼,1,7000
2025-11-04,21:39,하이볼,1,7000
2025-11-04,21:45,맥주,1,5000
2025-11-04,21:46,맥주,1,5000
2025-11-04,21:46,하이볼,1,7000
2025-11-04,21:48,소주,1,5000
2025-11-04,21:48,닭발,1,18000
2025-11-04,21:50,닭발,1,18000
2025-11-04,21:56,맥주,1,5000
2025-11-04,22:02,소주,1,5000
2025-11-04,22:02,김치전,1,15000
2025-11-04,22:03,김치전,1,15000
2025-11-04,22:07,오돌뼈,1,17000
2025-11-04,22:09,닭발,1,18000
2025-11-04,22:11,맥주,1,5000
2025-11-04,22:15,맥주,1,5000
2025-11-04,22:17,맥주,1,5000
2025-11-04,22:17,닭발,1,18000
2025-11-04,22:22,소주,1,5000
2025-11-04,22:22,맥주,1,5000
2025-11-04,22:24,하이볼,1,7000
2025-11-04,22:25,김치전,1,15000
2025-11-04,22:26,소주,1,5000
2025-11-04,22:30,오돌뼈,1,17000
2025-11-04,22:35,하이볼,1,7000
2025-11-04,22:36,하이볼,1,7000
2025-11-04,22:36,오돌뼈,1,17000
2025-11-04,22:38,김치전,1,15000
2025-11-04,22:44,맥주,1,5000
2025-11-04,22:45,소주,1,5000
2025-11-04,22:53,오돌뼈,1,17000
2025-11-04,22:56,닭발,1,18000
2025-11-04,22:57,맥주,1,5000
2025-11-04,23:00,닭발,1,18000
2025-11-04,23:07,닭발,1,18000
2025-11-04,23:10,닭발,1,18000
2025-11-04,23:13,오돌뼈,1,17000
2025-11-04,23:26,계란찜,1,7000
2025-11-04,23:29,오돌뼈,1,17000
2025-11-04,23:34,맥주,1,5000
2025-11-04,23:36,맥주,1,5000
2025-11-04,23:50,오돌뼈,1,17000
2025-11-05,18:29,김치전,1,15000
2025-11-05,18:52,하이볼,1,7000
2025-11-05,19:33,계란찜,1,7000
2025-11-05,19:36,맥주,1,5000
2025-11-05,19:38,소주,1,5000
2025-11-05,19:42,하이볼,1,7000
2025-11-05,19:45,소주,1,5000
2025-11-05,19:46,맥주,1,5000
2025-11-05,19:51,맥주,1,5000
2025-11-05,20:08,계란찜,1,7000
2025-11-05,20:13,소주,1,5000
2025-11-05,20:13,계란찜,1,7000
2025-11-05,20:14,오돌뼈,1,17000
2025-11-05,20:16,오돌뼈,1,17000
2025-11-05,20:21,맥주,1,5000
2025-11-05,20:22,오돌뼈,1,17000
2025-11-05,20:29,맥주,1,5000
2025-11-05,20:30,소주,1,5000
2025-11-05,20:33,닭발,1,18000
2025-11-05,20:37,하이볼,1,7000
2025-11-05,20:37,김치전,1,15000
2025-11-05,20:39,하이볼,1,7000
2025-11-05,20:39,김치전,1,15000
2025-11-05,20:46,소주,1,5000
2025-11-05,20:47,닭발,1,18000
2025-11-05,20:49,소주,1,5000
2025-11-05,20:49,소주,1,5000
2025-11-05,20:50,맥주,1,5000
2025-11-05,20:50,닭발,1,18000
2025-11-05,20:52,소주,1,5000
2025-11-05,20:52,김치전,1,15000
2025-11-05,20:53,하이볼,1,7000
2025-11-05,20:53,김치전,1,15000
2025-11-05,20:55,소주,1,5000
2025-11-05,20:57,소주,1,5000
2025-11-05,21:06,하이볼,1,7000
2025-11-05,21:08,소주,1,5000
2025-11-05,21:08,닭발,1,18000
2025-11-05,21:12,맥주,1,5000
2025-11-05,21:12,닭발,1,18000
2025-11-05,21:18,맥주,1,5000
2025-11-05,21:20,오돌뼈,1,17000
2025-11-05,21:21,계란찜,1,7000
2025-11-05,21:24,닭발,1,18000
2025-11-05,21:26,맥주,1,5000
2025-11-05,21:29,오돌뼈,1,17000
2025-11-05,21:32,하이볼,1,7000
2025-11-05,21:35,김치전,1,15000
2025-11-05,21:35,계란찜,1,7000
2025-11-05,21:36,김치전,1,15000
2025-11-05,21:38,김치전,1,15000
2025-11-05,21:39,오돌뼈,1,17000
2025-11-05,21:41,계란찜,1,7000
2025-11-05,21:42,맥주,1,5000
2025-11-05,21:43,계란찜,1,7000
2025-11-05,21:48,소주,1,5000
2025-11-05,21:50,소주,1,5000
2025-11-05,21:51,소주,1,5000
2025-11-05,21:54,소주,1,5000
2025-11-05,21:54,하이볼,1,7000
2025-11-05,21:55,맥주,1,5000
2025-11-05,21:57,닭발,1,18000
2025-11-05,22:01,소주,1,5000
2025-11-05,22:02,하이볼,1,7000
2025-11-05,22:03,소주,1,5000
2025-11-05,22:03,오돌뼈,1,17000
2025-11-05,22:09,닭발,1,18000
2025-11-05,22:10,하이볼,1,7000
2025-11-05,22:10,하이볼,1,7000
2025-11-05,22:11,소주,1,5000
2025-11-05,22:12,닭발,1,18000
2025-11-05,22:14,닭발,1,18000
2025-11-05,22:15,닭발,1,18000
2025-11-05,22:18,소주,1,5000
2025-11-05,22:18,맥주,1,5000
2025-11-05,22:21,계란찜,1,7000
2025-11-05,22:25,맥주,1,5000
2025-11-05,22:28,소주,1,5000
2025-11-05,22:28,닭발,1,18000
2025-11-05,22:29,소주,1,5000
2025-11-05,22:31,소주,1,5000
2025-11-05,22:33,맥주,1,5000
2025-11-05,22:34,맥주,1,5000
2025-11-05,22:37,소주,1,5000
2025-11-05,22:38,맥주,1,5000
2025-11-05,22:40,맥주,1,5000
2025-11-05,22:40,하이볼,1,7000
2025-11-05,22:43,오돌뼈,1,17000
2025-11-05,22:45,오돌뼈,1,17000
2025-11-05,22:47,소주,1,5000
2025-11-05,22:47,하이볼,1,7000
2025-11-05,22:54,오돌뼈,1,17000
2025-11-05,22:55,맥주,1,5000
2025-11-05,22:55,닭발,1,18000
2025-11-05,22:59,소주,1,5000
2025-11-05,23:11,닭발,1,18000
2025-11-05,23:14,맥주,1,5000
2025-11-05,23:14,맥주,1,5000
2025-11-05,23:15,닭발,1,18000
2025-11-05,23:16,하이볼,1,7000
2025-11-05,23:18,맥주,1,5000
2025-11-05,23:20,닭발,1,18000
2025-11-05,23:27,오돌뼈,1,17000
2025-11-06,19:08,닭발,1,18000
2025-11-06,19:12,맥주,1,5000
2025-11-06,19:20,닭발,1,18000
2025-11-06,19:41,계란찜,1,7000
2025-11-06,19:47,오돌뼈,1,17000
2025-11-06,19:52,하이볼,1,7000
2025-11-06,19:58,오돌뼈,1,17000
2025-11-06,19:59,소주,1,5000
2025-11-06,20:02,맥주,1,5000
2025-11-06,20:03,계란찜,1,7000
2025-11-06,20:04,하이볼,1,7000
2025-11-06,20:09,닭발,1,18000
2025-11-06,20:12,닭발,1,18000
2025-11-06,20:15,소주,1,5000
2025-11-06,20:15,맥주,1,5000
2025-11-06,20:16,계란찜,1,7000
2025-11-06,20:21,하이볼,1,7000
2025-11-06,20:24,소주,1,5000
2025-11-06,20:25,소주,1,5000
2025-11-06,20:26,하이볼,1,7000
2025-11-06,20:26,계란찜,1,7000
2025-11-06,20:27,맥주,1,5000
2025-11-06,20:28,소주,1,5000
2025-11-06,20:28,김치전,1,15000
2025-11-06,20:29,맥주,1,5000
2025-11-06,20:29,하이볼,1,7000
2025-11-06,20:30,오돌뼈,1,17000
2025-11-06,20:35,소주,1,5000
2025-11-06,20:37,김치전,1,15000
2025-11-06,20:38,오돌뼈,1,17000
2025-11-06,20:40,닭발,1,18000
2025-11-06,20:40,계란찜,1,7000
2025-11-06,20:41,소주,1,5000
2025-11-06,20:41,맥주,1,5000
2025-11-06,20:42,맥주,1,5000
2025-11-06,20:43,오돌뼈,1,17000
2025-11-06,20:45,하이볼,1,7000
2025-11-06,20:45,닭발,1,18000
2025-11-06,20:46,닭발,1,18000
2025-11-06,20:48,소주,1,5000
2025-11-06,20:54,소주,1,5000
2025-11-06,20:56,오돌뼈,1,17000
2025-11-06,20:56,김치전,1,15000
2025-11-06,20:58,맥주,1,5000
2025-11-06,21:00,하이볼,1,7000
2025-11-06,21:02,맥주,1,5000
2025-11-06,21:03,소주,1,5000
2025-11-06,21:03,소주,1,5000
2025-11-06,21:03,맥주,1,5000
2025-11-06,21:04,계란찜,1,7000
2025-11-06,21:06,소주,1,5000
2025-11-06,21:07,소주,1,5000
2025-11-06,21:07,하이볼,1,7000
2025-11-06,21:08,소주,1,5000
2025-11-06,21:08,오돌뼈,1,17000
2025-11-06,21:09,계란찜,1,7000
2025-11-06,21:10,맥주,1,5000
2025-11-06,21:10,하이볼,1,7000
2025-11-06,21:12,소주,1,5000
2025-11-06,21:12,소주,1,5000
2025-11-06,21:14,닭발,1,18000
2025-11-06,21:15,맥주,1,5000
2025-11-06,21:16,오돌뼈,1,17000
2025-11-06,21:16,오돌뼈,1,17000
2025-11-06,21:18,하이볼,1,7000
2025-11-06,21:18,닭발,1,18000
2025-11-06,21:19,김치전,1,15000
2025-11-06,21:20,맥주,1,5000
2025-11-06,21:21,소주,1,5000
2025-11-06,21:22,맥주,1,5000
2025-11-06,21:22,닭발,1,18000
2025-11-06,21:23,하이볼,1,7000
2025-11-06,21:23,하이볼,1,7000
2025-11-06,21:25,맥주,1,5000
2025-11-06,21:30,하이볼,1,7000
2025-11-06,21:31,맥주,1,5000
2025-11-06,21:32,맥주,1,5000
2025-11-06,21:35,김치전,1,15000
2025-11-06,21:37,계란찜,1,7000
2025-11-06,21:38,닭발,1,18000
2025-11-06,21:39,소주,1,5000
2025-11-06,21:39,계란찜,1,7000
2025-11-06,21:40,소주,1,5000
2025-11-06,21:41,김치전,1,15000
2025-11-06,21:42,맥주,1,5000
2025-11-06,21:45,오돌뼈,1,17000
2025-11-06,21:46,소주,1,5000
2025-11-06,21:47,오돌뼈,1,17000
2025-11-06,21:48,소주,1,5000
2025-11-06,21:48,김치전,1,15000
2025-11-06,21:49,소주,1,5000
2025-11-06,21:49,김치전,1,15000
2025-11-06,21:51,오돌뼈,1,17000
2025-11-06,21:52,오돌뼈,1,17000
2025-11-06,21:58,맥주,1,5000
2025-11-06,22:00,닭발,1,18000
2025-11-06,22:01,소주,1,5000
2025-11-06,22:01,맥주,1,5000
2025-11-06,22:02,김치전,1,15000
2025-11-06,22:03,김치전,1,15000
2025-11-06,22:08,소주,1,5000
2025-11-06,22:11,소주,1,5000
2025-11-06,22:13,맥주,1,5000
2025-11-06,22:19,오돌뼈,1,17000
2025-11-06,22:25,맥주,1,5000
2025-11-06,22:25,김치전,1,15000
2025-11-06,22:27,맥주,1,5000
2025-11-06,22:28,계란찜,1,7000
2025-11-06,22:29,소주,1,5000
2025-11-06,22:31,김치전,1,15000
2025-11-06,22:32,소주,1,5000
2025-11-06,22:32,소주,1,5000
2025-11-06,22:32,김치전,1,15000
2025-11-06,22:39,맥주,1,5000
2025-11-06,22:42,하이볼,1,7000
2025-11-06,22:45,소주,1,5000
2025-11-06,22:47,계란찜,1,7000
2025-11-06,22:48,오돌뼈,1,17000
2025-11-06,22:49,하이볼,1,7000
2025-11-06,22:49,닭발,1,18000
2025-11-06,22:56,소주,1,5000
2025-11-06,23:00,닭발,1,18000
2025-11-06,23:05,닭발,1,18000
2025-11-06,23:22,소주,1,5000
2025-11-06,23:50,맥주,1,5000
2025-11-06,23:50,계란찜,1,7000
2025-11-07,18:44,김치전,1,15000
2025-11-07,19:25,닭발,1,18000
2025-11-07,19:32,계란찜,1,7000
2025-11-07,19:42,오돌뼈,1,17000
2025-11-07,19:46,닭발,1,18000
2025-11-07,19:50,오돌뼈,1,17000
2025-11-07,19:51,소주,1,5000
2025-11-07,19:55,닭발,1,18000
2025-11-07,19:57,맥주,1,5000
2025-11-07,19:58,소주,1,5000
2025-11-07,19:58,계란찜,1,7000
2025-11-07,20:02,닭발,1,18000
2025-11-07,20:11,소주,1,5000
2025-11-07,20:16,오돌뼈,1,17000
2025-11-07,20:18,오돌뼈,1,17000
2025-11-07,20:19,맥주,1,5000
2025-11-07,20:19,맥주,1,5000
2025-11-07,20:25,소주,1,5000
2025-11-07,20:25,맥주,1,5000
2025-11-07,20:25,하이볼,1,7000
2025-11-07,20:30,소주,1,5000
2025-11-07,20:33,맥주,1,5000
2025-11-07,20:33,오돌뼈,1,17000
2025-11-07,20:33,오돌뼈,1,17000
2025-11-07,20:38,계란찜,1,7000
2025-11-07,20:43,소주,1,5000
2025-11-07,20:47,소주,1,5000
2025-11-07,20:48,소주,1,5000
2025-11-07,20:48,맥주,1,5000
2025-11-07,20:49,계란찜,1,7000
2025-11-07,20:50,소주,1,5000
2025-11-07,20:50,김치전,1,15000
2025-11-07,20:52,계란찜,1,7000
2025-11-07,20:54,하이볼,1,7000
2025-11-07,20:56,소주,1,5000
2025-11-07,20:59,소주,1,5000
2025-11-07,20:59,닭발,1,18000
2025-11-07,21:01,맥주,1,5000
2025-11-07,21:04,맥주,1,5000
2025-11-07,21:04,맥주,1,5000
2025-11-07,21:06,닭발,1,18000
2025-11-07,21:07,소주,1,5000
2025-11-07,21:07,소주,1,5000
2025-11-07,21:07,하이볼,1,7000
2025-11-07,21:07,김치전,1,15000
2025-11-07,21:11,맥주,1,5000
2025-11-07,21:12,소주,1,5000
2025-11-07,21:12,계란찜,1,7000
2025-11-07,21:13,계란찜,1,7000
2025-11-07,21:15,소주,1,5000
2025-11-07,21:15,닭발,1,18000
2025-11-07,21:15,오돌뼈,1,17000
2025-11-07,21:17,닭발,1,18000
2025-11-07,21:18,소주,1,5000
2025-11-07,21:20,맥주,1,5000
2025-11-07,21:22,소주,1,5000
2025-11-07,21:22,소주,1,5000
2025-11-07,21:23,맥주,1,5000
2025-11-07,21:26,소주,1,5000
2025-11-07,21:29,닭발,1,18000
2025-11-07,21:30,소주,1,5000
2025-11-07,21:31,소주,1,5000
2025-11-07,21:32,맥주,1,5000
2025-11-07,21:32,계란찜,1,7000
2025-11-07,21:36,하이볼,1,7000
2025-11-07,21:36,김치전,1,15000
2025-11-07,21:43,소주,1,5000
2025-11-07,21:44,김치전,1,15000
2025-11-07,21:45,하이볼,1,7000
2025-11-07,21:50,맥주,1,5000
2025-11-07,21:51,하이볼,1,7000
2025-11-07,21:53,김치전,1,15000
2025-11-07,21:54,오돌뼈,1,17000
2025-11-07,21:58,김치전,1,15000
2025-11-07,22:00,김치전,1,15000
2025-11-07,22:02,맥주,1,5000
2025-11-07,22:02,오돌뼈,1,17000
2025-11-07,22:04,맥주,1,5000
2025-11-07,22:05,하이볼,1,7000
2025-11-07,22:07,맥주,1,5000
2025-11-07,22:08,하이볼,1,7000
2025-11-07,22:08,하이볼,1,7000
2025-11-07,22:09,소주,1,5000
2025-11-07,22:09,닭발,1,18000
2025-11-07,22:11,맥주,1,5000
2025-11-07,22:12,계란찜,1,7000
2025-11-07,22:13,맥주,1,5000
2025-11-07,22:15,소주,1,5000
2025-11-07,22:15,하이볼,1,7000
2025-11-07,22:16,맥주,1,5000
2025-11-07,22:17,오돌뼈,1,17000
2025-11-07,22:21,소주,1,5000
2025-11-07,22:21,하이볼,1,7000
2025-11-07,22:22,김치전,1,15000
2025-11-07,22:23,소주,1,5000
2025-11-07,22:23,하이볼,1,7000
2025-11-07,22:23,닭발,1,18000
2025-11-07,22:23,김치전,1,15000
2025-11-07,22:25,맥주,1,5000
2025-11-07,22:28,소주,1,5000
2025-11-07,22:28,소주,1,5000
2025-11-07,22:28,맥주,1,5000
2025-11-07,22:34,하이볼,1,7000
2025-11-07,22:34,하이볼,1,7000
2025-11-07,22:35,하이볼,1,7000
2025-11-07,22:35,오돌뼈,1,17000
2025-11-07,22:36,맥주,1,5000
2025-11-07,22:37,닭발,1,18000
2025-11-07,22:37,오돌뼈,1,17000
2025-11-07,22:40,소주,1,5000
2025-11-07,22:40,오돌뼈,1,17000
2025-11-07,22:40,김치전,1,15000
2025-11-07,22:44,닭발,1,18000
2025-11-07,22:46,소주,1,5000
2025-11-07,22:46,하이볼,1,7000
2025-11-07,22:52,소주,1,5000
2025-11-07,22:54,닭발,1,18000
2025-11-07,22:55,맥주,1,5000
2025-11-07,22:58,맥주,1,5000
2025-11-07,22:58,맥주,1,5000
2025-11-07,22:59,맥주,1,5000
2025-11-07,23:03,김치전,1,15000
2025-11-07,23:09,소주,1,5000
2025-11-07,23:13,맥주,1,5000
2025-11-07,23:18,소주,1,5000
2025-11-07,23:22,닭발,1,18000
2025-11-07,23:29,닭발,1,18000
2025-11-07,23:50,계란찜,1,7000
2025-11-08,19:02,맥주,1,5000
2025-11-08,19:16,맥주,1,5000
2025-11-08,19:24,소주,1,5000
2025-11-08,19:25,닭발,1,18000
2025-11-08,19:26,하이볼,1,7000
2025-11-08,19:30,오돌뼈,1,17000
2025-11-08,19:31,오돌뼈,1,17000
2025-11-08,19:37,맥주,1,5000
2025-11-08,19:46,하이볼,1,7000
2025-11-08,19:53,맥주,1,5000
2025-11-08,19:55,소주,1,5000
2025-11-08,19:55,닭발,1,18000
2025-11-08,19:56,소주,1,5000
2025-11-08,19:58,오돌뼈,1,17000
2025-11-08,19:59,소주,1,5000
2025-11-08,20:02,오돌뼈,1,17000
2025-11-08,20:03,맥주,1,5000
2025-11-08,20:05,소주,1,5000
2025-11-08,20:05,계란찜,1,7000
2025-11-08,20:06,소주,1,5000
2025-11-08,20:07,닭발,1,18000
2025-11-08,20:10,소주,1,5000
2025-11-08,20:17,소주,1,5000
2025-11-08,20:18,소주,1,5000
2025-11-08,20:18,소주,1,5000
2025-11-08,20:18,소주,1,5000
2025-11-08,20:19,맥주,1,5000
2025-11-08,20:19,맥주,1,5000
2025-11-08,20:20,맥주,1,5000
2025-11-08,20:21,소주,1,5000
2025-11-08,20:21,계란찜,1,7000
2025-11-08,20:24,소주,1,5000
2025-11-08,20:24,맥주,1,5000
2025-11-08,20:25,소주,1,5000
2025-11-08,20:25,소주,1,5000
2025-11-08,20:31,하이볼,1,7000
2025-11-08,20:35,닭발,1,18000
2025-11-08,20:36,계란찜,1,7000
2025-11-08,20:40,맥주,1,5000
2025-11-08,20:40,오돌뼈,1,17000
2025-11-08,20:41,소주,1,5000
2025-11-08,20:44,소주,1,5000
2025-11-08,20:49,오돌뼈,1,17000
2025-11-08,20:49,김치전,1,15000
2025-11-08,20:50,하이볼,1,7000
2025-11-08,20:50,닭발,1,18000
2025-11-08,20:51,맥주,1,5000
2025-11-08,20:52,오돌뼈,1,17000
2025-11-08,20:53,닭발,1,18000
2025-11-08,21:00,하이볼,1,7000
2025-11-08,21:01,소주,1,5000
2025-11-08,21:01,닭발,1,18000
2025-11-08,21:03,오돌뼈,1,17000
2025-11-08,21:04,소주,1,5000
2025-11-08,21:04,소주,1,5000
2025-11-08,21:07,맥주,1,5000
2025-11-08,21:08,소주,1,5000
2025-11-08,21:08,소주,1,5000
2025-11-08,21:12,맥주,1,5000
2025-11-08,21:14,맥주,1,5000
2025-11-08,21:15,계란찜,1,7000
2025-11-08,21:16,소주,1,5000
2025-11-08,21:16,오돌뼈,1,17000
2025-11-08,21:17,하이볼,1,7000
2025-11-08,21:18,하이볼,1,7000
2025-11-08,21:18,오돌뼈,1,17000
2025-11-08,21:19,하이볼,1,7000
2025-11-08,21:20,소주,1,5000
2025-11-08,21:20,하이볼,1,7000
2025-11-08,21:25,맥주,1,5000
2025-11-08,21:25,하이볼,1,7000
2025-11-08,21:25,닭발,1,18000
2025-11-08,21:26,김치전,1,15000
2025-11-08,21:26,계란찜,1,7000
2025-11-08,21:29,소주,1,5000
2025-11-08,21:29,소주,1,5000
2025-11-08,21:30,맥주,1,5000
2025-11-08,21:30,오돌뼈,1,17000
2025-11-08,21:31,김치전,1,15000
2025-11-08,21:31,계란찜,1,7000
2025-11-08,21:39,닭발,1,18000
2025-11-08,21:40,소주,1,5000
2025-11-08,21:40,맥주,1,5000
2025-11-08,21:41,김치전,1,15000
2025-11-08,21:42,맥주,1,5000
2025-11-08,21:43,하이볼,1,7000
2025-11-08,21:44,맥주,1,5000
2025-11-08,21:46,계란찜,1,7000
2025-11-08,21:47,닭발,1,18000
2025-11-08,21:51,소주,1,5000
2025-11-08,21:53,맥주,1,5000
2025-11-08,21:53,김치전,1,15000
2025-11-08,21:54,닭발,1,18000
2025-11-08,21:55,소주,1,5000
2025-11-08,21:55,닭발,1,18000
2025-11-08,21:59,맥주,1,5000
2025-11-08,21:59,하이볼,1,7000
2025-11-08,22:00,맥주,1,5000
2025-11-08,22:00,오돌뼈,1,17000
2025-11-08,22:02,소주,1,5000
2025-11-08,22:07,오돌뼈,1,17000
2025-11-08,22:07,계란찜,1,7000
2025-11-08,22:08,닭발,1,18000
2025-11-08,22:09,소주,1,5000
2025-11-08,22:11,김치전,1,15000
2025-11-08,22:12,맥주,1,5000
2025-11-08,22:12,닭발,1,18000
2025-11-08,22:13,소주,1,5000
2025-11-08,22:13,맥주,1,5000
2025-11-08,22:15,맥주,1,5000
2025-11-08,22:15,오돌뼈,1,17000
2025-11-08,22:15,김치전,1,15000
2025-11-08,22:16,하이볼,1,7000
2025-11-08,22:18,맥주,1,5000
2025-11-08,22:21,소주,1,5000
2025-11-08,22:21,하이볼,1,7000
2025-11-08,22:21,김치전,1,15000
2025-11-08,22:22,오돌뼈,1,17000
2025-11-08,22:26,맥주,1,5000
2025-11-08,22:33,맥주,1,5000
2025-11-08,22:38,닭발,1,18000
2025-11-08,22:42,소주,1,5000
2025-11-08,22:43,하이볼,1,7000
2025-11-08,22:43,계란찜,1,7000
2025-11-08,22:46,소주,1,5000
2025-11-08,22:48,닭발,1,18000
2025-11-08,22:51,소주,1,5000
2025-11-08,22:52,하이볼,1,7000
2025-11-08,22:54,소주,1,5000
2025-11-08,22:56,맥주,1,5000
2025-11-08,22:56,김치전,1,15000
2025-11-08,23:05,소주,1,5000
2025-11-08,23:09,김치전,1,15000
2025-11-08,23:10,김치전,1,15000
2025-11-08,23:17,김치전,1,15000
2025-11-08,23:19,하이볼,1,7000
2025-11-08,23:20,계란찜,1,7000
2025-11-08,23:32,맥주,1,5000
2025-11-08,23:33,맥주,1,5000
2025-11-08,23:33,닭발,1,18000
2025-11-08,23:40,오돌뼈,1,17000
2025-11-08,23:43,맥주,1,5000
2025-11-08,23:45,하이볼,1,7000
2025-11-08,23:47,소주,1,5000
2025-11-08,23:50,소주,1,5000
2025-11-09,18:37,김치전,1,15000
2025-11-09,19:30,소주,1,5000
2025-11-09,19:35,소주,1,5000
2025-11-09,19:47,계란찜,1,7000
2025-11-09,20:05,소주,1,5000
2025-11-09,20:07,하이볼,1,7000
2025-11-09,20:19,닭발,1,18000
2025-11-09,20:31,오돌뼈,1,17000
2025-11-09,20:32,소주,1,5000
2025-11-09,20:46,맥주,1,5000
2025-11-09,20:46,김치전,1,15000
2025-11-09,20:54,맥주,1,5000
2025-11-09,20:57,닭발,1,18000
2025-11-09,21:01,소주,1,5000
2025-11-09,21:07,닭발,1,18000
2025-11-09,21:07,오돌뼈,1,17000
2025-11-09,21:09,소주,1,5000
2025-11-09,21:18,계란찜,1,7000
2025-11-09,21:30,계란찜,1,7000
2025-11-09,21:33,소주,1,5000
2025-11-09,21:36,소주,1,5000
2025-11-09,21:37,하이볼,1,7000
2025-11-09,21:42,맥주,1,5000
2025-11-09,21:44,김치전,1,15000
2025-11-09,21:52,소주,1,5000
2025-11-09,21:54,오돌뼈,1,17000
2025-11-09,21:56,닭발,1,18000
2025-11-09,21:57,김치전,1,15000
2025-11-09,21:58,하이볼,1,7000
2025-11-09,22:02,소주,1,5000
2025-11-09,22:10,김치전,1,15000
2025-11-09,22:11,소주,1,5000
2025-11-09,22:13,닭발,1,18000
2025-11-09,22:16,하이볼,1,7000
2025-11-09,22:26,맥주,1,5000
2025-11-09,22:28,맥주,1,5000
2025-11-09,22:46,소주,1,5000
2025-11-09,22:49,맥주,1,5000
2025-11-09,22:51,오돌뼈,1,17000
2025-11-09,23:01,소주,1,5000
2025-11-09,23:03,오돌뼈,1,17000
2025-11-09,23:07,소주,1,5000
2025-11-09,23:11,계란찜,1,7000
2025-11-09,23:26,오돌뼈,1,17000
2025-11-09,23:28,소주,1,5000
2025-11-09,23:35,닭발,1,18000
2025-11-09,23:44,맥주,1,5000
2025-11-09,23:50,맥주,1,5000
2025-11-10,19:16,하이볼,1,7000
2025-11-10,19:26,소주,1,5000
2025-11-10,19:35,소주,1,5000
2025-11-10,19:35,맥주,1,5000
2025-11-10,19:35,맥주,1,5000
2025-11-10,19:42,맥주,1,5000
2025-11-10,19:46,맥주,1,5000
2025-11-10,19:51,맥주,1,5000
2025-11-10,19:52,오돌뼈,1,17000
2025-11-10,19:59,소주,1,5000
2025-11-10,20:00,소주,1,5000
2025-11-10,20:08,오돌뼈,1,17000
2025-11-10,20:09,소주,1,5000
2025-11-10,20:17,계란찜,1,7000
2025-11-10,20:20,하이볼,1,7000
2025-11-10,20:23,소주,1,5000
2025-11-10,20:25,소주,1,5000
2025-11-10,20:27,맥주,1,5000
2025-11-10,20:29,닭발,1,18000
2025-11-10,20:33,맥주,1,5000
2025-11-10,20:36,오돌뼈,1,17000
2025-11-10,20:40,맥주,1,5000
2025-11-10,20:41,닭발,1,18000
2025-11-10,20:41,계란찜,1,7000
2025-11-10,20:42,오돌뼈,1,17000
2025-11-10,20:43,닭발,1,18000
2025-11-10,20:44,하이볼,1,7000
2025-11-10,20:45,맥주,1,5000
2025-11-10,20:45,맥주,1,5000
2025-11-10,20:46,소주,1,5000
2025-11-10,20:48,맥주,1,5000
2025-11-10,20:52,오돌뼈,1,17000
2025-11-10,20:53,소주,1,5000
2025-11-10,20:56,소주,1,5000
2025-11-10,20:56,소주,1,5000
2025-11-10,20:57,김치전,1,15000
2025-11-10,21:03,닭발,1,18000
2025-11-10,21:06,닭발,1,18000
2025-11-10,21:09,소주,1,5000
2025-11-10,21:12,소주,1,5000
2025-11-10,21:12,맥주,1,5000
2025-11-10,21:15,하이볼,1,7000
2025-11-10,21:19,하이볼,1,7000
2025-11-10,21:21,닭발,1,18000
2025-11-10,21:22,소주,1,5000
2025-11-10,21:25,소주,1,5000
2025-11-10,21:25,김치전,1,15000
2025-11-10,21:26,닭발,1,18000
2025-11-10,21:28,소주,1,5000
2025-11-10,21:28,맥주,1,5000
2025-11-10,21:28,맥주,1,5000
2025-11-10,21:34,소주,1,5000
2025-11-10,21:35,소주,1,5000
2025-11-10,21:35,오돌뼈,1,17000
2025-11-10,21:36,맥주,1,5000
2025-11-10,21:40,김치전,1,15000
2025-11-10,21:45,소주,1,5000
2025-11-10,21:45,소주,1,5000
2025-11-10,21:46,소주,1,5000
2025-11-10,21:49,소주,1,5000
2025-11-10,21:49,소주,1,5000
2025-11-10,21:50,맥주,1,5000
2025-11-10,21:51,닭발,1,18000
2025-11-10,21:57,맥주,1,5000
2025-11-10,21:58,소주,1,5000
2025-11-10,21:58,소주,1,5000
2025-11-10,22:00,맥주,1,5000
2025-11-10,22:03,오돌뼈,1,17000
2025-11-10,22:07,김치전,1,15000
2025-11-10,22:09,맥주,1,5000
2025-11-10,22:11,맥주,1,5000
2025-11-10,22:11,닭발,1,18000
2025-11-10,22:16,하이볼,1,7000
2025-11-10,22:21,김치전,1,15000
2025-11-10,22:26,하이볼,1,7000
2025-11-10,22:27,김치전,1,15000
2025-11-10,22:29,오돌뼈,1,17000
2025-11-10,22:31,오돌뼈,1,17000
2025-11-10,22:34,소주,1,5000
2025-11-10,22:39,소주,1,5000
2025-11-10,22:43,맥주,1,5000
2025-11-10,22:43,김치전,1,15000
2025-11-10,22:45,소주,1,5000
2025-11-10,22:51,맥주,1,5000
2025-11-10,22:51,맥주,1,5000
2025-11-10,22:54,닭발,1,18000
2025-11-10,23:02,소주,1,5000
2025-11-10,23:12,하이볼,1,7000
2025-11-10,23:15,맥주,1,5000
2025-11-10,23:15,하이볼,1,7000
2025-11-10,23:20,김치전,1,15000
2025-11-10,23:21,닭발,1,18000
2025-11-10,23:24,닭발,1,18000
2025-11-10,23:36,오돌뼈,1,17000
2025-11-10,23:50,닭발,1,18000
2025-11-10,23:50,닭발,1,18000
2025-11-10,23:50,계란찜,1,7000
2025-11-11,18:59,닭발,1,18000
2025-11-11,19:29,김치전,1,15000
2025-11-11,19:34,소주,1,5000
2025-11-11,19:35,맥주,1,5000
2025-11-11,19:36,오돌뼈,1,17000
2025-11-11,19:36,김치전,1,15000
2025-11-11,19:50,소주,1,5000
2025-11-11,19:52,오돌뼈,1,17000
2025-11-11,19:56,맥주,1,5000
2025-11-11,19:59,소주,1,5000
2025-11-11,19:59,맥주,1,5000
2025-11-11,20:04,맥주,1,5000
2025-11-11,20:12,닭발,1,18000
2025-11-11,20:13,소주,1,5000
2025-11-11,20:15,소주,1,5000
2025-11-11,20:15,소주,1,5000
2025-11-11,20:21,소주,1,5000
2025-11-11,20:22,맥주,1,5000
2025-11-11,20:22,오돌뼈,1,17000
2025-11-11,20:22,계란찜,1,7000
2025-11-11,20:23,소주,1,5000
2025-11-11,20:25,닭발,1,18000
2025-11-11,20:27,하이볼,1,7000
2025-11-11,20:30,맥주,1,5000
2025-11-11,20:32,소주,1,5000
2025-11-11,20:35,맥주,1,5000
2025-11-11,20:36,하이볼,1,7000
2025-11-11,20:36,하이볼,1,7000
2025-11-11,20:40,김치전,1,15000
2025-11-11,20:41,하이볼,1,7000
2025-11-11,20:42,소주,1,5000
2025-11-11,20:43,소주,1,5000
2025-11-11,20:43,맥주,1,5000
2025-11-11,20:44,오돌뼈,1,17000
2025-11-11,20:45,오돌뼈,1,17000
2025-11-11,20:47,하이볼,1,7000
2025-11-11,20:50,하이볼,1,7000
2025-11-11,20:50,닭발,1,18000
2025-11-11,20:52,오돌뼈,1,17000
2025-11-11,20:53,소주,1,5000
2025-11-11,20:54,소주,1,5000
2025-11-11,20:55,맥주,1,5000
2025-11-11,20:55,김치전,1,15000
2025-11-11,20:57,하이볼,1,7000
2025-11-11,20:58,소주,1,5000
2025-11-11,21:01,맥주,1,5000
2025-11-11,21:05,소주,1,5000
2025-11-11,21:05,닭발,1,18000
2025-11-11,21:07,맥주,1,5000
2025-11-11,21:08,소주,1,5000
2025-11-11,21:10,맥주,1,5000
2025-11-11,21:11,소주,1,5000
2025-11-11,21:11,오돌뼈,1,17000
2025-11-11,21:12,소주,1,5000
2025-11-11,21:13,계란찜,1,7000
2025-11-11,21:14,오돌뼈,1,17000
2025-11-11,21:17,김치전,1,15000
2025-11-11,21:18,맥주,1,5000
2025-11-11,21:20,소주,1,5000
2025-11-11,21:20,닭발,1,18000
2025-11-11,21:26,소주,1,5000
2025-11-11,21:26,맥주,1,5000
2025-11-11,21:27,맥주,1,5000
2025-11-11,21:27,하이볼,1,7000
2025-11-11,21:27,닭발,1,18000
2025-11-11,21:28,맥주,1,5000
2025-11-11,21:28,하이볼,1,7000
2025-11-11,21:29,맥주,1,5000
2025-11-11,21:35,하이볼,1,7000
2025-11-11,21:35,닭발,1,18000
2025-11-11,21:37,소주,1,5000
2025-11-11,21:37,맥주,1,5000
2025-11-11,21:37,맥주,1,5000
2025-11-11,21:38,닭발,1,18000
2025-11-11,21:39,계란찜,1,7000
2025-11-11,21:40,맥주,1,5000
2025-11-11,21:41,오돌뼈,1,17000
2025-11-11,21:42,맥주,1,5000
2025-11-11,21:42,오돌뼈,1,17000
2025-11-11,21:43,소주,1,5000
2025-11-11,21:48,하이볼,1,7000
2025-11-11,21:50,계란찜,1,7000
2025-11-11,21:51,하이볼,1,7000
2025-11-11,21:54,맥주,1,5000
2025-11-11,21:55,닭발,1,18000
2025-11-11,21:56,계란찜,1,7000
2025-11-11,21:59,계란찜,1,7000
2025-11-11,22:00,맥주,1,5000
2025-11-11,22:02,소주,1,5000
2025-11-11,22:06,오돌뼈,1,17000
2025-11-11,22:08,오돌뼈,1,17000
2025-11-11,22:10,하이볼,1,7000
2025-11-11,22:11,하이볼,1,7000
2025-11-11,22:11,김치전,1,15000
2025-11-11,22:12,계란찜,1,7000
2025-11-11,22:14,소주,1,5000
2025-11-11,22:22,소주,1,5000
2025-11-11,22:22,닭발,1,18000
2025-11-11,22:25,소주,1,5000
2025-11-11,22:26,맥주,1,5000
2025-11-11,22:28,소주,1,5000
2025-11-11,22:29,소주,1,5000
2025-11-11,22:31,소주,1,5000
2025-11-11,22:35,맥주,1,5000
2025-11-11,22:40,맥주,1,5000
2025-11-11,22:42,소주,1,5000
2025-11-11,22:45,소주,1,5000
2025-11-11,22:50,하이볼,1,7000
2025-11-11,22:50,하이볼,1,7000
2025-11-11,22:51,맥주,1,5000
2025-11-11,22:52,소주,1,5000
2025-11-11,22:53,소주,1,5000
2025-11-11,22:53,맥주,1,5000
2025-11-11,22:56,닭발,1,18000
2025-11-11,22:58,닭발,1,18000
2025-11-11,23:05,김치전,1,15000
2025-11-11,23:07,소주,1,5000
2025-11-11,23:15,계란찜,1,7000
2025-11-11,23:19,오돌뼈,1,17000
2025-11-11,23:24,소주,1,5000
2025-11-11,23:29,오돌뼈,1,17000
2025-11-11,23:50,맥주,1,5000
2025-11-12,19:00,맥주,1,5000
2025-11-12,19:01,소주,1,5000
2025-11-12,19:02,맥주,1,5000
2025-11-12,19:25,하이볼,1,7000
2025-11-12,19:28,소주,1,5000
2025-11-12,19:35,맥주,1,5000
2025-11-12,19:35,하이볼,1,7000
2025-11-12,19:36,맥주,1,5000
2025-11-12,19:38,맥주,1,5000
2025-11-12,19:38,하이볼,1,7000
2025-11-12,19:40,하이볼,1,7000
2025-11-12,19:42,닭발,1,18000
2025-11-12,19:43,소주,1,5000
2025-11-12,19:48,하이볼,1,7000
2025-11-12,19:48,닭발,1,18000
2025-11-12,19:53,하이볼,1,7000
2025-11-12,19:55,김치전,1,15000
2025-11-12,19:58,맥주,1,5000
2025-11-12,20:01,소주,1,5000
2025-11-12,20:01,계란찜,1,7000
2025-11-12,20:04,맥주,1,5000
2025-11-12,20:04,오돌뼈,1,17000
2025-11-12,20:08,김치전,1,15000
2025-11-12,20:11,소주,1,5000
2025-11-12,20:14,하이볼,1,7000
2025-11-12,20:14,오돌뼈,1,17000
2025-11-12,20:16,소주,1,5000
2025-11-12,20:16,하이볼,1,7000
2025-11-12,20:18,닭발,1,18000
2025-11-12,20:19,맥주,1,5000
2025-11-12,20:23,소주,1,5000
2025-11-12,20:23,오돌뼈,1,17000
2025-11-12,20:24,닭발,1,18000
2025-11-12,20:25,소주,1,5000
2025-11-12,20:25,닭발,1,18000
2025-11-12,20:27,맥주,1,5000
2025-11-12,20:32,소주,1,5000
2025-11-12,20:32,소주,1,5000
2025-11-12,20:33,소주,1,5000
2025-11-12,20:34,소주,1,5000
2025-11-12,20:38,하이볼,1,7000
2025-11-12,20:42,소주,1,5000
2025-11-12,20:42,소주,1,5000
2025-11-12,20:42,맥주,1,5000
2025-11-12,20:45,오돌뼈,1,17000
2025-11-12,20:48,소주,1,5000
2025-11-12,20:50,맥주,1,5000
2025-11-12,20:51,김치전,1,15000
2025-11-12,20:52,소주,1,5000
2025-11-12,20:52,김치전,1,15000
2025-11-12,20:53,소주,1,5000
2025-11-12,20:54,맥주,1,5000
2025-11-12,20:54,맥주,1,5000
2025-11-12,20:54,하이볼,1,7000
2025-11-12,20:57,닭발,1,18000
2025-11-12,20:58,소주,1,5000
2025-11-12,20:59,김치전,1,15000
2025-11-12,21:00,맥주,1,5000
2025-11-12,21:01,맥주,1,5000
2025-11-12,21:02,소주,1,5000
2025-11-12,21:06,소주,1,5000
2025-11-12,21:07,닭발,1,18000
2025-11-12,21:08,닭발,1,18000
2025-11-12,21:09,김치전,1,15000
2025-11-12,21:10,하이볼,1,7000
2025-11-12,21:11,소주,1,5000
2025-11-12,21:11,맥주,1,5000
2025-11-12,21:14,닭발,1,18000
2025-11-12,21:14,오돌뼈,1,17000
2025-11-12,21:16,하이볼,1,7000
2025-11-12,21:16,계란찜,1,7000
2025-11-12,21:17,계란찜,1,7000
2025-11-12,21:18,오돌뼈,1,17000
2025-11-12,21:19,오돌뼈,1,17000
2025-11-12,21:21,맥주,1,5000
2025-11-12,21:21,닭발,1,18000
2025-11-12,21:24,하이볼,1,7000
2025-11-12,21:25,소주,1,5000
2025-11-12,21:25,소주,1,5000
2025-11-12,21:26,하이볼,1,7000
2025-11-12,21:27,맥주,1,5000
2025-11-12,21:28,김치전,1,15000
2025-11-12,21:30,맥주,1,5000
2025-11-12,21:30,닭발,1,18000
2025-11-12,21:33,계란찜,1,7000
2025-11-12,21:34,오돌뼈,1,17000
2025-11-12,21:35,닭발,1,18000
2025-11-12,21:37,소주,1,5000
2025-11-12,21:38,오돌뼈,1,17000
2025-11-12,21:41,계란찜,1,7000
2025-11-12,21:42,소주,1,5000
2025-11-12,21:43,소주,1,5000
2025-11-12,21:44,소주,1,5000
2025-11-12,21:45,하이볼,1,7000
2025-11-12,21:45,닭발,1,18000
2025-11-12,21:46,소주,1,5000
2025-11-12,21:48,소주,1,5000
2025-11-12,21:49,닭발,1,18000
2025-11-12,21:51,소주,1,5000
2025-11-12,21:52,맥주,1,5000
2025-11-12,21:52,김치전,1,15000
2025-11-12,21:53,소주,1,5000
2025-11-12,21:54,닭발,1,18000
2025-11-12,21:56,소주,1,5000
2025-11-12,21:57,김치전,1,15000
2025-11-12,21:59,소주,1,5000
2025-11-12,21:59,소주,1,5000
2025-11-12,22:00,맥주,1,5000
2025-11-12,22:00,오돌뼈,1,17000
2025-11-12,22:01,맥주,1,5000
2025-11-12,22:02,맥주,1,5000
2025-11-12,22:03,맥주,1,5000
2025-11-12,22:04,소주,1,5000
2025-11-12,22:06,오돌뼈,1,17000
2025-11-12,22:06,김치전,1,15000
2025-11-12,22:07,계란찜,1,7000
2025-11-12,22:08,계란찜,1,7000
2025-11-12,22:09,소주,1,5000
2025-11-12,22:09,맥주,1,5000
2025-11-12,22:10,맥주,1,5000
2025-11-12,22:12,닭발,1,18000
2025-11-12,22:15,맥주,1,5000
2025-11-12,22:15,맥주,1,5000
2025-11-12,22:16,계란찜,1,7000
2025-11-12,22:17,맥주,1,5000
2025-11-12,22:17,맥주,1,5000
2025-11-12,22:18,소주,1,5000
2025-11-12,22:18,김치전,1,15000
2025-11-12,22:22,소주,1,5000
2025-11-12,22:22,맥주,1,5000
2025-11-12,22:24,오돌뼈,1,17000
2025-11-12,22:25,닭발,1,18000
2025-11-12,22:25,닭발,1,18000
2025-11-12,22:25,오돌뼈,1,17000
2025-11-12,22:26,맥주,1,5000
2025-11-12,22:26,오돌뼈,1,17000
2025-11-12,22:26,계란찜,1,7000
2025-11-12,22:27,소주,1,5000
2025-11-12,22:30,소주,1,5000
2025-11-12,22:30,하이볼,1,7000
2025-11-12,22:31,소주,1,5000
2025-11-12,22:31,맥주,1,5000
2025-11-12,22:32,소주,1,5000
2025-11-12,22:32,오돌뼈,1,17000
2025-11-12,22:33,닭발,1,18000
2025-11-12,22:36,닭발,1,18000
2025-11-12,22:39,맥주,1,5000
2025-11-12,22:39,맥주,1,5000
2025-11-12,22:39,맥주,1,5000
2025-11-12,22:42,소주,1,5000
2025-11-12,22:43,맥주,1,5000
2025-11-12,22:48,계란찜,1,7000
2025-11-12,22:58,소주,1,5000
2025-11-12,22:58,오돌뼈,1,17000
2025-11-12,23:06,맥주,1,5000
2025-11-12,23:07,맥주,1,5000
2025-11-12,23:09,맥주,1,5000
2025-11-12,23:09,하이볼,1,7000
2025-11-12,23:16,소주,1,5000
2025-11-12,23:18,닭발,1,18000
2025-11-12,23:19,닭발,1,18000
2025-11-12,23:22,맥주,1,5000
2025-11-12,23:23,하이볼,1,7000
2025-11-12,23:25,하이볼,1,7000
2025-11-12,23:29,소주,1,5000
2025-11-12,23:32,맥주,1,5000
2025-11-12,23:33,맥주,1,5000
2025-11-12,23:50,소주,1,5000
2025-11-13,18:52,맥주,1,5000
2025-11-13,18:55,소주,1,5000
2025-11-13,19:23,소주,1,5000
2025-11-13,19:28,맥주,1,5000
2025-11-13,19:30,소주,1,5000
2025-11-13,19:30,오돌뼈,1,17000
2025-11-13,19:32,소주,1,5000
2025-11-13,19:32,맥주,1,5000
2025-11-13,19:39,오돌뼈,1,17000
2025-11-13,19:40,오돌뼈,1,17000
2025-11-13,19:41,소주,1,5000
2025-11-13,19:42,소주,1,5000
2025-11-13,19:48,김치전,1,15000
2025-11-13,19:52,오돌뼈,1,17000
2025-11-13,19:58,소주,1,5000
2025-11-13,19:58,하이볼,1,7000
2025-11-13,20:06,김치전,1,15000
2025-11-13,20:07,맥주,1,5000
2025-11-13,20:08,맥주,1,5000
2025-11-13,20:12,소주,1,5000
2025-11-13,20:13,계란찜,1,7000
2025-11-13,20:15,소주,1,5000
2025-11-13,20:17,계란찜,1,7000
2025-11-13,20:19,소주,1,5000
2025-11-13,20:20,닭발,1,18000
2025-11-13,20:21,김치전,1,15000
2025-11-13,20:25,맥주,1,5000
2025-11-13,20:25,닭발,1,18000
2025-11-13,20:26,하이볼,1,7000
2025-11-13,20:28,소주,1,5000
2025-11-13,20:28,김치전,1,15000
2025-11-13,20:32,계란찜,1,7000
2025-11-13,20:35,맥주,1,5000
2025-11-13,20:37,닭발,1,18000
2025-11-13,20:37,닭발,1,18000
2025-11-13,20:38,하이볼,1,7000
2025-11-13,20:39,맥주,1,5000
2025-11-13,20:40,닭발,1,18000
2025-11-13,20:40,계란찜,1,7000
2025-11-13,20:43,소주,1,5000
2025-11-13,20:44,맥주,1,5000
2025-11-13,20:45,소주,1,5000
2025-11-13,20:49,소주,1,5000
2025-11-13,20:49,오돌뼈,1,17000
2025-11-13,20:50,소주,1,5000
2025-11-13,20:52,소주,1,5000
2025-11-13,20:52,맥주,1,5000
2025-11-13,20:52,계란찜,1,7000
2025-11-13,20:57,소주,1,5000
2025-11-13,20:57,닭발,1,18000
2025-11-13,20:58,소주,1,5000
2025-11-13,20:58,김치전,1,15000
2025-11-13,20:59,맥주,1,5000
2025-11-13,20:59,맥주,1,5000
2025-11-13,20:59,하이볼,1,7000
2025-11-13,20:59,김치전,1,15000
2025-11-13,21:00,소주,1,5000
2025-11-13,21:01,소주,1,5000
2025-11-13,21:03,하이볼,1,7000
2025-11-13,21:04,소주,1,5000
2025-11-13,21:04,소주,1,5000
2025-11-13,21:05,소주,1,5000
2025-11-13,21:06,맥주,1,5000
2025-11-13,21:06,오돌뼈,1,17000
2025-11-13,21:07,닭발,1,18000
2025-11-13,21:07,김치전,1,15000
2025-11-13,21:08,하이볼,1,7000
2025-11-13,21:12,맥주,1,5000
2025-11-13,21:15,계란찜,1,7000
2025-11-13,21:16,오돌뼈,1,17000
2025-11-13,21:17,맥주,1,5000
2025-11-13,21:17,하이볼,1,7000
2025-11-13,21:19,계란찜,1,7000
2025-11-13,21:20,소주,1,5000
2025-11-13,21:20,하이볼,1,7000
2025-11-13,21:20,오돌뼈,1,17000
2025-11-13,21:21,소주,1,5000
2025-11-13,21:21,하이볼,1,7000
2025-11-13,21:22,맥주,1,5000
2025-11-13,21:23,소주,1,5000
2025-11-13,21:23,맥주,1,5000
2025-11-13,21:25,하이볼,1,7000
2025-11-13,21:25,오돌뼈,1,17000
2025-11-13,21:26,닭발,1,18000
2025-11-13,21:26,김치전,1,15000
2025-11-13,21:27,소주,1,5000
2025-11-13,21:27,맥주,1,5000
2025-11-13,21:28,맥주,1,5000
2025-11-13,21:29,맥주,1,5000
2025-11-13,21:29,오돌뼈,1,17000
2025-11-13,21:30,소주,1,5000
2025-11-13,21:31,소주,1,5000
2025-11-13,21:31,오돌뼈,1,17000
2025-11-13,21:31,계란찜,1,7000
2025-11-13,21:32,소주,1,5000
2025-11-13,21:34,오돌뼈,1,17000
2025-11-13,21:34,오돌뼈,1,17000
2025-11-13,21:35,김치전,1,15000
2025-11-13,21:36,맥주,1,5000
2025-11-13,21:37,닭발,1,18000
2025-11-13,21:38,소주,1,5000
2025-11-13,21:38,소주,1,5000
2025-11-13,21:39,맥주,1,5000
2025-11-13,21:41,맥주,1,5000
2025-11-13,21:41,맥주,1,5000
2025-11-13,21:43,맥주,1,5000
2025-11-13,21:44,소주,1,5000
2025-11-13,21:44,맥주,1,5000
2025-11-13,21:46,맥주,1,5000
2025-11-13,21:46,닭발,1,18000
2025-11-13,21:46,닭발,1,18000
2025-11-13,21:47,소주,1,5000
2025-11-13,21:47,소주,1,5000
2025-11-13,21:50,소주,1,5000
2025-11-13,21:52,소주,1,5000
2025-11-13,21:52,소주,1,5000
2025-11-13,21:52,맥주,1,5000
2025-11-13,21:52,계란찜,1,7000
2025-11-13,21:54,맥주,1,5000
2025-11-13,21:54,닭발,1,18000
2025-11-13,21:59,오돌뼈,1,17000
2025-11-13,22:01,닭발,1,18000
2025-11-13,22:03,소주,1,5000
2025-11-13,22:03,소주,1,5000
2025-11-13,22:03,맥주,1,5000
2025-11-13,22:07,소주,1,5000
2025-11-13,22:07,소주,1,5000
2025-11-13,22:07,소주,1,5000
2025-11-13,22:07,하이볼,1,7000
2025-11-13,22:08,닭발,1,18000
2025-11-13,22:09,소주,1,5000
2025-11-13,22:12,소주,1,5000
2025-11-13,22:13,하이볼,1,7000
2025-11-13,22:14,소주,1,5000
2025-11-13,22:14,맥주,1,5000
2025-11-13,22:15,닭발,1,18000
2025-11-13,22:15,계란찜,1,7000
2025-11-13,22:17,맥주,1,5000
2025-11-13,22:18,오돌뼈,1,17000
2025-11-13,22:20,맥주,1,5000
2025-11-13,22:20,닭발,1,18000
2025-11-13,22:22,하이볼,1,7000
2025-11-13,22:24,닭발,1,18000
2025-11-13,22:24,닭발,1,18000
2025-11-13,22:26,하이볼,1,7000
2025-11-13,22:26,오돌뼈,1,17000
2025-11-13,22:29,소주,1,5000
2025-11-13,22:29,소주,1,5000
2025-11-13,22:29,맥주,1,5000
2025-11-13,22:32,맥주,1,5000
2025-11-13,22:33,맥주,1,5000
2025-11-13,22:36,김치전,1,15000
2025-11-13,22:38,하이볼,1,7000
2025-11-13,22:41,오돌뼈,1,17000
2025-11-13,22:46,맥주,1,5000
2025-11-13,22:46,하이볼,1,7000
2025-11-13,22:46,김치전,1,15000
2025-11-13,22:47,소주,1,5000
2025-11-13,22:47,소주,1,5000
2025-11-13,22:50,닭발,1,18000
2025-11-13,22:54,하이볼,1,7000
2025-11-13,22:54,닭발,1,18000
2025-11-13,22:56,맥주,1,5000
2025-11-13,23:00,소주,1,5000
2025-11-13,23:00,닭발,1,18000
2025-11-13,23:01,맥주,1,5000
2025-11-13,23:07,맥주,1,5000
2025-11-13,23:07,오돌뼈,1,17000
2025-11-13,23:09,닭발,1,18000
2025-11-13,23:11,맥주,1,5000
2025-11-13,23:11,김치전,1,15000
2025-11-13,23:11,계란찜,1,7000
2025-11-13,23:19,소주,1,5000
2025-11-13,23:23,맥주,1,5000
2025-11-13,23:24,소주,1,5000
2025-11-13,23:26,맥주,1,5000
2025-11-13,23:39,계란찜,1,7000
2025-11-14,19:03,하이볼,1,7000
2025-11-14,19:11,소주,1,5000
2025-11-14,19:11,소주,1,5000
2025-11-14,19:12,맥주,1,5000
2025-11-14,19:14,하이볼,1,7000
2025-11-14,19:14,닭발,1,18000
2025-11-14,19:19,소주,1,5000
2025-11-14,19:19,맥주,1,5000
2025-11-14,19:19,맥주,1,5000
2025-11-14,19:22,하이볼,1,7000
2025-11-14,19:27,하이볼,1,7000
2025-11-14,19:38,소주,1,5000
2025-11-14,19:40,닭발,1,18000
2025-11-14,19:40,오돌뼈,1,17000
2025-11-14,19:40,계란찜,1,7000
2025-11-14,19:41,소주,1,5000
2025-11-14,19:43,소주,1,5000
2025-11-14,19:43,오돌뼈,1,17000
2025-11-14,19:45,맥주,1,5000
2025-11-14,19:47,맥주,1,5000
2025-11-14,19:47,하이볼,1,7000
2025-11-14,19:49,소주,1,5000
2025-11-14,19:51,소주,1,5000
2025-11-14,19:54,김치전,1,15000
2025-11-14,19:55,소주,1,5000
2025-11-14,19:55,오돌뼈,1,17000
2025-11-14,19:56,하이볼,1,7000
2025-11-14,19:56,닭발,1,18000
2025-11-14,19:57,닭발,1,18000
2025-11-14,19:58,맥주,1,5000
2025-11-14,20:00,소주,1,5000
2025-11-14,20:01,하이볼,1,7000
2025-11-14,20:02,닭발,1,18000
2025-11-14,20:03,맥주,1,5000
2025-11-14,20:04,소주,1,5000
2025-11-14,20:05,닭발,1,18000
2025-11-14,20:10,소주,1,5000
2025-11-14,20:13,맥주,1,5000
2025-11-14,20:13,맥주,1,5000
2025-11-14,20:14,소주,1,5000
2025-11-14,20:15,맥주,1,5000
2025-11-14,20:16,하이볼,1,7000
2025-11-14,20:16,오돌뼈,1,17000
2025-11-14,20:16,계란찜,1,7000
2025-11-14,20:17,김치전,1,15000
2025-11-14,20:18,소주,1,5000
2025-11-14,20:18,맥주,1,5000
2025-11-14,20:18,계란찜,1,7000
2025-11-14,20:20,닭발,1,18000
2025-11-14,20:25,닭발,1,18000
2025-11-14,20:25,오돌뼈,1,17000
2025-11-14,20:26,맥주,1,5000
2025-11-14,20:27,닭발,1,18000
2025-11-14,20:28,소주,1,5000
2025-11-14,20:28,오돌뼈,1,17000
2025-11-14,20:28,김치전,1,15000
2025-11-14,20:32,맥주,1,5000
2025-11-14,20:32,오돌뼈,1,17000
2025-11-14,20:33,맥주,1,5000
2025-11-14,20:33,맥주,1,5000
2025-11-14,20:34,맥주,1,5000
2025-11-14,20:34,김치전,1,15000
2025-11-14,20:35,소주,1,5000
2025-11-14,20:35,김치전,1,15000
2025-11-14,20:36,맥주,1,5000
2025-11-14,20:36,하이볼,1,7000
2025-11-14,20:38,소주,1,5000
2025-11-14,20:38,소주,1,5000
2025-11-14,20:39,맥주,1,5000
2025-11-14,20:39,닭발,1,18000
2025-11-14,20:39,김치전,1,15000
2025-11-14,20:40,소주,1,5000
2025-11-14,20:41,소주,1,5000
2025-11-14,20:42,소주,1,5000
2025-11-14,20:42,소주,1,5000
2025-11-14,20:42,닭발,1,18000
2025-11-14,20:45,소주,1,5000
2025-11-14,20:46,소주,1,5000
2025-11-14,20:46,하이볼,1,7000
2025-11-14,20:48,소주,1,5000
2025-11-14,20:48,맥주,1,5000
2025-11-14,20:48,하이볼,1,7000
2025-11-14,20:49,소주,1,5000
2025-11-14,20:49,소주,1,5000
2025-11-14,20:49,오돌뼈,1,17000
2025-11-14,20:51,하이볼,1,7000
2025-11-14,20:51,오돌뼈,1,17000
2025-11-14,20:52,소주,1,5000
2025-11-14,20:56,소주,1,5000
2025-11-14,20:56,맥주,1,5000
2025-11-14,20:56,닭발,1,18000
2025-11-14,20:57,소주,1,5000
2025-11-14,20:57,오돌뼈,1,17000
2025-11-14,20:59,소주,1,5000
2025-11-14,21:00,맥주,1,5000
2025-11-14,21:00,닭발,1,18000
2025-11-14,21:01,소주,1,5000
2025-11-14,21:02,하이볼,1,7000
2025-11-14,21:02,계란찜,1,7000
2025-11-14,21:03,소주,1,5000
2025-11-14,21:03,맥주,1,5000
2025-11-14,21:04,맥주,1,5000
2025-11-14,21:04,계란찜,1,7000
2025-11-14,21:05,맥주,1,5000
2025-11-14,21:05,하이볼,1,7000
2025-11-14,21:05,김치전,1,15000
2025-11-14,21:06,소주,1,5000
2025-11-14,21:06,맥주,1,5000
2025-11-14,21:07,소주,1,5000
2025-11-14,21:07,맥주,1,5000
2025-11-14,21:08,맥주,1,5000
2025-11-14,21:08,맥주,1,5000
2025-11-14,21:08,하이볼,1,7000
2025-11-14,21:09,계란찜,1,7000
2025-11-14,21:11,맥주,1,5000
2025-11-14,21:13,맥주,1,5000
2025-11-14,21:15,소주,1,5000
2025-11-14,21:15,닭발,1,18000
2025-11-14,21:16,맥주,1,5000
2025-11-14,21:17,오돌뼈,1,17000
2025-11-14,21:18,소주,1,5000
2025-11-14,21:18,맥주,1,5000
2025-11-14,21:20,닭발,1,18000
2025-11-14,21:22,하이볼,1,7000
2025-11-14,21:22,하이볼,1,7000
2025-11-14,21:24,소주,1,5000
2025-11-14,21:25,맥주,1,5000
2025-11-14,21:27,소주,1,5000
2025-11-14,21:27,맥주,1,5000
2025-11-14,21:27,맥주,1,5000
2025-11-14,21:27,오돌뼈,1,17000
2025-11-14,21:28,닭발,1,18000
2025-11-14,21:28,닭발,1,18000
2025-11-14,21:28,닭발,1,18000
2025-11-14,21:29,소주,1,5000
2025-11-14,21:30,맥주,1,5000
2025-11-14,21:30,오돌뼈,1,17000
2025-11-14,21:31,소주,1,5000
2025-11-14,21:33,오돌뼈,1,17000
2025-11-14,21:35,소주,1,5000
2025-11-14,21:35,맥주,1,5000
2025-11-14,21:35,맥주,1,5000
2025-11-14,21:35,계란찜,1,7000
2025-11-14,21:35,계란찜,1,7000
2025-11-14,21:36,소주,1,5000
2025-11-14,21:36,맥주,1,5000
2025-11-14,21:36,하이볼,1,7000
2025-11-14,21:36,닭발,1,18000
2025-11-14,21:36,오돌뼈,1,17000
2025-11-14,21:37,맥주,1,5000
2025-11-14,21:38,맥주,1,5000
2025-11-14,21:38,하이볼,1,7000
2025-11-14,21:38,오돌뼈,1,17000
2025-11-14,21:39,맥주,1,5000
2025-11-14,21:41,소주,1,5000
2025-11-14,21:41,김치전,1,15000
2025-11-14,21:42,맥주,1,5000
2025-11-14,21:43,맥주,1,5000
2025-11-14,21:43,닭발,1,18000
2025-11-14,21:43,오돌뼈,1,17000
2025-11-14,21:44,닭발,1,18000
2025-11-14,21:45,오돌뼈,1,17000
2025-11-14,21:47,소주,1,5000
2025-11-14,21:48,소주,1,5000
2025-11-14,21:48,오돌뼈,1,17000
2025-11-14,21:49,소주,1,5000
2025-11-14,21:50,하이볼,1,7000
2025-11-14,21:51,소주,1,5000
2025-11-14,21:51,맥주,1,5000
2025-11-14,21:51,계란찜,1,7000
2025-11-14,21:52,소주,1,5000
2025-11-14,21:53,맥주,1,5000
2025-11-14,21:53,맥주,1,5000
2025-11-14,21:53,닭발,1,18000
2025-11-14,21:54,소주,1,5000
2025-11-14,21:54,김치전,1,15000
2025-11-14,21:55,소주,1,5000
2025-11-14,21:55,소주,1,5000
2025-11-14,22:00,소주,1,5000
2025-11-14,22:00,맥주,1,5000
2025-11-14,22:00,오돌뼈,1,17000
2025-11-14,22:01,하이볼,1,7000
2025-11-14,22:01,김치전,1,15000
2025-11-14,22:01,김치전,1,15000
2025-11-14,22:02,소주,1,5000
2025-11-14,22:04,오돌뼈,1,17000
2025-11-14,22:05,하이볼,1,7000
2025-11-14,22:05,오돌뼈,1,17000
2025-11-14,22:06,닭발,1,18000
2025-11-14,22:07,김치전,1,15000
2025-11-14,22:09,소주,1,5000
2025-11-14,22:09,하이볼,1,7000
2025-11-14,22:10,맥주,1,5000
2025-11-14,22:11,맥주,1,5000
2025-11-14,22:12,소주,1,5000
2025-11-14,22:14,맥주,1,5000
2025-11-14,22:15,소주,1,5000
2025-11-14,22:16,소주,1,5000
2025-11-14,22:16,맥주,1,5000
2025-11-14,22:17,하이볼,1,7000
2025-11-14,22:18,소주,1,5000
2025-11-14,22:18,닭발,1,18000
2025-11-14,22:18,오돌뼈,1,17000
2025-11-14,22:19,소주,1,5000
2025-11-14,22:20,오돌뼈,1,17000
2025-11-14,22:23,하이볼,1,7000
2025-11-14,22:24,소주,1,5000
2025-11-14,22:24,계란찜,1,7000
2025-11-14,22:25,소주,1,5000
2025-11-14,22:28,소주,1,5000
2025-11-14,22:29,오돌뼈,1,17000
2025-11-14,22:29,김치전,1,15000
2025-11-14,22:30,소주,1,5000
2025-11-14,22:32,소주,1,5000
2025-11-14,22:33,소주,1,5000
2025-11-14,22:33,맥주,1,5000
2025-11-14,22:33,닭발,1,18000
2025-11-14,22:33,오돌뼈,1,17000
2025-11-14,22:34,닭발,1,18000
2025-11-14,22:35,하이볼,1,7000
2025-11-14,22:36,맥주,1,5000
2025-11-14,22:36,닭발,1,18000
2025-11-14,22:38,닭발,1,18000
2025-11-14,22:39,맥주,1,5000
2025-11-14,22:40,하이볼,1,7000
2025-11-14,22:41,계란찜,1,7000
2025-11-14,22:43,소주,1,5000
2025-11-14,22:45,맥주,1,5000
2025-11-14,22:46,오돌뼈,1,17000
2025-11-14,22:48,닭발,1,18000
2025-11-14,22:49,닭발,1,18000
2025-11-14,22:50,소주,1,5000
2025-11-14,22:50,김치전,1,15000
2025-11-14,22:52,소주,1,5000
2025-11-14,22:55,소주,1,5000
2025-11-14,22:57,맥주,1,5000
2025-11-14,22:58,맥주,1,5000
2025-11-14,22:58,닭발,1,18000
2025-11-14,22:59,맥주,1,5000
2025-11-14,22:59,하이볼,1,7000
2025-11-14,23:01,김치전,1,15000
2025-11-14,23:01,계란찜,1,7000
2025-11-14,23:02,하이볼,1,7000
2025-11-14,23:02,계란찜,1,7000
2025-11-14,23:03,소주,1,5000
2025-11-14,23:03,소주,1,5000
2025-11-14,23:04,계란찜,1,7000
2025-11-14,23:06,하이볼,1,7000
2025-11-14,23:08,맥주,1,5000
2025-11-14,23:09,소주,1,5000
2025-11-14,23:11,하이볼,1,7000
2025-11-14,23:11,오돌뼈,1,17000
2025-11-14,23:15,오돌뼈,1,17000
2025-11-14,23:17,소주,1,5000
2025-11-14,23:17,닭발,1,18000
2025-11-14,23:18,맥주,1,5000
2025-11-14,23:19,닭발,1,18000
2025-11-14,23:20,소주,1,5000
2025-11-14,23:22,맥주,1,5000
2025-11-14,23:24,계란찜,1,7000
2025-11-14,23:27,맥주,1,5000
2025-11-14,23:27,김치전,1,15000
2025-11-14,23:40,닭발,1,18000
2025-11-14,23:42,소주,1,5000
2025-11-14,23:44,맥주,1,5000
2025-11-14,23:47,맥주,1,5000
2025-11-14,23:50,소주,1,5000
2025-11-14,23:50,김치전,1,15000
2025-11-15,18:37,하이볼,1,7000
2025-11-15,19:15,맥주,1,5000
2025-11-15,19:18,하이볼,1,7000
2025-11-15,19:20,소주,1,5000
2025-11-15,19:32,계란찜,1,7000
2025-11-15,19:36,계란찜,1,7000
2025-11-15,19:41,소주,1,5000
2025-11-15,19:45,하이볼,1,7000
2025-11-15,19:46,맥주,1,5000
2025-11-15,19:49,오돌뼈,1,17000
2025-11-15,19:54,소주,1,5000
2025-11-15,20:04,계란찜,1,7000
2025-11-15,20:06,오돌뼈,1,17000
2025-11-15,20:07,계란찜,1,7000
2025-11-15,20:08,소주,1,5000
2025-11-15,20:08,김치전,1,15000
2025-11-15,20:10,닭발,1,18000
2025-11-15,20:12,소주,1,5000
2025-11-15,20:12,맥주,1,5000
2025-11-15,20:12,맥주,1,5000
2025-11-15,20:20,맥주,1,5000
2025-11-15,20:22,김치전,1,15000
2025-11-15,20:26,소주,1,5000
2025-11-15,20:30,맥주,1,5000
2025-11-15,20:33,김치전,1,15000
2025-11-15,20:36,김치전,1,15000
2025-11-15,20:38,닭발,1,18000
2025-11-15,20:40,소주,1,5000
2025-11-15,20:40,맥주,1,5000
2025-11-15,20:42,맥주,1,5000
2025-11-15,20:42,닭발,1,18000
2025-11-15,20:43,하이볼,1,7000
2025-11-15,20:45,하이볼,1,7000
2025-11-15,20:46,맥주,1,5000
2025-11-15,20:47,맥주,1,5000
2025-11-15,20:47,하이볼,1,7000
2025-11-15,20:47,오돌뼈,1,17000
2025-11-15,20:49,오돌뼈,1,17000
2025-11-15,20:50,소주,1,5000
2025-11-15,20:52,맥주,1,5000
2025-11-15,20:55,김치전,1,15000
2025-11-15,20:56,오돌뼈,1,17000
2025-11-15,20:56,오돌뼈,1,17000
2025-11-15,21:00,맥주,1,5000
2025-11-15,21:00,오돌뼈,1,17000
2025-11-15,21:01,오돌뼈,1,17000
2025-11-15,21:01,김치전,1,15000
2025-11-15,21:02,하이볼,1,7000
2025-11-15,21:05,소주,1,5000
2025-11-15,21:05,소주,1,5000
2025-11-15,21:07,소주,1,5000
2025-11-15,21:07,닭발,1,18000
2025-11-15,21:09,닭발,1,18000
2025-11-15,21:10,김치전,1,15000
2025-11-15,21:11,소주,1,5000
2025-11-15,21:12,오돌뼈,1,17000
2025-11-15,21:13,하이볼,1,7000
2025-11-15,21:16,맥주,1,5000
2025-11-15,21:16,오돌뼈,1,17000
2025-11-15,21:17,닭발,1,18000
2025-11-15,21:18,맥주,1,5000
2025-11-15,21:18,오돌뼈,1,17000
2025-11-15,21:18,계란찜,1,7000
2025-11-15,21:19,맥주,1,5000
2025-11-15,21:19,오돌뼈,1,17000
2025-11-15,21:20,하이볼,1,7000
2025-11-15,21:22,소주,1,5000
2025-11-15,21:23,소주,1,5000
2025-11-15,21:24,하이볼,1,7000
2025-11-15,21:26,닭발,1,18000
2025-11-15,21:31,하이볼,1,7000
2025-11-15,21:33,맥주,1,5000
2025-11-15,21:35,소주,1,5000
2025-11-15,21:36,소주,1,5000
2025-11-15,21:37,오돌뼈,1,17000
2025-11-15,21:41,소주,1,5000
2025-11-15,21:42,맥주,1,5000
2025-11-15,21:42,김치전,1,15000
2025-11-15,21:43,닭발,1,18000
2025-11-15,21:44,맥주,1,5000
2025-11-15,21:46,소주,1,5000
2025-11-15,21:46,하이볼,1,7000
2025-11-15,21:46,하이볼,1,7000
2025-11-15,21:47,소주,1,5000
2025-11-15,21:47,맥주,1,5000
2025-11-15,21:48,소주,1,5000
2025-11-15,21:48,소주,1,5000
2025-11-15,21:50,닭발,1,18000
2025-11-15,21:53,하이볼,1,7000
2025-11-15,21:54,계란찜,1,7000
2025-11-15,21:55,맥주,1,5000
2025-11-15,21:55,하이볼,1,7000
2025-11-15,22:03,소주,1,5000
2025-11-15,22:04,소주,1,5000
2025-11-15,22:06,김치전,1,15000
2025-11-15,22:07,소주,1,5000
2025-11-15,22:08,닭발,1,18000
2025-11-15,22:11,하이볼,1,7000
2025-11-15,22:14,소주,1,5000
2025-11-15,22:16,맥주,1,5000
2025-11-15,22:17,맥주,1,5000
2025-11-15,22:20,맥주,1,5000
2025-11-15,22:20,오돌뼈,1,17000
2025-11-15,22:25,소주,1,5000
2025-11-15,22:25,소주,1,5000
2025-11-15,22:25,닭발,1,18000
2025-11-15,22:28,소주,1,5000
2025-11-15,22:28,김치전,1,15000
2025-11-15,22:28,계란찜,1,7000
2025-11-15,22:29,맥주,1,5000
2025-11-15,22:29,하이볼,1,7000
2025-11-15,22:31,맥주,1,5000
2025-11-15,22:31,닭발,1,18000
2025-11-15,22:33,소주,1,5000
2025-11-15,22:34,소주,1,5000
2025-11-15,22:34,하이볼,1,7000
2025-11-15,22:35,소주,1,5000
2025-11-15,22:35,계란찜,1,7000
2025-11-15,22:37,맥주,1,5000
2025-11-15,22:37,맥주,1,5000
2025-11-15,22:37,닭발,1,18000
2025-11-15,22:41,계란찜,1,7000
2025-11-15,22:42,소주,1,5000
2025-11-15,22:43,계란찜,1,7000
2025-11-15,22:44,소주,1,5000
2025-11-15,22:44,김치전,1,15000
2025-11-15,22:45,맥주,1,5000
2025-11-15,22:46,오돌뼈,1,17000
2025-11-15,22:49,김치전,1,15000
2025-11-15,22:49,계란찜,1,7000
2025-11-15,22:58,소주,1,5000
2025-11-15,22:58,소주,1,5000
2025-11-15,22:58,소주,1,5000
2025-11-15,22:59,닭발,1,18000
2025-11-15,23:04,오돌뼈,1,17000
2025-11-15,23:05,맥주,1,5000
2025-11-15,23:09,닭발,1,18000
2025-11-15,23:10,소주,1,5000
2025-11-15,23:14,소주,1,5000
2025-11-15,23:15,계란찜,1,7000
2025-11-15,23:16,김치전,1,15000
2025-11-15,23:25,맥주,1,5000
2025-11-15,23:25,닭발,1,18000
2025-11-15,23:35,하이볼,1,7000
2025-11-15,23:50,맥주,1,5000
2025-11-15,23:50,맥주,1,5000
2025-11-16,18:42,닭발,1,18000
2025-11-16,19:28,맥주,1,5000
2025-11-16,20:24,소주,1,5000
2025-11-16,20:28,오돌뼈,1,17000
2025-11-16,20:37,오돌뼈,1,17000
2025-11-16,20:40,맥주,1,5000
2025-11-16,20:42,맥주,1,5000
2025-11-16,20:43,맥주,1,5000
2025-11-16,20:45,맥주,1,5000
2025-11-16,20:45,김치전,1,15000
2025-11-16,20:47,오돌뼈,1,17000
2025-11-16,20:48,닭발,1,18000
2025-11-16,20:52,닭발,1,18000
2025-11-16,20:54,하이볼,1,7000
2025-11-16,20:56,소주,1,5000
2025-11-16,20:58,소주,1,5000
2025-11-16,21:02,계란찜,1,7000
2025-11-16,21:06,맥주,1,5000
2025-11-16,21:10,하이볼,1,7000
2025-11-16,21:17,닭발,1,18000
2025-11-16,21:21,하이볼,1,7000
2025-11-16,21:21,계란찜,1,7000
2025-11-16,21:23,오돌뼈,1,17000
2025-11-16,21:25,소주,1,5000
2025-11-16,21:25,계란찜,1,7000
2025-11-16,21:30,닭발,1,18000
2025-11-16,21:31,닭발,1,18000
2025-11-16,21:35,오돌뼈,1,17000
2025-11-16,21:38,소주,1,5000
2025-11-16,21:41,소주,1,5000
2025-11-16,21:47,하이볼,1,7000
2025-11-16,21:57,닭발,1,18000
2025-11-16,21:57,김치전,1,15000
2025-11-16,21:58,하이볼,1,7000
2025-11-16,21:59,계란찜,1,7000
2025-11-16,22:03,소주,1,5000
2025-11-16,22:05,맥주,1,5000
2025-11-16,22:06,소주,1,5000
2025-11-16,22:13,소주,1,5000
2025-11-16,22:17,닭발,1,18000
2025-11-16,22:20,오돌뼈,1,17000
2025-11-16,22:33,김치전,1,15000
2025-11-16,22:44,닭발,1,18000
2025-11-16,22:46,하이볼,1,7000
2025-11-16,22:51,계란찜,1,7000
2025-11-16,23:10,닭발,1,18000
2025-11-16,23:11,소주,1,5000
2025-11-16,23:50,맥주,1,5000
2025-11-17,19:42,닭발,1,18000
2025-11-17,19:45,맥주,1,5000
2025-11-17,19:51,오돌뼈,1,17000
2025-11-17,20:06,닭발,1,18000
2025-11-17,20:08,김치전,1,15000
2025-11-17,20:09,오돌뼈,1,17000
2025-11-17,20:11,소주,1,5000
2025-11-17,20:11,김치전,1,15000
2025-11-17,20:14,맥주,1,5000
2025-11-17,20:15,닭발,1,18000
2025-11-17,20:19,하이볼,1,7000
2025-11-17,20:22,소주,1,5000
2025-11-17,20:24,계란찜,1,7000
2025-11-17,20:26,하이볼,1,7000
2025-11-17,20:27,맥주,1,5000
2025-11-17,20:29,하이볼,1,7000
2025-11-17,20:30,소주,1,5000
2025-11-17,20:37,맥주,1,5000
2025-11-17,20:45,소주,1,5000
2025-11-17,20:51,소주,1,5000
2025-11-17,20:51,계란찜,1,7000
2025-11-17,20:53,소주,1,5000
2025-11-17,20:53,닭발,1,18000
2025-11-17,21:03,하이볼,1,7000
2025-11-17,21:08,맥주,1,5000
2025-11-17,21:17,소주,1,5000
2025-11-17,21:27,맥주,1,5000
2025-11-17,21:31,맥주,1,5000
2025-11-17,21:35,소주,1,5000
2025-11-17,21:37,소주,1,5000
2025-11-17,21:38,닭발,1,18000
2025-11-17,21:42,김치전,1,15000
2025-11-17,21:44,김치전,1,15000
2025-11-17,21:45,소주,1,5000
2025-11-17,21:46,소주,1,5000
2025-11-17,21:48,오돌뼈,1,17000
2025-11-17,21:48,계란찜,1,7000
2025-11-17,21:49,닭발,1,18000
2025-11-17,21:56,소주,1,5000
2025-11-17,21:56,닭발,1,18000
2025-11-17,21:58,오돌뼈,1,17000
2025-11-17,22:04,맥주,1,5000
2025-11-17,22:05,맥주,1,5000
2025-11-17,22:05,하이볼,1,7000
2025-11-17,22:11,맥주,1,5000
2025-11-17,22:12,맥주,1,5000
2025-11-17,22:13,소주,1,5000
2025-11-17,22:17,오돌뼈,1,17000
2025-11-17,22:18,맥주,1,5000
2025-11-17,22:20,하이볼,1,7000
2025-11-17,22:21,계란찜,1,7000
2025-11-17,22:23,계란찜,1,7000
2025-11-17,22:24,계란찜,1,7000
2025-11-17,22:26,맥주,1,5000
2025-11-17,22:28,소주,1,5000
2025-11-17,22:29,소주,1,5000
2025-11-17,22:29,김치전,1,15000
2025-11-17,22:30,소주,1,5000
2025-11-17,22:40,오돌뼈,1,17000
2025-11-17,22:43,김치전,1,15000
2025-11-17,22:46,맥주,1,5000
2025-11-17,22:55,닭발,1,18000
2025-11-17,22:56,김치전,1,15000
2025-11-17,22:59,오돌뼈,1,17000
2025-11-17,23:06,오돌뼈,1,17000
2025-11-17,23:08,오돌뼈,1,17000
2025-11-17,23:24,소주,1,5000
2025-11-17,23:50,계란찜,1,7000
2025-11-18,19:16,소주,1,5000
2025-11-18,19:28,하이볼,1,7000
2025-11-18,19:34,오돌뼈,1,17000
2025-11-18,19:43,하이볼,1,7000
2025-11-18,19:43,하이볼,1,7000
2025-11-18,19:44,맥주,1,5000
2025-11-18,19:45,맥주,1,5000
2025-11-18,19:48,김치전,1,15000
2025-11-18,19:58,맥주,1,5000
2025-11-18,19:58,오돌뼈,1,17000
2025-11-18,19:59,소주,1,5000
2025-11-18,19:59,계란찜,1,7000
2025-11-18,20:01,소주,1,5000
2025-11-18,20:01,맥주,1,5000
2025-11-18,20:13,닭발,1,18000
2025-11-18,20:21,소주,1,5000
2025-11-18,20:21,하이볼,1,7000
2025-11-18,20:25,김치전,1,15000
2025-11-18,20:29,맥주,1,5000
2025-11-18,20:30,맥주,1,5000
2025-11-18,20:30,김치전,1,15000
2025-11-18,20:35,닭발,1,18000
2025-11-18,20:35,김치전,1,15000
2025-11-18,20:40,소주,1,5000
2025-11-18,20:47,하이볼,1,7000
2025-11-18,20:47,닭발,1,18000
2025-11-18,20:50,맥주,1,5000
2025-11-18,20:55,닭발,1,18000
2025-11-18,21:01,소주,1,5000
2025-11-18,21:01,하이볼,1,7000
2025-11-18,21:03,오돌뼈,1,17000
2025-11-18,21:04,닭발,1,18000
2025-11-18,21:04,김치전,1,15000
2025-11-18,21:05,닭발,1,18000
2025-11-18,21:05,계란찜,1,7000
2025-11-18,21:09,소주,1,5000
2025-11-18,21:09,소주,1,5000
2025-11-18,21:10,맥주,1,5000
2025-11-18,21:12,오돌뼈,1,17000
2025-11-18,21:12,김치전,1,15000
2025-11-18,21:13,닭발,1,18000
2025-11-18,21:17,닭발,1,18000
2025-11-18,21:19,맥주,1,5000
2025-11-18,21:19,하이볼,1,7000
2025-11-18,21:21,소주,1,5000
2025-11-18,21:26,오돌뼈,1,17000
2025-11-18,21:29,오돌뼈,1,17000
2025-11-18,21:30,닭발,1,18000
2025-11-18,21:31,하이볼,1,7000
2025-11-18,21:33,오돌뼈,1,17000
2025-11-18,21:35,소주,1,5000
2025-11-18,21:35,닭발,1,18000
2025-11-18,21:36,계란찜,1,7000
2025-11-18,21:37,닭발,1,18000
2025-11-18,21:42,맥주,1,5000
2025-11-18,21:43,소주,1,5000
2025-11-18,21:45,소주,1,5000
2025-11-18,21:46,맥주,1,5000
2025-11-18,21:47,계란찜,1,7000
2025-11-18,21:49,소주,1,5000
2025-11-18,21:52,김치전,1,15000
2025-11-18,21:56,계란찜,1,7000
2025-11-18,21:58,김치전,1,15000
2025-11-18,22:01,하이볼,1,7000
2025-11-18,22:02,맥주,1,5000
2025-11-18,22:06,소주,1,5000
2025-11-18,22:11,맥주,1,5000
2025-11-18,22:12,소주,1,5000
2025-11-18,22:17,소주,1,5000
2025-11-18,22:20,맥주,1,5000
2025-11-18,22:20,오돌뼈,1,17000
2025-11-18,22:21,계란찜,1,7000
2025-11-18,22:28,하이볼,1,7000
2025-11-18,22:30,맥주,1,5000
2025-11-18,22:30,계란찜,1,7000
2025-11-18,22:39,소주,1,5000
2025-11-18,22:39,맥주,1,5000
2025-11-18,22:41,소주,1,5000
2025-11-18,22:47,소주,1,5000
2025-11-18,22:48,소주,1,5000
2025-11-18,22:51,소주,1,5000
2025-11-18,22:51,맥주,1,5000
2025-11-18,22:53,소주,1,5000
2025-11-18,22:56,맥주,1,5000
2025-11-18,23:02,닭발,1,18000
2025-11-18,23:07,계란찜,1,7000
2025-11-18,23:15,하이볼,1,7000
2025-11-18,23:16,소주,1,5000
2025-11-18,23:17,오돌뼈,1,17000
2025-11-18,23:20,닭발,1,18000
2025-11-18,23:28,맥주,1,5000
2025-11-19,19:13,하이볼,1,7000
2025-11-19,19:17,닭발,1,18000
2025-11-19,19:24,김치전,1,15000
2025-11-19,19:27,하이볼,1,7000
2025-11-19,19:27,김치전,1,15000
2025-11-19,19:35,오돌뼈,1,17000
2025-11-19,19:37,맥주,1,5000
2025-11-19,19:40,맥주,1,5000
2025-11-19,19:49,맥주,1,5000
2025-11-19,19:49,하이볼,1,7000
2025-11-19,19:50,맥주,1,5000
2025-11-19,19:54,닭발,1,18000
2025-11-19,20:00,하이볼,1,7000
2025-11-19,20:05,하이볼,1,7000
2025-11-19,20:13,하이볼,1,7000
2025-11-19,20:15,계란찜,1,7000
2025-11-19,20:18,계란찜,1,7000
2025-11-19,20:19,오돌뼈,1,17000
2025-11-19,20:20,맥주,1,5000
2025-11-19,20:25,닭발,1,18000
2025-11-19,20:26,오돌뼈,1,17000
2025-11-19,20:27,소주,1,5000
2025-11-19,20:27,오돌뼈,1,17000
2025-11-19,20:30,소주,1,5000
2025-11-19,20:35,맥주,1,5000
2025-11-19,20:35,김치전,1,15000
2025-11-19,20:36,김치전,1,15000
2025-11-19,20:37,맥주,1,5000
2025-11-19,20:39,소주,1,5000
2025-11-19,20:39,맥주,1,5000
2025-11-19,20:40,오돌뼈,1,17000
2025-11-19,20:42,하이볼,1,7000
2025-11-19,20:43,맥주,1,5000
2025-11-19,20:43,오돌뼈,1,17000
2025-11-19,20:44,김치전,1,15000
2025-11-19,20:50,소주,1,5000
2025-11-19,20:50,맥주,1,5000
2025-11-19,20:53,닭발,1,18000
2025-11-19,20:53,오돌뼈,1,17000
2025-11-19,20:54,소주,1,5000
2025-11-19,20:54,닭발,1,18000
2025-11-19,20:59,하이볼,1,7000
2025-11-19,21:00,계란찜,1,7000
2025-11-19,21:01,김치전,1,15000
2025-11-19,21:02,하이볼,1,7000
2025-11-19,21:02,오돌뼈,1,17000
2025-11-19,21:04,맥주,1,5000
2025-11-19,21:05,소주,1,5000
2025-11-19,21:06,소주,1,5000
2025-11-19,21:06,맥주,1,5000
2025-11-19,21:07,맥주,1,5000
2025-11-19,21:09,맥주,1,5000
2025-11-19,21:11,소주,1,5000
2025-11-19,21:11,닭발,1,18000
2025-11-19,21:14,맥주,1,5000
2025-11-19,21:14,계란찜,1,7000
2025-11-19,21:15,소주,1,5000
2025-11-19,21:15,맥주,1,5000
2025-11-19,21:15,계란찜,1,7000
2025-11-19,21:15,계란찜,1,7000
2025-11-19,21:16,오돌뼈,1,17000
2025-11-19,21:18,닭발,1,18000
2025-11-19,21:20,오돌뼈,1,17000
2025-11-19,21:23,소주,1,5000
2025-11-19,21:23,맥주,1,5000
2025-11-19,21:23,닭발,1,18000
2025-11-19,21:24,소주,1,5000
2025-11-19,21:24,오돌뼈,1,17000
2025-11-19,21:29,소주,1,5000
2025-11-19,21:29,하이볼,1,7000
2025-11-19,21:33,맥주,1,5000
2025-11-19,21:37,소주,1,5000
2025-11-19,21:37,닭발,1,18000
2025-11-19,21:40,소주,1,5000
2025-11-19,21:44,맥주,1,5000
2025-11-19,21:44,맥주,1,5000
2025-11-19,21:47,김치전,1,15000
2025-11-19,21:49,소주,1,5000
2025-11-19,21:49,계란찜,1,7000
2025-11-19,21:50,하이볼,1,7000
2025-11-19,21:51,오돌뼈,1,17000
2025-11-19,21:54,맥주,1,5000
2025-11-19,21:56,소주,1,5000
2025-11-19,21:57,소주,1,5000
2025-11-19,21:57,하이볼,1,7000
2025-11-19,21:59,맥주,1,5000
2025-11-19,22:00,맥주,1,5000
2025-11-19,22:00,닭발,1,18000
2025-11-19,22:00,김치전,1,15000
2025-11-19,22:03,닭발,1,18000
2025-11-19,22:03,닭발,1,18000
2025-11-19,22:04,맥주,1,5000
2025-11-19,22:11,김치전,1,15000
2025-11-19,22:18,소주,1,5000
2025-11-19,22:22,맥주,1,5000
2025-11-19,22:25,소주,1,5000
2025-11-19,22:27,소주,1,5000
2025-11-19,22:27,계란찜,1,7000
2025-11-19,22:29,오돌뼈,1,17000
2025-11-19,22:30,오돌뼈,1,17000
2025-11-19,22:30,오돌뼈,1,17000
2025-11-19,22:33,닭발,1,18000
2025-11-19,22:36,소주,1,5000
2025-11-19,22:37,소주,1,5000
2025-11-19,22:45,맥주,1,5000
2025-11-19,22:45,계란찜,1,7000
2025-11-19,22:48,계란찜,1,7000
2025-11-19,22:49,하이볼,1,7000
2025-11-19,22:50,김치전,1,15000
2025-11-19,22:52,소주,1,5000
2025-11-19,22:53,소주,1,5000
2025-11-19,22:53,맥주,1,5000
2025-11-19,22:55,닭발,1,18000
2025-11-19,22:56,하이볼,1,7000
2025-11-19,22:59,오돌뼈,1,17000
2025-11-19,23:00,소주,1,5000
2025-11-19,23:09,소주,1,5000
2025-11-19,23:10,소주,1,5000
2025-11-19,23:12,맥주,1,5000
2025-11-19,23:13,소주,1,5000
2025-11-19,23:14,소주,1,5000
2025-11-19,23:24,오돌뼈,1,17000
2025-11-19,23:41,닭발,1,18000
2025-11-19,23:50,소주,1,5000
2025-11-19,23:50,하이볼,1,7000
2025-11-19,23:50,김치전,1,15000
2025-11-20,18:44,하이볼,1,7000
2025-11-20,18:50,맥주,1,5000
2025-11-20,19:11,소주,1,5000
2025-11-20,19:17,닭발,1,18000
2025-11-20,19:25,오돌뼈,1,17000
2025-11-20,19:31,하이볼,1,7000
2025-11-20,19:40,하이볼,1,7000
2025-11-20,19:46,오돌뼈,1,17000
2025-11-20,19:48,오돌뼈,1,17000
2025-11-20,19:49,김치전,1,15000
2025-11-20,19:55,소주,1,5000
2025-11-20,20:00,소주,1,5000
2025-11-20,20:02,소주,1,5000
2025-11-20,20:04,닭발,1,18000
2025-11-20,20:07,김치전,1,15000
2025-11-20,20:10,하이볼,1,7000
2025-11-20,20:10,김치전,1,15000
2025-11-20,20:17,계란찜,1,7000
2025-11-20,20:18,소주,1,5000
2025-11-20,20:22,닭발,1,18000
2025-11-20,20:22,김치전,1,15000
2025-11-20,20:23,맥주,1,5000
2025-11-20,20:25,맥주,1,5000
2025-11-20,20:34,맥주,1,5000
2025-11-20,20:34,닭발,1,18000
2025-11-20,20:37,하이볼,1,7000
2025-11-20,20:38,소주,1,5000
2025-11-20,20:38,소주,1,5000
2025-11-20,20:38,김치전,1,15000
2025-11-20,20:39,닭발,1,18000
2025-11-20,20:45,김치전,1,15000
2025-11-20,20:46,소주,1,5000
2025-11-20,20:47,소주,1,5000
2025-11-20,20:47,소주,1,5000
2025-11-20,20:47,맥주,1,5000
2025-11-20,20:49,계란찜,1,7000
2025-11-20,20:51,오돌뼈,1,17000
2025-11-20,20:55,계란찜,1,7000
2025-11-20,20:58,하이볼,1,7000
2025-11-20,21:01,오돌뼈,1,17000
2025-11-20,21:03,닭발,1,18000
2025-11-20,21:03,오돌뼈,1,17000
2025-11-20,21:04,계란찜,1,7000
2025-11-20,21:05,계란찜,1,7000
2025-11-20,21:07,맥주,1,5000
2025-11-20,21:07,닭발,1,18000
2025-11-20,21:10,맥주,1,5000
2025-11-20,21:10,닭발,1,18000
2025-11-20,21:12,오돌뼈,1,17000
2025-11-20,21:16,소주,1,5000
2025-11-20,21:16,맥주,1,5000
2025-11-20,21:16,닭발,1,18000
2025-11-20,21:18,맥주,1,5000
2025-11-20,21:21,소주,1,5000
2025-11-20,21:23,소주,1,5000
2025-11-20,21:23,하이볼,1,7000
2025-11-20,21:24,소주,1,5000
2025-11-20,21:24,하이볼,1,7000
2025-11-20,21:26,소주,1,5000
2025-11-20,21:29,닭발,1,18000
2025-11-20,21:32,맥주,1,5000
2025-11-20,21:36,닭발,1,18000
2025-11-20,21:36,계란찜,1,7000
2025-11-20,21:37,오돌뼈,1,17000
2025-11-20,21:37,계란찜,1,7000
2025-11-20,21:39,하이볼,1,7000
2025-11-20,21:42,맥주,1,5000
2025-11-20,21:42,닭발,1,18000
2025-11-20,21:43,맥주,1,5000
2025-11-20,21:43,오돌뼈,1,17000
2025-11-20,21:43,계란찜,1,7000
2025-11-20,21:44,하이볼,1,7000
2025-11-20,21:44,닭발,1,18000
2025-11-20,21:45,맥주,1,5000
2025-11-20,21:45,계란찜,1,7000
2025-11-20,21:46,맥주,1,5000
2025-11-20,21:50,하이볼,1,7000
2025-11-20,21:52,소주,1,5000
2025-11-20,21:58,오돌뼈,1,17000
2025-11-20,22:00,소주,1,5000
2025-11-20,22:06,맥주,1,5000
2025-11-20,22:08,오돌뼈,1,17000
2025-11-20,22:11,맥주,1,5000
2025-11-20,22:12,소주,1,5000
2025-11-20,22:13,하이볼,1,7000
2025-11-20,22:13,닭발,1,18000
2025-11-20,22:16,맥주,1,5000
2025-11-20,22:16,계란찜,1,7000
2025-11-20,22:17,소주,1,5000
2025-11-20,22:19,오돌뼈,1,17000
2025-11-20,22:20,김치전,1,15000
2025-11-20,22:21,김치전,1,15000
2025-11-20,22:21,김치전,1,15000
2025-11-20,22:22,맥주,1,5000
2025-11-20,22:24,맥주,1,5000
2025-11-20,22:28,맥주,1,5000
2025-11-20,22:31,닭발,1,18000
2025-11-20,22:32,소주,1,5000
2025-11-20,22:35,맥주,1,5000
2025-11-20,22:37,하이볼,1,7000
2025-11-20,22:38,소주,1,5000
2025-11-20,22:39,소주,1,5000
2025-11-20,22:42,소주,1,5000
2025-11-20,22:44,맥주,1,5000
2025-11-20,22:49,맥주,1,5000
2025-11-20,22:54,오돌뼈,1,17000
2025-11-20,23:08,계란찜,1,7000
2025-11-20,23:09,소주,1,5000
2025-11-20,23:11,맥주,1,5000
2025-11-20,23:18,하이볼,1,7000
2025-11-20,23:21,김치전,1,15000
2025-11-20,23:26,김치전,1,15000
2025-11-20,23:35,닭발,1,18000
2025-11-20,23:37,소주,1,5000
2025-11-21,18:36,닭발,1,18000
2025-11-21,19:03,하이볼,1,7000
2025-11-21,19:16,오돌뼈,1,17000
2025-11-21,19:26,소주,1,5000
2025-11-21,19:27,맥주,1,5000
2025-11-21,19:40,맥주,1,5000
2025-11-21,19:53,소주,1,5000
2025-11-21,20:01,오돌뼈,1,17000
2025-11-21,20:08,소주,1,5000
2025-11-21,20:10,하이볼,1,7000
2025-11-21,20:13,맥주,1,5000
2025-11-21,20:15,맥주,1,5000
2025-11-21,20:15,계란찜,1,7000
2025-11-21,20:19,오돌뼈,1,17000
2025-11-21,20:21,소주,1,5000
2025-11-21,20:21,하이볼,1,7000
2025-11-21,20:22,맥주,1,5000
2025-11-21,20:25,소주,1,5000
2025-11-21,20:25,소주,1,5000
2025-11-21,20:25,맥주,1,5000
2025-11-21,20:26,계란찜,1,7000
2025-11-21,20:26,계란찜,1,7000
2025-11-21,20:28,소주,1,5000
2025-11-21,20:29,소주,1,5000
2025-11-21,20:33,김치전,1,15000
2025-11-21,20:35,소주,1,5000
2025-11-21,20:36,소주,1,5000
2025-11-21,20:36,김치전,1,15000
2025-11-21,20:36,계란찜,1,7000
2025-11-21,20:37,소주,1,5000
2025-11-21,20:38,닭발,1,18000
2025-11-21,20:39,닭발,1,18000
2025-11-21,20:40,하이볼,1,7000
2025-11-21,20:42,계란찜,1,7000
2025-11-21,20:43,오돌뼈,1,17000
2025-11-21,20:44,소주,1,5000
2025-11-21,20:46,하이볼,1,7000
2025-11-21,20:50,김치전,1,15000
2025-11-21,20:51,하이볼,1,7000
2025-11-21,20:52,맥주,1,5000
2025-11-21,20:54,소주,1,5000
2025-11-21,20:54,소주,1,5000
2025-11-21,20:57,김치전,1,15000
2025-11-21,20:58,하이볼,1,7000
2025-11-21,20:58,닭발,1,18000
2025-11-21,21:01,하이볼,1,7000
2025-11-21,21:02,소주,1,5000
2025-11-21,21:04,김치전,1,15000
2025-11-21,21:05,맥주,1,5000
2025-11-21,21:05,오돌뼈,1,17000
2025-11-21,21:07,소주,1,5000
2025-11-21,21:07,맥주,1,5000
2025-11-21,21:07,맥주,1,5000
2025-11-21,21:08,소주,1,5000
2025-11-21,21:08,맥주,1,5000
2025-11-21,21:09,소주,1,5000
2025-11-21,21:11,하이볼,1,7000
2025-11-21,21:11,오돌뼈,1,17000
2025-11-21,21:12,맥주,1,5000
2025-11-21,21:13,소주,1,5000
2025-11-21,21:14,닭발,1,18000
2025-11-21,21:14,오돌뼈,1,17000
2025-11-21,21:15,오돌뼈,1,17000
2025-11-21,21:17,하이볼,1,7000
2025-11-21,21:17,오돌뼈,1,17000
2025-11-21,21:19,맥주,1,5000
2025-11-21,21:19,김치전,1,15000
2025-11-21,21:20,소주,1,5000
2025-11-21,21:22,소주,1,5000
2025-11-21,21:22,맥주,1,5000
2025-11-21,21:23,소주,1,5000
2025-11-21,21:25,맥주,1,5000
2025-11-21,21:25,맥주,1,5000
2025-11-21,21:25,하이볼,1,7000
2025-11-21,21:25,김치전,1,15000
2025-11-21,21:26,맥주,1,5000
2025-11-21,21:27,맥주,1,5000
2025-11-21,21:29,오돌뼈,1,17000
2025-11-21,21:30,소주,1,5000
2025-11-21,21:32,김치전,1,15000
2025-11-21,21:36,하이볼,1,7000
2025-11-21,21:37,하이볼,1,7000
2025-11-21,21:37,닭발,1,18000
2025-11-21,21:37,오돌뼈,1,17000
2025-11-21,21:38,소주,1,5000
2025-11-21,21:38,소주,1,5000
2025-11-21,21:38,소주,1,5000
2025-11-21,21:39,계란찜,1,7000
2025-11-21,21:40,소주,1,5000
2025-11-21,21:40,오돌뼈,1,17000
2025-11-21,21:41,맥주,1,5000
2025-11-21,21:42,오돌뼈,1,17000
2025-11-21,21:43,김치전,1,15000
2025-11-21,21:45,소주,1,5000
2025-11-21,21:46,맥주,1,5000
2025-11-21,21:47,소주,1,5000
2025-11-21,21:47,소주,1,5000
2025-11-21,21:48,맥주,1,5000
2025-11-21,21:49,계란찜,1,7000
2025-11-21,21:52,오돌뼈,1,17000
2025-11-21,21:54,닭발,1,18000
2025-11-21,21:55,소주,1,5000
2025-11-21,21:56,계란찜,1,7000
2025-11-21,21:59,하이볼,1,7000
2025-11-21,21:59,닭발,1,18000
2025-11-21,22:00,오돌뼈,1,17000
2025-11-21,22:03,계란찜,1,7000
2025-11-21,22:04,하이볼,1,7000
2025-11-21,22:07,계란찜,1,7000
2025-11-21,22:08,소주,1,5000
2025-11-21,22:09,맥주,1,5000
2025-11-21,22:10,계란찜,1,7000
2025-11-21,22:11,김치전,1,15000
2025-11-21,22:12,김치전,1,15000
2025-11-21,22:14,맥주,1,5000
2025-11-21,22:14,하이볼,1,7000
2025-11-21,22:15,닭발,1,18000
2025-11-21,22:15,오돌뼈,1,17000
2025-11-21,22:19,맥주,1,5000
2025-11-21,22:24,소주,1,5000
2025-11-21,22:24,맥주,1,5000
2025-11-21,22:24,하이볼,1,7000
2025-11-21,22:25,맥주,1,5000
2025-11-21,22:25,하이볼,1,7000
2025-11-21,22:27,소주,1,5000
2025-11-21,22:27,김치전,1,15000
2025-11-21,22:28,맥주,1,5000
2025-11-21,22:31,닭발,1,18000
2025-11-21,22:33,맥주,1,5000
2025-11-21,22:33,닭발,1,18000
2025-11-21,22:34,오돌뼈,1,17000
2025-11-21,22:35,맥주,1,5000
2025-11-21,22:37,맥주,1,5000
2025-11-21,22:38,맥주,1,5000
2025-11-21,22:38,맥주,1,5000
2025-11-21,22:38,닭발,1,18000
2025-11-21,22:40,소주,1,5000
2025-11-21,22:41,닭발,1,18000
2025-11-21,22:44,닭발,1,18000
2025-11-21,22:47,소주,1,5000
2025-11-21,22:47,맥주,1,5000
2025-11-21,22:47,닭발,1,18000
2025-11-21,22:48,소주,1,5000
2025-11-21,22:49,맥주,1,5000
2025-11-21,22:49,닭발,1,18000
2025-11-21,22:50,계란찜,1,7000
2025-11-21,22:51,소주,1,5000
2025-11-21,22:54,맥주,1,5000
2025-11-21,22:59,오돌뼈,1,17000
2025-11-21,23:02,닭발,1,18000
2025-11-21,23:05,닭발,1,18000
2025-11-21,23:07,오돌뼈,1,17000
2025-11-21,23:08,닭발,1,18000
2025-11-21,23:22,오돌뼈,1,17000
2025-11-21,23:24,김치전,1,15000
2025-11-21,23:37,소주,1,5000
2025-11-21,23:38,계란찜,1,7000
2025-11-21,23:44,소주,1,5000
2025-11-21,23:46,하이볼,1,7000
2025-11-22,18:52,맥주,1,5000
2025-11-22,18:55,하이볼,1,7000
2025-11-22,19:05,김치전,1,15000
2025-11-22,19:26,계란찜,1,7000
2025-11-22,19:33,소주,1,5000
2025-11-22,19:37,맥주,1,5000
2025-11-22,19:38,계란찜,1,7000
2025-11-22,19:47,맥주,1,5000
2025-11-22,19:54,소주,1,5000
2025-11-22,20:05,맥주,1,5000
2025-11-22,20:06,맥주,1,5000
2025-11-22,20:09,계란찜,1,7000
2025-11-22,20:21,닭발,1,18000
2025-11-22,20:21,오돌뼈,1,17000
2025-11-22,20:23,김치전,1,15000
2025-11-22,20:26,소주,1,5000
2025-11-22,20:27,닭발,1,18000
2025-11-22,20:28,계란찜,1,7000
2025-11-22,20:31,계란찜,1,7000
2025-11-22,20:33,소주,1,5000
2025-11-22,20:33,하이볼,1,7000
2025-11-22,20:33,닭발,1,18000
2025-11-22,20:35,계란찜,1,7000
2025-11-22,20:36,소주,1,5000
2025-11-22,20:37,오돌뼈,1,17000
2025-11-22,20:38,김치전,1,15000
2025-11-22,20:40,맥주,1,5000
2025-11-22,20:40,계란찜,1,7000
2025-11-22,20:41,소주,1,5000
2025-11-22,20:41,오돌뼈,1,17000
2025-11-22,20:41,김치전,1,15000
2025-11-22,20:42,하이볼,1,7000
2025-11-22,20:42,계란찜,1,7000
2025-11-22,20:45,맥주,1,5000
2025-11-22,20:48,소주,1,5000
2025-11-22,20:48,맥주,1,5000
2025-11-22,20:50,김치전,1,15000
2025-11-22,20:55,소주,1,5000
2025-11-22,20:55,맥주,1,5000
2025-11-22,20:55,김치전,1,15000
2025-11-22,20:58,닭발,1,18000
2025-11-22,20:58,닭발,1,18000
2025-11-22,21:00,소주,1,5000
2025-11-22,21:00,하이볼,1,7000
2025-11-22,21:01,하이볼,1,7000
2025-11-22,21:02,김치전,1,15000
2025-11-22,21:03,닭발,1,18000
2025-11-22,21:04,소주,1,5000
2025-11-22,21:06,계란찜,1,7000
2025-11-22,21:08,소주,1,5000
2025-11-22,21:09,소주,1,5000
2025-11-22,21:10,하이볼,1,7000
2025-11-22,21:13,소주,1,5000
2025-11-22,21:13,맥주,1,5000
2025-11-22,21:16,맥주,1,5000
2025-11-22,21:17,소주,1,5000
2025-11-22,21:17,맥주,1,5000
2025-11-22,21:18,맥주,1,5000
2025-11-22,21:20,하이볼,1,7000
2025-11-22,21:20,하이볼,1,7000
2025-11-22,21:20,닭발,1,18000
2025-11-22,21:21,하이볼,1,7000
2025-11-22,21:22,하이볼,1,7000
2025-11-22,21:22,오돌뼈,1,17000
2025-11-22,21:24,맥주,1,5000
2025-11-22,21:26,닭발,1,18000
2025-11-22,21:27,닭발,1,18000
2025-11-22,21:30,소주,1,5000
2025-11-22,21:30,하이볼,1,7000
2025-11-22,21:31,하이볼,1,7000
2025-11-22,21:32,소주,1,5000
2025-11-22,21:36,닭발,1,18000
2025-11-22,21:37,오돌뼈,1,17000
2025-11-22,21:39,맥주,1,5000
2025-11-22,21:39,맥주,1,5000
2025-11-22,21:39,오돌뼈,1,17000
2025-11-22,21:40,맥주,1,5000
2025-11-22,21:44,소주,1,5000
2025-11-22,21:45,맥주,1,5000
2025-11-22,21:47,맥주,1,5000
2025-11-22,21:48,맥주,1,5000
2025-11-22,21:49,소주,1,5000
2025-11-22,21:50,소주,1,5000
2025-11-22,21:50,맥주,1,5000
2025-11-22,21:50,계란찜,1,7000
2025-11-22,21:54,소주,1,5000
2025-11-22,21:57,닭발,1,18000
2025-11-22,21:58,소주,1,5000
2025-11-22,21:59,맥주,1,5000
2025-11-22,22:00,김치전,1,15000
2025-11-22,22:02,소주,1,5000
2025-11-22,22:05,소주,1,5000
2025-11-22,22:06,소주,1,5000
2025-11-22,22:07,닭발,1,18000
2025-11-22,22:11,닭발,1,18000
2025-11-22,22:13,소주,1,5000
2025-11-22,22:13,닭발,1,18000
2025-11-22,22:13,오돌뼈,1,17000
2025-11-22,22:14,오돌뼈,1,17000
2025-11-22,22:15,맥주,1,5000
2025-11-22,22:15,하이볼,1,7000
2025-11-22,22:16,닭발,1,18000
2025-11-22,22:18,소주,1,5000
2025-11-22,22:18,오돌뼈,1,17000
2025-11-22,22:21,오돌뼈,1,17000
2025-11-22,22:21,오돌뼈,1,17000
2025-11-22,22:23,맥주,1,5000
2025-11-22,22:23,하이볼,1,7000
2025-11-22,22:24,닭발,1,18000
2025-11-22,22:25,맥주,1,5000
2025-11-22,22:25,하이볼,1,7000
2025-11-22,22:25,하이볼,1,7000
2025-11-22,22:26,맥주,1,5000
2025-11-22,22:27,소주,1,5000
2025-11-22,22:27,오돌뼈,1,17000
2025-11-22,22:27,김치전,1,15000
2025-11-22,22:33,계란찜,1,7000
2025-11-22,22:35,오돌뼈,1,17000
2025-11-22,22:45,소주,1,5000
2025-11-22,22:47,계란찜,1,7000
2025-11-22,22:48,닭발,1,18000
2025-11-22,22:49,맥주,1,5000
2025-11-22,22:53,맥주,1,5000
2025-11-22,22:59,소주,1,5000
2025-11-22,23:00,닭발,1,18000
2025-11-22,23:02,닭발,1,18000
2025-11-22,23:04,소주,1,5000
2025-11-22,23:04,맥주,1,5000
2025-11-22,23:10,맥주,1,5000
2025-11-22,23:11,소주,1,5000
2025-11-22,23:11,소주,1,5000
2025-11-22,23:25,오돌뼈,1,17000
2025-11-22,23:27,맥주,1,5000
2025-11-22,23:27,하이볼,1,7000
2025-11-22,23:35,오돌뼈,1,17000
2025-11-22,23:37,김치전,1,15000
2025-11-22,23:50,맥주,1,5000
2025-11-22,23:50,김치전,1,15000
2025-11-23,19:17,소주,1,5000
2025-11-23,19:25,소주,1,5000
2025-11-23,19:32,맥주,1,5000
2025-11-23,19:38,소주,1,5000
2025-11-23,19:42,김치전,1,15000
2025-11-23,19:57,하이볼,1,7000
2025-11-23,20:07,오돌뼈,1,17000
2025-11-23,20:08,소주,1,5000
2025-11-23,20:09,맥주,1,5000
2025-11-23,20:13,계란찜,1,7000
2025-11-23,20:15,맥주,1,5000
2025-11-23,20:21,소주,1,5000
2025-11-23,20:21,맥주,1,5000
2025-11-23,20:22,하이볼,1,7000
2025-11-23,20:24,소주,1,5000
2025-11-23,20:29,오돌뼈,1,17000
2025-11-23,20:37,김치전,1,15000
2025-11-23,20:37,계란찜,1,7000
2025-11-23,20:44,닭발,1,18000
2025-11-23,20:48,소주,1,5000
2025-11-23,20:48,닭발,1,18000
2025-11-23,20:57,소주,1,5000
2025-11-23,20:58,맥주,1,5000
2025-11-23,21:04,소주,1,5000
2025-11-23,21:05,소주,1,5000
2025-11-23,21:09,소주,1,5000
2025-11-23,21:09,하이볼,1,7000
2025-11-23,21:11,소주,1,5000
2025-11-23,21:12,오돌뼈,1,17000
2025-11-23,21:16,닭발,1,18000
2025-11-23,21:18,맥주,1,5000
2025-11-23,21:21,맥주,1,5000
2025-11-23,21:22,닭발,1,18000
2025-11-23,21:24,오돌뼈,1,17000
2025-11-23,21:26,닭발,1,18000
2025-11-23,21:27,계란찜,1,7000
2025-11-23,21:28,김치전,1,15000
2025-11-23,21:32,닭발,1,18000
2025-11-23,21:37,맥주,1,5000
2025-11-23,21:38,하이볼,1,7000
2025-11-23,21:39,맥주,1,5000
2025-11-23,21:41,소주,1,5000
2025-11-23,21:45,계란찜,1,7000
2025-11-23,21:46,맥주,1,5000
2025-11-23,21:55,맥주,1,5000
2025-11-23,21:57,김치전,1,15000
2025-11-23,21:58,소주,1,5000
2025-11-23,22:01,닭발,1,18000
2025-11-23,22:01,닭발,1,18000
2025-11-23,22:03,닭발,1,18000
2025-11-23,22:03,오돌뼈,1,17000
2025-11-23,22:04,소주,1,5000
2025-11-23,22:06,오돌뼈,1,17000
2025-11-23,22:09,소주,1,5000
2025-11-23,22:09,김치전,1,15000
2025-11-23,22:16,맥주,1,5000
2025-11-23,22:25,맥주,1,5000
2025-11-23,22:29,닭발,1,18000
2025-11-23,22:33,소주,1,5000
2025-11-23,22:38,계란찜,1,7000
2025-11-23,22:44,맥주,1,5000
2025-11-23,23:02,김치전,1,15000
2025-11-23,23:08,오돌뼈,1,17000
2025-11-23,23:18,오돌뼈,1,17000
2025-11-23,23:29,하이볼,1,7000
2025-11-23,23:41,김치전,1,15000
2025-11-23,23:50,계란찜,1,7000
2025-11-24,19:06,하이볼,1,7000
2025-11-24,19:09,맥주,1,5000
2025-11-24,19:28,맥주,1,5000
2025-11-24,19:52,맥주,1,5000
2025-11-24,19:54,하이볼,1,7000
2025-11-24,19:54,김치전,1,15000
2025-11-24,19:59,소주,1,5000
2025-11-24,20:14,김치전,1,15000
2025-11-24,20:16,오돌뼈,1,17000
2025-11-24,20:18,계란찜,1,7000
2025-11-24,20:26,하이볼,1,7000
2025-11-24,20:38,맥주,1,5000
2025-11-24,20:42,소주,1,5000
2025-11-24,20:42,오돌뼈,1,17000
2025-11-24,20:49,소주,1,5000
2025-11-24,20:51,닭발,1,18000
2025-11-24,20:54,소주,1,5000
2025-11-24,20:56,맥주,1,5000
2025-11-24,20:57,맥주,1,5000
2025-11-24,20:57,닭발,1,18000
2025-11-24,20:58,소주,1,5000
2025-11-24,21:01,계란찜,1,7000
2025-11-24,21:06,소주,1,5000
2025-11-24,21:09,하이볼,1,7000
2025-11-24,21:16,오돌뼈,1,17000
2025-11-24,21:17,오돌뼈,1,17000
2025-11-24,21:19,소주,1,5000
2025-11-24,21:19,소주,1,5000
2025-11-24,21:23,소주,1,5000
2025-11-24,21:25,소주,1,5000
2025-11-24,21:29,하이볼,1,7000
2025-11-24,21:33,맥주,1,5000
2025-11-24,21:33,하이볼,1,7000
2025-11-24,21:34,닭발,1,18000
2025-11-24,21:34,계란찜,1,7000
2025-11-24,21:36,소주,1,5000
2025-11-24,21:37,닭발,1,18000
2025-11-24,21:37,계란찜,1,7000
2025-11-24,21:43,소주,1,5000
2025-11-24,21:43,하이볼,1,7000
2025-11-24,21:43,닭발,1,18000
2025-11-24,21:45,김치전,1,15000
2025-11-24,21:47,맥주,1,5000
2025-11-24,21:47,닭발,1,18000
2025-11-24,21:51,계란찜,1,7000
2025-11-24,21:59,맥주,1,5000
2025-11-24,22:04,소주,1,5000
2025-11-24,22:07,맥주,1,5000
2025-11-24,22:09,하이볼,1,7000
2025-11-24,22:12,닭발,1,18000
2025-11-24,22:14,소주,1,5000
2025-11-24,22:14,김치전,1,15000
2025-11-24,22:16,하이볼,1,7000
2025-11-24,22:19,오돌뼈,1,17000
2025-11-24,22:21,맥주,1,5000
2025-11-24,22:27,소주,1,5000
2025-11-24,22:31,계란찜,1,7000
2025-11-24,22:33,하이볼,1,7000
2025-11-24,22:34,소주,1,5000
2025-11-24,22:40,오돌뼈,1,17000
2025-11-24,22:41,닭발,1,18000
2025-11-24,22:41,계란찜,1,7000
2025-11-24,22:42,맥주,1,5000
2025-11-24,22:51,소주,1,5000
2025-11-24,22:57,하이볼,1,7000
2025-11-24,22:57,하이볼,1,7000
2025-11-24,23:07,맥주,1,5000
2025-11-24,23:08,계란찜,1,7000
2025-11-24,23:18,김치전,1,15000
2025-11-24,23:50,맥주,1,5000
2025-11-25,19:08,소주,1,5000
2025-11-25,19:49,닭발,1,18000
2025-11-25,19:51,맥주,1,5000
2025-11-25,19:52,소주,1,5000
2025-11-25,20:00,소주,1,5000
2025-11-25,20:03,맥주,1,5000
2025-11-25,20:08,맥주,1,5000
2025-11-25,20:12,닭발,1,18000
2025-11-25,20:17,오돌뼈,1,17000
2025-11-25,20:19,김치전,1,15000
2025-11-25,20:23,맥주,1,5000
2025-11-25,20:25,소주,1,5000
2025-11-25,20:32,하이볼,1,7000
2025-11-25,20:32,오돌뼈,1,17000
2025-11-25,20:41,소주,1,5000
2025-11-25,20:42,오돌뼈,1,17000
2025-11-25,20:43,맥주,1,5000
2025-11-25,20:48,계란찜,1,7000
2025-11-25,20:50,하이볼,1,7000
2025-11-25,20:51,소주,1,5000
2025-11-25,20:51,맥주,1,5000
2025-11-25,20:54,하이볼,1,7000
2025-11-25,20:54,김치전,1,15000
2025-11-25,20:56,계란찜,1,7000
2025-11-25,20:59,닭발,1,18000
2025-11-25,21:03,소주,1,5000
2025-11-25,21:03,소주,1,5000
2025-11-25,21:05,하이볼,1,7000
2025-11-25,21:09,맥주,1,5000
2025-11-25,21:11,하이볼,1,7000
2025-11-25,21:15,소주,1,5000
2025-11-25,21:15,맥주,1,5000
2025-11-25,21:15,하이볼,1,7000
2025-11-25,21:16,닭발,1,18000
2025-11-25,21:17,오돌뼈,1,17000
2025-11-25,21:19,닭발,1,18000
2025-11-25,21:20,김치전,1,15000
2025-11-25,21:21,닭발,1,18000
2025-11-25,21:30,맥주,1,5000
2025-11-25,21:32,소주,1,5000
2025-11-25,21:33,닭발,1,18000
2025-11-25,21:33,계란찜,1,7000
2025-11-25,21:35,소주,1,5000
2025-11-25,21:36,맥주,1,5000
2025-11-25,21:36,닭발,1,18000
2025-11-25,21:40,김치전,1,15000
2025-11-25,21:43,계란찜,1,7000
2025-11-25,21:45,소주,1,5000
2025-11-25,21:49,소주,1,5000
2025-11-25,21:51,계란찜,1,7000
2025-11-25,21:52,하이볼,1,7000
2025-11-25,21:53,오돌뼈,1,17000
2025-11-25,21:54,김치전,1,15000
2025-11-25,21:57,맥주,1,5000
2025-11-25,21:58,오돌뼈,1,17000
2025-11-25,21:59,맥주,1,5000
2025-11-25,22:02,맥주,1,5000
2025-11-25,22:06,맥주,1,5000
2025-11-25,22:08,맥주,1,5000
2025-11-25,22:11,맥주,1,5000
2025-11-25,22:14,하이볼,1,7000
2025-11-25,22:15,소주,1,5000
2025-11-25,22:20,소주,1,5000
2025-11-25,22:21,맥주,1,5000
2025-11-25,22:22,소주,1,5000
2025-11-25,22:23,오돌뼈,1,17000
2025-11-25,22:27,소주,1,5000
2025-11-25,22:30,오돌뼈,1,17000
2025-11-25,22:32,하이볼,1,7000
2025-11-25,22:33,오돌뼈,1,17000
2025-11-25,22:35,오돌뼈,1,17000
2025-11-25,22:37,맥주,1,5000
2025-11-25,22:37,맥주,1,5000
2025-11-25,22:40,소주,1,5000
2025-11-25,22:45,김치전,1,15000
2025-11-25,22:46,하이볼,1,7000
2025-11-25,22:52,닭발,1,18000
2025-11-25,22:53,하이볼,1,7000
2025-11-25,22:53,계란찜,1,7000
2025-11-25,22:54,맥주,1,5000
2025-11-25,23:03,맥주,1,5000
2025-11-25,23:20,김치전,1,15000
2025-11-25,23:22,소주,1,5000
2025-11-25,23:34,닭발,1,18000
2025-11-25,23:35,닭발,1,18000
2025-11-25,23:35,오돌뼈,1,17000
2025-11-25,23:50,맥주,1,5000
2025-11-26,19:13,오돌뼈,1,17000
2025-11-26,19:17,하이볼,1,7000
2025-11-26,19:23,소주,1,5000
2025-11-26,19:23,맥주,1,5000
2025-11-26,19:28,소주,1,5000
2025-11-26,19:29,맥주,1,5000
2025-11-26,19:32,닭발,1,18000
2025-11-26,19:40,소주,1,5000
2025-11-26,19:49,하이볼,1,7000
2025-11-26,19:58,오돌뼈,1,17000
2025-11-26,20:00,맥주,1,5000
2025-11-26,20:12,소주,1,5000
2025-11-26,20:14,소주,1,5000
2025-11-26,20:14,맥주,1,5000
2025-11-26,20:15,하이볼,1,7000
2025-11-26,20:19,계란찜,1,7000
2025-11-26,20:21,소주,1,5000
2025-11-26,20:21,오돌뼈,1,17000
2025-11-26,20:23,계란찜,1,7000
2025-11-26,20:26,소주,1,5000
2025-11-26,20:28,소주,1,5000
2025-11-26,20:33,맥주,1,5000
2025-11-26,20:33,맥주,1,5000
2025-11-26,20:34,닭발,1,18000
2025-11-26,20:35,김치전,1,15000
2025-11-26,20:37,맥주,1,5000
2025-11-26,20:42,닭발,1,18000
2025-11-26,20:42,계란찜,1,7000
2025-11-26,20:43,닭발,1,18000
2025-11-26,20:44,소주,1,5000
2025-11-26,20:44,닭발,1,18000
2025-11-26,20:48,소주,1,5000
2025-11-26,20:49,맥주,1,5000
2025-11-26,20:51,하이볼,1,7000
2025-11-26,20:52,소주,1,5000
2025-11-26,20:54,오돌뼈,1,17000
2025-11-26,20:55,맥주,1,5000
2025-11-26,20:56,닭발,1,18000
2025-11-26,20:59,소주,1,5000
2025-11-26,21:00,맥주,1,5000
2025-11-26,21:00,계란찜,1,7000
2025-11-26,21:02,맥주,1,5000
2025-11-26,21:02,하이볼,1,7000
2025-11-26,21:03,오돌뼈,1,17000
2025-11-26,21:04,맥주,1,5000
2025-11-26,21:04,계란찜,1,7000
2025-11-26,21:06,김치전,1,15000
2025-11-26,21:07,소주,1,5000
2025-11-26,21:08,소주,1,5000
2025-11-26,21:10,맥주,1,5000
2025-11-26,21:10,오돌뼈,1,17000
2025-11-26,21:11,소주,1,5000
2025-11-26,21:11,맥주,1,5000
2025-11-26,21:13,소주,1,5000
2025-11-26,21:15,닭발,1,18000
2025-11-26,21:17,맥주,1,5000
2025-11-26,21:17,오돌뼈,1,17000
2025-11-26,21:20,계란찜,1,7000
2025-11-26,21:22,닭발,1,18000
2025-11-26,21:23,맥주,1,5000
2025-11-26,21:23,맥주,1,5000
2025-11-26,21:24,소주,1,5000
2025-11-26,21:24,김치전,1,15000
2025-11-26,21:27,소주,1,5000
2025-11-26,21:29,소주,1,5000
2025-11-26,21:30,계란찜,1,7000
2025-11-26,21:31,닭발,1,18000
2025-11-26,21:33,하이볼,1,7000
2025-11-26,21:33,계란찜,1,7000
2025-11-26,21:37,소주,1,5000
2025-11-26,21:38,맥주,1,5000
2025-11-26,21:38,오돌뼈,1,17000
2025-11-26,21:40,닭발,1,18000
2025-11-26,21:41,하이볼,1,7000
2025-11-26,21:45,하이볼,1,7000
2025-11-26,21:45,오돌뼈,1,17000
2025-11-26,21:47,소주,1,5000
2025-11-26,21:50,소주,1,5000
2025-11-26,21:50,닭발,1,18000
2025-11-26,21:51,맥주,1,5000
2025-11-26,21:52,오돌뼈,1,17000
2025-11-26,21:54,소주,1,5000
2025-11-26,21:59,김치전,1,15000
2025-11-26,22:01,오돌뼈,1,17000
2025-11-26,22:02,맥주,1,5000
2025-11-26,22:03,계란찜,1,7000
2025-11-26,22:05,김치전,1,15000
2025-11-26,22:06,맥주,1,5000
2025-11-26,22:06,하이볼,1,7000
2025-11-26,22:10,닭발,1,18000
2025-11-26,22:12,오돌뼈,1,17000
2025-11-26,22:13,하이볼,1,7000
2025-11-26,22:13,닭발,1,18000
2025-11-26,22:14,소주,1,5000
2025-11-26,22:15,하이볼,1,7000
2025-11-26,22:19,소주,1,5000
2025-11-26,22:22,맥주,1,5000
2025-11-26,22:28,닭발,1,18000
2025-11-26,22:33,닭발,1,18000
2025-11-26,22:35,맥주,1,5000
2025-11-26,22:35,닭발,1,18000
2025-11-26,22:35,김치전,1,15000
2025-11-26,22:40,하이볼,1,7000
2025-11-26,22:42,김치전,1,15000
2025-11-26,22:43,맥주,1,5000
2025-11-26,22:43,하이볼,1,7000
2025-11-26,22:47,소주,1,5000
2025-11-26,22:49,오돌뼈,1,17000
2025-11-26,22:49,오돌뼈,1,17000
2025-11-26,22:55,소주,1,5000
2025-11-26,23:03,계란찜,1,7000
2025-11-26,23:04,소주,1,5000
2025-11-26,23:05,소주,1,5000
2025-11-26,23:07,하이볼,1,7000
2025-11-26,23:07,계란찜,1,7000
2025-11-26,23:11,하이볼,1,7000
2025-11-26,23:13,맥주,1,5000
2025-11-26,23:18,김치전,1,15000
2025-11-26,23:21,소주,1,5000
2025-11-26,23:21,맥주,1,5000
2025-11-26,23:29,맥주,1,5000
2025-11-26,23:35,닭발,1,18000
2025-11-27,19:09,계란찜,1,7000
2025-11-27,19:21,하이볼,1,7000
2025-11-27,19:35,소주,1,5000
2025-11-27,19:41,오돌뼈,1,17000
2025-11-27,19:50,맥주,1,5000
2025-11-27,19:59,김치전,1,15000
2025-11-27,20:01,맥주,1,5000
2025-11-27,20:05,김치전,1,15000
2025-11-27,20:10,하이볼,1,7000
2025-11-27,20:12,닭발,1,18000
2025-11-27,20:16,맥주,1,5000
2025-11-27,20:16,닭발,1,18000
2025-11-27,20:19,맥주,1,5000
2025-11-27,20:24,닭발,1,18000
2025-11-27,20:31,맥주,1,5000
2025-11-27,20:31,오돌뼈,1,17000
2025-11-27,20:32,소주,1,5000
2025-11-27,20:38,김치전,1,15000
2025-11-27,20:45,오돌뼈,1,17000
2025-11-27,20:45,계란찜,1,7000
2025-11-27,20:50,닭발,1,18000
2025-11-27,20:53,맥주,1,5000
2025-11-27,21:01,맥주,1,5000
2025-11-27,21:02,오돌뼈,1,17000
2025-11-27,21:03,닭발,1,18000
2025-11-27,21:04,소주,1,5000
2025-11-27,21:04,하이볼,1,7000
2025-11-27,21:05,계란찜,1,7000
2025-11-27,21:09,닭발,1,18000
2025-11-27,21:10,하이볼,1,7000
2025-11-27,21:11,계란찜,1,7000
2025-11-27,21:12,맥주,1,5000
2025-11-27,21:14,소주,1,5000
2025-11-27,21:15,소주,1,5000
2025-11-27,21:15,맥주,1,5000
2025-11-27,21:18,하이볼,1,7000
2025-11-27,21:18,김치전,1,15000
2025-11-27,21:22,소주,1,5000
2025-11-27,21:22,소주,1,5000
2025-11-27,21:22,소주,1,5000
2025-11-27,21:23,계란찜,1,7000
2025-11-27,21:24,소주,1,5000
2025-11-27,21:24,계란찜,1,7000
2025-11-27,21:26,닭발,1,18000
2025-11-27,21:31,소주,1,5000
2025-11-27,21:32,닭발,1,18000
2025-11-27,21:33,김치전,1,15000
2025-11-27,21:36,소주,1,5000
2025-11-27,21:39,소주,1,5000
2025-11-27,21:42,김치전,1,15000
2025-11-27,21:44,소주,1,5000
2025-11-27,21:45,맥주,1,5000
2025-11-27,21:46,김치전,1,15000
2025-11-27,21:50,소주,1,5000
2025-11-27,21:52,맥주,1,5000
2025-11-27,21:54,맥주,1,5000
2025-11-27,21:55,소주,1,5000
2025-11-27,21:55,하이볼,1,7000
2025-11-27,21:56,소주,1,5000
2025-11-27,21:57,소주,1,5000
2025-11-27,21:57,맥주,1,5000
2025-11-27,21:58,하이볼,1,7000
2025-11-27,21:59,맥주,1,5000
2025-11-27,21:59,하이볼,1,7000
2025-11-27,21:59,김치전,1,15000
2025-11-27,22:01,하이볼,1,7000
2025-11-27,22:07,하이볼,1,7000
2025-11-27,22:07,닭발,1,18000
2025-11-27,22:08,닭발,1,18000
2025-11-27,22:09,소주,1,5000
2025-11-27,22:09,소주,1,5000
2025-11-27,22:09,하이볼,1,7000
2025-11-27,22:10,소주,1,5000
2025-11-27,22:11,계란찜,1,7000
2025-11-27,22:14,맥주,1,5000
2025-11-27,22:15,소주,1,5000
2025-11-27,22:18,맥주,1,5000
2025-11-27,22:18,하이볼,1,7000
2025-11-27,22:19,오돌뼈,1,17000
2025-11-27,22:20,소주,1,5000
2025-11-27,22:20,맥주,1,5000
2025-11-27,22:22,소주,1,5000
2025-11-27,22:23,소주,1,5000
2025-11-27,22:25,오돌뼈,1,17000
2025-11-27,22:25,계란찜,1,7000
2025-11-27,22:27,소주,1,5000
2025-11-27,22:27,맥주,1,5000
2025-11-27,22:28,맥주,1,5000
2025-11-27,22:31,맥주,1,5000
2025-11-27,22:31,맥주,1,5000
2025-11-27,22:32,소주,1,5000
2025-11-27,22:34,오돌뼈,1,17000
2025-11-27,22:36,소주,1,5000
2025-11-27,22:37,김치전,1,15000
2025-11-27,22:38,하이볼,1,7000
2025-11-27,22:39,하이볼,1,7000
2025-11-27,22:40,소주,1,5000
2025-11-27,22:46,계란찜,1,7000
2025-11-27,22:48,닭발,1,18000
2025-11-27,22:49,맥주,1,5000
2025-11-27,22:55,닭발,1,18000
2025-11-27,22:56,김치전,1,15000
2025-11-27,22:59,맥주,1,5000
2025-11-27,23:02,맥주,1,5000
2025-11-27,23:02,계란찜,1,7000
2025-11-27,23:03,소주,1,5000
2025-11-27,23:05,닭발,1,18000
2025-11-27,23:10,하이볼,1,7000
2025-11-27,23:12,하이볼,1,7000
2025-11-27,23:14,오돌뼈,1,17000
2025-11-27,23:17,오돌뼈,1,17000
2025-11-27,23:20,소주,1,5000
2025-11-27,23:30,오돌뼈,1,17000
2025-11-27,23:33,맥주,1,5000
2025-11-27,23:33,닭발,1,18000
2025-11-27,23:41,닭발,1,18000
2025-11-27,23:50,맥주,1,5000
2025-11-28,19:16,하이볼,1,7000
2025-11-28,19:19,하이볼,1,7000
2025-11-28,19:27,닭발,1,18000
2025-11-28,19:28,오돌뼈,1,17000
2025-11-28,19:46,소주,1,5000
2025-11-28,19:51,오돌뼈,1,17000
2025-11-28,19:53,오돌뼈,1,17000
2025-11-28,19:56,닭발,1,18000
2025-11-28,19:57,하이볼,1,7000
2025-11-28,20:01,계란찜,1,7000
2025-11-28,20:03,하이볼,1,7000
2025-11-28,20:05,오돌뼈,1,17000
2025-11-28,20:07,맥주,1,5000
2025-11-28,20:09,맥주,1,5000
2025-11-28,20:10,오돌뼈,1,17000
2025-11-28,20:12,소주,1,5000
2025-11-28,20:14,맥주,1,5000
2025-11-28,20:15,맥주,1,5000
2025-11-28,20:20,하이볼,1,7000
2025-11-28,20:21,김치전,1,15000
2025-11-28,20:25,소주,1,5000
2025-11-28,20:25,하이볼,1,7000
2025-11-28,20:30,닭발,1,18000
2025-11-28,20:31,맥주,1,5000
2025-11-28,20:31,하이볼,1,7000
2025-11-28,20:31,오돌뼈,1,17000
2025-11-28,20:32,소주,1,5000
2025-11-28,20:33,닭발,1,18000
2025-11-28,20:35,오돌뼈,1,17000
2025-11-28,20:38,김치전,1,15000
2025-11-28,20:39,맥주,1,5000
2025-11-28,20:42,맥주,1,5000
2025-11-28,20:43,소주,1,5000
2025-11-28,20:45,맥주,1,5000
2025-11-28,20:46,소주,1,5000
2025-11-28,20:48,소주,1,5000
2025-11-28,20:48,소주,1,5000
2025-11-28,20:48,닭발,1,18000
2025-11-28,20:48,닭발,1,18000
2025-11-28,20:49,소주,1,5000
2025-11-28,20:51,소주,1,5000
2025-11-28,20:51,하이볼,1,7000
2025-11-28,20:53,맥주,1,5000
2025-11-28,20:56,소주,1,5000
2025-11-28,20:57,하이볼,1,7000
2025-11-28,20:58,계란찜,1,7000
2025-11-28,20:59,소주,1,5000
2025-11-28,20:59,닭발,1,18000
2025-11-28,21:00,계란찜,1,7000
2025-11-28,21:03,맥주,1,5000
2025-11-28,21:03,하이볼,1,7000
2025-11-28,21:05,계란찜,1,7000
2025-11-28,21:06,오돌뼈,1,17000
2025-11-28,21:10,계란찜,1,7000
2025-11-28,21:11,소주,1,5000
2025-11-28,21:12,김치전,1,15000
2025-11-28,21:12,김치전,1,15000
2025-11-28,21:13,닭발,1,18000
2025-11-28,21:14,소주,1,5000
2025-11-28,21:15,닭발,1,18000
2025-11-28,21:15,닭발,1,18000
2025-11-28,21:16,맥주,1,5000
2025-11-28,21:16,맥주,1,5000
2025-11-28,21:17,소주,1,5000
2025-11-28,21:18,맥주,1,5000
2025-11-28,21:18,닭발,1,18000
2025-11-28,21:20,맥주,1,5000
2025-11-28,21:22,소주,1,5000
2025-11-28,21:23,소주,1,5000
2025-11-28,21:24,닭발,1,18000
2025-11-28,21:24,닭발,1,18000
2025-11-28,21:25,맥주,1,5000
2025-11-28,21:28,맥주,1,5000
2025-11-28,21:28,닭발,1,18000
2025-11-28,21:29,닭발,1,18000
2025-11-28,21:34,맥주,1,5000
2025-11-28,21:34,오돌뼈,1,17000
2025-11-28,21:35,맥주,1,5000
2025-11-28,21:35,맥주,1,5000
2025-11-28,21:36,소주,1,5000
2025-11-28,21:37,맥주,1,5000
2025-11-28,21:39,소주,1,5000
2025-11-28,21:39,오돌뼈,1,17000
2025-11-28,21:40,소주,1,5000
2025-11-28,21:40,맥주,1,5000
2025-11-28,21:41,맥주,1,5000
2025-11-28,21:42,소주,1,5000
2025-11-28,21:43,하이볼,1,7000
2025-11-28,21:43,하이볼,1,7000
2025-11-28,21:44,닭발,1,18000
2025-11-28,21:45,소주,1,5000
2025-11-28,21:45,오돌뼈,1,17000
2025-11-28,21:49,계란찜,1,7000
2025-11-28,21:54,닭발,1,18000
2025-11-28,21:56,맥주,1,5000
2025-11-28,21:59,오돌뼈,1,17000
2025-11-28,22:00,소주,1,5000
2025-11-28,22:01,하이볼,1,7000
2025-11-28,22:04,계란찜,1,7000
2025-11-28,22:07,계란찜,1,7000
2025-11-28,22:10,소주,1,5000
2025-11-28,22:11,하이볼,1,7000
2025-11-28,22:12,김치전,1,15000
2025-11-28,22:13,하이볼,1,7000
2025-11-28,22:21,맥주,1,5000
2025-11-28,22:22,김치전,1,15000
2025-11-28,22:25,소주,1,5000
2025-11-28,22:28,오돌뼈,1,17000
2025-11-28,22:32,소주,1,5000
2025-11-28,22:32,소주,1,5000
2025-11-28,22:35,소주,1,5000
2025-11-28,22:36,맥주,1,5000
2025-11-28,22:37,소주,1,5000
2025-11-28,22:40,오돌뼈,1,17000
2025-11-28,22:41,하이볼,1,7000
2025-11-28,22:44,맥주,1,5000
2025-11-28,22:44,닭발,1,18000
2025-11-28,22:45,맥주,1,5000
2025-11-28,22:46,맥주,1,5000
2025-11-28,22:47,맥주,1,5000
2025-11-28,22:50,맥주,1,5000
2025-11-28,22:50,계란찜,1,7000
2025-11-28,22:51,소주,1,5000
2025-11-28,22:52,맥주,1,5000
2025-11-28,22:53,김치전,1,15000
2025-11-28,22:54,오돌뼈,1,17000
2025-11-28,23:00,닭발,1,18000
2025-11-28,23:00,김치전,1,15000
2025-11-28,23:03,오돌뼈,1,17000
2025-11-28,23:04,소주,1,5000
2025-11-28,23:06,소주,1,5000
2025-11-28,23:06,계란찜,1,7000
2025-11-28,23:09,닭발,1,18000
2025-11-28,23:15,맥주,1,5000
2025-11-28,23:16,하이볼,1,7000
2025-11-28,23:18,맥주,1,5000
2025-11-28,23:24,소주,1,5000
2025-11-28,23:30,김치전,1,15000
2025-11-28,23:32,김치전,1,15000
2025-11-28,23:50,소주,1,5000
2025-11-29,18:57,맥주,1,5000
2025-11-29,19:07,닭발,1,18000
2025-11-29,19:24,오돌뼈,1,17000
2025-11-29,19:37,하이볼,1,7000
2025-11-29,19:39,오돌뼈,1,17000
2025-11-29,19:42,오돌뼈,1,17000
2025-11-29,19:59,하이볼,1,7000
2025-11-29,20:02,하이볼,1,7000
2025-11-29,20:04,김치전,1,15000
2025-11-29,20:08,닭발,1,18000
2025-11-29,20:08,계란찜,1,7000
2025-11-29,20:11,오돌뼈,1,17000
2025-11-29,20:15,소주,1,5000
2025-11-29,20:16,소주,1,5000
2025-11-29,20:20,맥주,1,5000
2025-11-29,20:21,김치전,1,15000
2025-11-29,20:25,하이볼,1,7000
2025-11-29,20:26,소주,1,5000
2025-11-29,20:27,소주,1,5000
2025-11-29,20:31,소주,1,5000
2025-11-29,20:33,하이볼,1,7000
2025-11-29,20:36,소주,1,5000
2025-11-29,20:36,맥주,1,5000
2025-11-29,20:36,하이볼,1,7000
2025-11-29,20:36,닭발,1,18000
2025-11-29,20:38,소주,1,5000
2025-11-29,20:38,오돌뼈,1,17000
2025-11-29,20:41,맥주,1,5000
2025-11-29,20:41,닭발,1,18000
2025-11-29,20:44,김치전,1,15000
2025-11-29,20:45,소주,1,5000
2025-11-29,20:45,맥주,1,5000
2025-11-29,20:46,계란찜,1,7000
2025-11-29,20:52,닭발,1,18000
2025-11-29,20:53,닭발,1,18000
2025-11-29,20:55,계란찜,1,7000
2025-11-29,20:58,소주,1,5000
2025-11-29,20:59,소주,1,5000
2025-11-29,21:00,김치전,1,15000
2025-11-29,21:02,소주,1,5000
2025-11-29,21:02,계란찜,1,7000
2025-11-29,21:03,소주,1,5000
2025-11-29,21:05,맥주,1,5000
2025-11-29,21:09,소주,1,5000
2025-11-29,21:10,소주,1,5000
2025-11-29,21:12,오돌뼈,1,17000
2025-11-29,21:14,소주,1,5000
2025-11-29,21:15,맥주,1,5000
2025-11-29,21:18,닭발,1,18000
2025-11-29,21:18,계란찜,1,7000
2025-11-29,21:19,맥주,1,5000
2025-11-29,21:23,맥주,1,5000
2025-11-29,21:23,오돌뼈,1,17000
2025-11-29,21:24,소주,1,5000
2025-11-29,21:25,소주,1,5000
2025-11-29,21:25,소주,1,5000
2025-11-29,21:25,하이볼,1,7000
2025-11-29,21:25,닭발,1,18000
2025-11-29,21:27,맥주,1,5000
2025-11-29,21:28,소주,1,5000
2025-11-29,21:28,소주,1,5000
2025-11-29,21:29,닭발,1,18000
2025-11-29,21:31,소주,1,5000
2025-11-29,21:37,계란찜,1,7000
2025-11-29,21:38,맥주,1,5000
2025-11-29,21:38,맥주,1,5000
2025-11-29,21:38,오돌뼈,1,17000
2025-11-29,21:40,닭발,1,18000
2025-11-29,21:43,김치전,1,15000
2025-11-29,21:45,김치전,1,15000
2025-11-29,21:46,오돌뼈,1,17000
2025-11-29,21:47,맥주,1,5000
2025-11-29,21:47,닭발,1,18000
2025-11-29,21:47,오돌뼈,1,17000
2025-11-29,21:50,소주,1,5000
2025-11-29,21:50,오돌뼈,1,17000
2025-11-29,21:52,계란찜,1,7000
2025-11-29,21:54,맥주,1,5000
2025-11-29,21:57,소주,1,5000
2025-11-29,21:57,김치전,1,15000
2025-11-29,21:58,맥주,1,5000
2025-11-29,21:58,김치전,1,15000
2025-11-29,22:03,맥주,1,5000
2025-11-29,22:03,맥주,1,5000
2025-11-29,22:05,맥주,1,5000
2025-11-29,22:10,김치전,1,15000
2025-11-29,22:11,오돌뼈,1,17000
2025-11-29,22:13,맥주,1,5000
2025-11-29,22:13,맥주,1,5000
2025-11-29,22:14,김치전,1,15000
2025-11-29,22:16,소주,1,5000
2025-11-29,22:17,맥주,1,5000
2025-11-29,22:18,닭발,1,18000
2025-11-29,22:19,하이볼,1,7000
2025-11-29,22:22,맥주,1,5000
2025-11-29,22:23,소주,1,5000
2025-11-29,22:23,하이볼,1,7000
2025-11-29,22:25,소주,1,5000
2025-11-29,22:25,소주,1,5000
2025-11-29,22:25,하이볼,1,7000
2025-11-29,22:25,닭발,1,18000
2025-11-29,22:25,닭발,1,18000
2025-11-29,22:25,닭발,1,18000
2025-11-29,22:26,맥주,1,5000
2025-11-29,22:27,소주,1,5000
2025-11-29,22:27,김치전,1,15000
2025-11-29,22:30,소주,1,5000
2025-11-29,22:31,소주,1,5000
2025-11-29,22:32,소주,1,5000
2025-11-29,22:34,소주,1,5000
2025-11-29,22:35,계란찜,1,7000
2025-11-29,22:40,소주,1,5000
2025-11-29,22:45,맥주,1,5000
2025-11-29,22:47,하이볼,1,7000
2025-11-29,22:51,맥주,1,5000
2025-11-29,22:52,계란찜,1,7000
2025-11-29,22:53,오돌뼈,1,17000
2025-11-29,23:00,맥주,1,5000
2025-11-29,23:02,닭발,1,18000
2025-11-29,23:05,맥주,1,5000
2025-11-29,23:06,계란찜,1,7000
2025-11-29,23:09,하이볼,1,7000
2025-11-29,23:10,소주,1,5000
2025-11-29,23:13,하이볼,1,7000
2025-11-29,23:37,오돌뼈,1,17000
2025-11-29,23:50,맥주,1,5000
2025-11-29,23:50,하이볼,1,7000
2025-11-30,19:32,오돌뼈,1,17000
2025-11-30,19:33,오돌뼈,1,17000
2025-11-30,19:42,맥주,1,5000
2025-11-30,19:59,소주,1,5000
2025-11-30,20:01,닭발,1,18000
2025-11-30,20:08,오돌뼈,1,17000
2025-11-30,20:12,맥주,1,5000
2025-11-30,20:14,오돌뼈,1,17000
2025-11-30,20:16,맥주,1,5000
2025-11-30,20:16,닭발,1,18000
2025-11-30,20:18,김치전,1,15000
2025-11-30,20:24,맥주,1,5000
2025-11-30,20:27,소주,1,5000
2025-11-30,20:29,오돌뼈,1,17000
2025-11-30,20:33,계란찜,1,7000
2025-11-30,20:35,김치전,1,15000
2025-11-30,20:39,계란찜,1,7000
2025-11-30,20:50,닭발,1,18000
2025-11-30,20:51,하이볼,1,7000
2025-11-30,20:52,닭발,1,18000
2025-11-30,20:52,김치전,1,15000
2025-11-30,20:57,소주,1,5000
2025-11-30,20:58,하이볼,1,7000
2025-11-30,21:01,소주,1,5000
2025-11-30,21:02,하이볼,1,7000
2025-11-30,21:04,오돌뼈,1,17000
2025-11-30,21:06,소주,1,5000
2025-11-30,21:07,김치전,1,15000
2025-11-30,21:08,맥주,1,5000
2025-11-30,21:09,소주,1,5000
2025-11-30,21:10,하이볼,1,7000
2025-11-30,21:13,소주,1,5000
2025-11-30,21:16,닭발,1,18000
2025-11-30,21:21,소주,1,5000
2025-11-30,21:23,맥주,1,5000
2025-11-30,21:30,하이볼,1,7000
2025-11-30,21:32,맥주,1,5000
2025-11-30,21:38,맥주,1,5000
2025-11-30,21:38,맥주,1,5000
2025-11-30,21:47,맥주,1,5000
2025-11-30,21:52,소주,1,5000
2025-11-30,21:54,하이볼,1,7000
2025-11-30,22:00,맥주,1,5000
2025-11-30,22:06,계란찜,1,7000
2025-11-30,22:07,소주,1,5000
2025-11-30,22:09,소주,1,5000
2025-11-30,22:11,닭발,1,18000
2025-11-30,22:11,계란찜,1,7000
2025-11-30,22:12,맥주,1,5000
2025-11-30,22:14,닭발,1,18000
2025-11-30,22:16,닭발,1,18000
2025-11-30,22:17,닭발,1,18000
2025-11-30,22:18,오돌뼈,1,17000
2025-11-30,22:22,소주,1,5000
2025-11-30,22:23,소주,1,5000
2025-11-30,22:27,닭발,1,18000
2025-11-30,22:32,하이볼,1,7000
2025-11-30,22:34,소주,1,5000
2025-11-30,22:43,맥주,1,5000
2025-11-30,22:46,닭발,1,18000
2025-11-30,22:47,오돌뼈,1,17000
2025-11-30,22:49,하이볼,1,7000
2025-11-30,22:55,맥주,1,5000
2025-11-30,23:04,소주,1,5000
2025-11-30,23:05,소주,1,5000
2025-11-30,23:09,닭발,1,18000
2025-11-30,23:10,맥주,1,5000
2025-11-30,23:27,소주,1,5000
2025-11-30,23:29,오돌뼈,1,17000
2025-11-30,23:39,김치전,1,15000
2025-11-30,23:50,소주,1,5000
2025-11-30,23:50,하이볼,1,7000
2025-11-30,23:50,김치전,1,15000
2025-12-01,19:52,김치전,1,15000
2025-12-01,20:00,소주,1,5000
2025-12-01,20:05,하이볼,1,7000
2025-12-01,20:22,소주,1,5000
2025-12-01,20:33,소주,1,5000
2025-12-01,20:38,계란찜,1,7000
2025-12-01,20:57,닭발,1,18000
2025-12-01,20:59,소주,1,5000
2025-12-01,21:06,소주,1,5000
2025-12-01,21:17,닭발,1,18000
2025-12-01,21:21,맥주,1,5000
2025-12-01,21:25,오돌뼈,1,17000
2025-12-01,21:26,맥주,1,5000
2025-12-01,21:26,맥주,1,5000
2025-12-01,21:28,오돌뼈,1,17000
2025-12-01,21:41,맥주,1,5000
2025-12-01,21:42,오돌뼈,1,17000
2025-12-01,21:44,소주,1,5000
2025-12-01,21:45,맥주,1,5000
2025-12-01,21:47,오돌뼈,1,17000
2025-12-01,21:48,소주,1,5000
2025-12-01,21:51,맥주,1,5000
2025-12-01,21:55,닭발,1,18000
2025-12-01,21:55,오돌뼈,1,17000
2025-12-01,21:56,하이볼,1,7000
2025-12-01,21:57,소주,1,5000
2025-12-01,22:33,소주,1,5000
2025-12-01,22:41,맥주,1,5000
2025-12-01,22:42,하이볼,1,7000
2025-12-01,22:45,맥주,1,5000
2025-12-01,22:52,맥주,1,5000
2025-12-01,23:03,소주,1,5000
2025-12-01,23:10,맥주,1,5000
2025-12-01,23:11,닭발,1,18000
2025-12-01,23:39,소주,1,5000
2025-12-02,18:58,계란찜,1,7000
2025-12-02,19:29,닭발,1,18000
2025-12-02,19:35,닭발,1,18000
2025-12-02,19:39,닭발,1,18000
2025-12-02,19:47,소주,1,5000
2025-12-02,19:52,소주,1,5000
2025-12-02,20:00,김치전,1,15000
2025-12-02,20:02,소주,1,5000
2025-12-02,20:02,맥주,1,5000
2025-12-02,20:03,맥주,1,5000
2025-12-02,20:05,김치전,1,15000
2025-12-02,20:06,김치전,1,15000
2025-12-02,20:07,오돌뼈,1,17000
2025-12-02,20:14,김치전,1,15000
2025-12-02,20:17,맥주,1,5000
2025-12-02,20:18,소주,1,5000
2025-12-02,20:19,맥주,1,5000
2025-12-02,20:19,닭발,1,18000
2025-12-02,20:22,계란찜,1,7000
2025-12-02,20:23,소주,1,5000
2025-12-02,20:28,맥주,1,5000
2025-12-02,20:28,오돌뼈,1,17000
2025-12-02,20:28,계란찜,1,7000
2025-12-02,20:32,오돌뼈,1,17000
2025-12-02,20:40,맥주,1,5000
2025-12-02,20:40,맥주,1,5000
2025-12-02,20:41,맥주,1,5000
2025-12-02,20:41,닭발,1,18000
2025-12-02,20:50,맥주,1,5000
2025-12-02,20:51,닭발,1,18000
2025-12-02,20:55,오돌뼈,1,17000
2025-12-02,20:57,소주,1,5000
2025-12-02,21:04,소주,1,5000
2025-12-02,21:05,오돌뼈,1,17000
2025-12-02,21:07,소주,1,5000
2025-12-02,21:08,소주,1,5000
2025-12-02,21:09,소주,1,5000
2025-12-02,21:09,소주,1,5000
2025-12-02,21:17,닭발,1,18000
2025-12-02,21:17,오돌뼈,1,17000
2025-12-02,21:19,소주,1,5000
2025-12-02,21:19,하이볼,1,7000
2025-12-02,21:20,오돌뼈,1,17000
2025-12-02,21:22,맥주,1,5000
2025-12-02,21:24,닭발,1,18000
2025-12-02,21:30,닭발,1,18000
2025-12-02,21:30,계란찜,1,7000
2025-12-02,21:31,맥주,1,5000
2025-12-02,21:32,오돌뼈,1,17000
2025-12-02,21:34,맥주,1,5000
2025-12-02,21:34,하이볼,1,7000
2025-12-02,21:35,소주,1,5000
2025-12-02,21:35,하이볼,1,7000
2025-12-02,21:39,하이볼,1,7000
2025-12-02,21:46,계란찜,1,7000
2025-12-02,21:48,닭발,1,18000
2025-12-02,21:51,하이볼,1,7000
2025-12-02,21:55,계란찜,1,7000
2025-12-02,21:57,닭발,1,18000
2025-12-02,21:59,하이볼,1,7000
2025-12-02,22:08,맥주,1,5000
2025-12-02,22:12,맥주,1,5000
2025-12-02,22:12,하이볼,1,7000
2025-12-02,22:12,김치전,1,15000
2025-12-02,22:21,맥주,1,5000
2025-12-02,22:29,소주,1,5000
2025-12-02,22:29,하이볼,1,7000
2025-12-02,22:30,소주,1,5000
2025-12-02,22:32,맥주,1,5000
2025-12-02,22:38,소주,1,5000
2025-12-02,22:40,닭발,1,18000
2025-12-02,22:42,계란찜,1,7000
2025-12-02,22:44,소주,1,5000
2025-12-02,22:47,소주,1,5000
2025-12-02,22:51,하이볼,1,7000
2025-12-02,22:51,하이볼,1,7000
2025-12-02,22:58,계란찜,1,7000
2025-12-02,22:59,오돌뼈,1,17000
2025-12-02,23:11,김치전,1,15000
2025-12-02,23:34,계란찜,1,7000
2025-12-02,23:50,소주,1,5000
2025-12-03,19:07,오돌뼈,1,17000
2025-12-03,19:18,맥주,1,5000
2025-12-03,19:22,계란찜,1,7000
2025-12-03,19:37,닭발,1,18000
2025-12-03,19:59,맥주,1,5000
2025-12-03,20:03,김치전,1,15000
2025-12-03,20:09,소주,1,5000
2025-12-03,20:10,하이볼,1,7000
2025-12-03,20:12,소주,1,5000
2025-12-03,20:12,맥주,1,5000
2025-12-03,20:28,하이볼,1,7000
2025-12-03,20:30,소주,1,5000
2025-12-03,20:31,소주,1,5000
2025-12-03,20:35,하이볼,1,7000
2025-12-03,20:36,맥주,1,5000
2025-12-03,20:43,소주,1,5000
2025-12-03,20:43,계란찜,1,7000
2025-12-03,20:47,맥주,1,5000
2025-12-03,20:48,소주,1,5000
2025-12-03,20:52,맥주,1,5000
2025-12-03,20:52,맥주,1,5000
2025-12-03,20:54,소주,1,5000
2025-12-03,20:55,소주,1,5000
2025-12-03,20:58,맥주,1,5000
2025-12-03,21:00,하이볼,1,7000
2025-12-03,21:01,소주,1,5000
2025-12-03,21:01,오돌뼈,1,17000
2025-12-03,21:02,소주,1,5000
2025-12-03,21:02,맥주,1,5000
2025-12-03,21:04,하이볼,1,7000
2025-12-03,21:04,계란찜,1,7000
2025-12-03,21:05,오돌뼈,1,17000
2025-12-03,21:05,계란찜,1,7000
2025-12-03,21:10,하이볼,1,7000
2025-12-03,21:11,맥주,1,5000
2025-12-03,21:12,맥주,1,5000
2025-12-03,21:13,소주,1,5000
2025-12-03,21:15,소주,1,5000
2025-12-03,21:15,소주,1,5000
2025-12-03,21:22,소주,1,5000
2025-12-03,21:24,소주,1,5000
2025-12-03,21:25,김치전,1,15000
2025-12-03,21:26,소주,1,5000
2025-12-03,21:26,김치전,1,15000
2025-12-03,21:29,맥주,1,5000
2025-12-03,21:33,계란찜,1,7000
2025-12-03,21:35,닭발,1,18000
2025-12-03,21:36,닭발,1,18000
2025-12-03,21:38,소주,1,5000
2025-12-03,21:43,소주,1,5000
2025-12-03,21:45,소주,1,5000
2025-12-03,21:48,오돌뼈,1,17000
2025-12-03,21:50,하이볼,1,7000
2025-12-03,21:51,김치전,1,15000
2025-12-03,21:52,맥주,1,5000
2025-12-03,21:53,오돌뼈,1,17000
2025-12-03,21:57,소주,1,5000
2025-12-03,21:58,소주,1,5000
2025-12-03,22:00,맥주,1,5000
2025-12-03,22:08,맥주,1,5000
2025-12-03,22:11,소주,1,5000
2025-12-03,22:11,맥주,1,5000
2025-12-03,22:11,오돌뼈,1,17000
2025-12-03,22:12,소주,1,5000
2025-12-03,22:13,하이볼,1,7000
2025-12-03,22:15,계란찜,1,7000
2025-12-03,22:17,닭발,1,18000
2025-12-03,22:18,하이볼,1,7000
2025-12-03,22:22,하이볼,1,7000
2025-12-03,22:25,오돌뼈,1,17000
2025-12-03,22:32,하이볼,1,7000
2025-12-03,22:34,하이볼,1,7000
2025-12-03,22:36,닭발,1,18000
2025-12-03,22:36,오돌뼈,1,17000
2025-12-03,22:43,맥주,1,5000
2025-12-03,22:43,닭발,1,18000
2025-12-03,22:46,닭발,1,18000
2025-12-03,22:48,맥주,1,5000
2025-12-03,22:50,닭발,1,18000
2025-12-03,22:51,소주,1,5000
2025-12-03,22:53,맥주,1,5000
2025-12-03,22:59,오돌뼈,1,17000
2025-12-03,23:00,소주,1,5000
2025-12-03,23:05,닭발,1,18000
2025-12-03,23:13,김치전,1,15000
2025-12-03,23:27,계란찜,1,7000
2025-12-03,23:32,오돌뼈,1,17000
2025-12-03,23:46,맥주,1,5000
2025-12-04,18:49,닭발,1,18000
2025-12-04,19:13,김치전,1,15000
2025-12-04,19:19,계란찜,1,7000
2025-12-04,19:23,소주,1,5000
2025-12-04,19:24,맥주,1,5000
2025-12-04,19:39,소주,1,5000
2025-12-04,19:44,닭발,1,18000
2025-12-04,19:46,오돌뼈,1,17000
2025-12-04,19:49,닭발,1,18000
2025-12-04,19:50,소주,1,5000
2025-12-04,19:52,맥주,1,5000
2025-12-04,19:58,맥주,1,5000
2025-12-04,20:04,소주,1,5000
2025-12-04,20:04,닭발,1,18000
2025-12-04,20:06,맥주,1,5000
2025-12-04,20:09,소주,1,5000
2025-12-04,20:09,소주,1,5000
2025-12-04,20:16,오돌뼈,1,17000
2025-12-04,20:21,닭발,1,18000
2025-12-04,20:22,닭발,1,18000
2025-12-04,20:24,김치전,1,15000
2025-12-04,20:26,닭발,1,18000
2025-12-04,20:28,계란찜,1,7000
2025-12-04,20:36,소주,1,5000
2025-12-04,20:36,소주,1,5000
2025-12-04,20:37,맥주,1,5000
2025-12-04,20:38,소주,1,5000
2025-12-04,20:40,소주,1,5000
2025-12-04,20:42,맥주,1,5000
2025-12-04,20:42,하이볼,1,7000
2025-12-04,20:43,맥주,1,5000
2025-12-04,20:47,닭발,1,18000
2025-12-04,20:49,닭발,1,18000
2025-12-04,20:51,소주,1,5000
2025-12-04,20:51,소주,1,5000
2025-12-04,20:52,오돌뼈,1,17000
2025-12-04,20:53,맥주,1,5000
2025-12-04,20:55,맥주,1,5000
2025-12-04,20:55,오돌뼈,1,17000
2025-12-04,20:57,소주,1,5000
2025-12-04,20:59,맥주,1,5000
2025-12-04,21:01,맥주,1,5000
2025-12-04,21:03,김치전,1,15000
2025-12-04,21:03,계란찜,1,7000
2025-12-04,21:07,소주,1,5000
2025-12-04,21:10,오돌뼈,1,17000
2025-12-04,21:10,김치전,1,15000
2025-12-04,21:12,김치전,1,15000
2025-12-04,21:13,맥주,1,5000
2025-12-04,21:17,소주,1,5000
2025-12-04,21:25,맥주,1,5000
2025-12-04,21:25,맥주,1,5000
2025-12-04,21:28,하이볼,1,7000
2025-12-04,21:29,하이볼,1,7000
2025-12-04,21:30,소주,1,5000
2025-12-04,21:30,하이볼,1,7000
2025-12-04,21:30,오돌뼈,1,17000
2025-12-04,21:31,김치전,1,15000
2025-12-04,21:33,하이볼,1,7000
2025-12-04,21:34,오돌뼈,1,17000
2025-12-04,21:34,오돌뼈,1,17000
2025-12-04,21:34,김치전,1,15000
2025-12-04,21:35,소주,1,5000
2025-12-04,21:35,닭발,1,18000
2025-12-04,21:35,김치전,1,15000
2025-12-04,21:37,오돌뼈,1,17000
2025-12-04,21:38,소주,1,5000
2025-12-04,21:38,맥주,1,5000
2025-12-04,21:38,김치전,1,15000
2025-12-04,21:41,소주,1,5000
2025-12-04,21:43,하이볼,1,7000
2025-12-04,21:43,닭발,1,18000
2025-12-04,21:49,맥주,1,5000
2025-12-04,21:49,오돌뼈,1,17000
2025-12-04,21:50,맥주,1,5000
2025-12-04,21:52,소주,1,5000
2025-12-04,21:52,소주,1,5000
2025-12-04,21:54,계란찜,1,7000
2025-12-04,21:55,맥주,1,5000
2025-12-04,21:57,소주,1,5000
2025-12-04,21:57,소주,1,5000
2025-12-04,21:57,계란찜,1,7000
2025-12-04,22:00,닭발,1,18000
2025-12-04,22:01,하이볼,1,7000
2025-12-04,22:02,하이볼,1,7000
2025-12-04,22:05,계란찜,1,7000
2025-12-04,22:08,하이볼,1,7000
2025-12-04,22:12,소주,1,5000
2025-12-04,22:15,계란찜,1,7000
2025-12-04,22:18,오돌뼈,1,17000
2025-12-04,22:20,소주,1,5000
2025-12-04,22:20,맥주,1,5000
2025-12-04,22:21,하이볼,1,7000
2025-12-04,22:23,맥주,1,5000
2025-12-04,22:30,하이볼,1,7000
2025-12-04,22:36,맥주,1,5000
2025-12-04,22:56,맥주,1,5000
2025-12-04,22:57,계란찜,1,7000
2025-12-04,22:58,맥주,1,5000
2025-12-04,23:19,맥주,1,5000
2025-12-04,23:27,김치전,1,15000
2025-12-04,23:32,닭발,1,18000
2025-12-04,23:44,하이볼,1,7000
2025-12-05,19:11,맥주,1,5000
2025-12-05,19:28,맥주,1,5000
2025-12-05,19:34,소주,1,5000
2025-12-05,19:47,소주,1,5000
2025-12-05,19:49,소주,1,5000
2025-12-05,20:13,소주,1,5000
2025-12-05,20:14,소주,1,5000
2025-12-05,20:16,소주,1,5000
2025-12-05,20:16,맥주,1,5000
2025-12-05,20:21,맥주,1,5000
2025-12-05,20:32,오돌뼈,1,17000
2025-12-05,20:33,오돌뼈,1,17000
2025-12-05,20:33,계란찜,1,7000
2025-12-05,20:34,소주,1,5000
2025-12-05,20:34,소주,1,5000
2025-12-05,20:35,소주,1,5000
2025-12-05,20:38,오돌뼈,1,17000
2025-12-05,20:40,닭발,1,18000
2025-12-05,20:41,하이볼,1,7000
2025-12-05,20:42,오돌뼈,1,17000
2025-12-05,20:42,오돌뼈,1,17000
2025-12-05,20:42,김치전,1,15000
2025-12-05,20:44,맥주,1,5000
2025-12-05,20:46,계란찜,1,7000
2025-12-05,20:48,닭발,1,18000
2025-12-05,20:51,맥주,1,5000
2025-12-05,20:52,소주,1,5000
2025-12-05,20:52,김치전,1,15000
2025-12-05,20:52,김치전,1,15000
2025-12-05,20:53,맥주,1,5000
2025-12-05,20:57,소주,1,5000
2025-12-05,20:57,김치전,1,15000
2025-12-05,21:00,오돌뼈,1,17000
2025-12-05,21:01,하이볼,1,7000
2025-12-05,21:02,소주,1,5000
2025-12-05,21:04,맥주,1,5000
2025-12-05,21:05,소주,1,5000
2025-12-05,21:06,소주,1,5000
2025-12-05,21:09,맥주,1,5000
2025-12-05,21:10,맥주,1,5000
2025-12-05,21:10,닭발,1,18000
2025-12-05,21:11,소주,1,5000
2025-12-05,21:12,맥주,1,5000
2025-12-05,21:12,계란찜,1,7000
2025-12-05,21:12,계란찜,1,7000
2025-12-05,21:13,닭발,1,18000
2025-12-05,21:15,맥주,1,5000
2025-12-05,21:15,김치전,1,15000
2025-12-05,21:17,맥주,1,5000
2025-12-05,21:17,오돌뼈,1,17000
2025-12-05,21:20,계란찜,1,7000
2025-12-05,21:21,소주,1,5000
2025-12-05,21:21,맥주,1,5000
2025-12-05,21:22,하이볼,1,7000
2025-12-05,21:22,김치전,1,15000
2025-12-05,21:23,닭발,1,18000
2025-12-05,21:24,소주,1,5000
2025-12-05,21:24,오돌뼈,1,17000
2025-12-05,21:25,소주,1,5000
2025-12-05,21:25,닭발,1,18000
2025-12-05,21:27,소주,1,5000
2025-12-05,21:28,맥주,1,5000
2025-12-05,21:28,하이볼,1,7000
2025-12-05,21:30,닭발,1,18000
2025-12-05,21:32,닭발,1,18000
2025-12-05,21:33,하이볼,1,7000
2025-12-05,21:33,닭발,1,18000
2025-12-05,21:34,계란찜,1,7000
2025-12-05,21:35,맥주,1,5000
2025-12-05,21:35,닭발,1,18000
2025-12-05,21:38,김치전,1,15000
2025-12-05,21:38,계란찜,1,7000
2025-12-05,21:40,김치전,1,15000
2025-12-05,21:41,하이볼,1,7000
2025-12-05,21:42,맥주,1,5000
2025-12-05,21:43,계란찜,1,7000
2025-12-05,21:47,김치전,1,15000
2025-12-05,21:48,소주,1,5000
2025-12-05,21:48,맥주,1,5000
2025-12-05,21:52,소주,1,5000
2025-12-05,21:54,소주,1,5000
2025-12-05,21:55,소주,1,5000
2025-12-05,21:55,오돌뼈,1,17000
2025-12-05,21:56,김치전,1,15000
2025-12-05,21:57,김치전,1,15000
2025-12-05,21:58,소주,1,5000
2025-12-05,21:59,소주,1,5000
2025-12-05,22:01,맥주,1,5000
2025-12-05,22:01,하이볼,1,7000
2025-12-05,22:01,하이볼,1,7000
2025-12-05,22:03,닭발,1,18000
2025-12-05,22:04,소주,1,5000
2025-12-05,22:04,닭발,1,18000
2025-12-05,22:05,오돌뼈,1,17000
2025-12-05,22:09,맥주,1,5000
2025-12-05,22:10,소주,1,5000
2025-12-05,22:11,하이볼,1,7000
2025-12-05,22:11,계란찜,1,7000
2025-12-05,22:13,맥주,1,5000
2025-12-05,22:17,오돌뼈,1,17000
2025-12-05,22:20,닭발,1,18000
2025-12-05,22:22,하이볼,1,7000
2025-12-05,22:23,계란찜,1,7000
2025-12-05,22:24,소주,1,5000
2025-12-05,22:26,오돌뼈,1,17000
2025-12-05,22:27,하이볼,1,7000
2025-12-05,22:30,닭발,1,18000
2025-12-05,22:30,김치전,1,15000
2025-12-05,22:31,맥주,1,5000
2025-12-05,22:34,맥주,1,5000
2025-12-05,22:35,하이볼,1,7000
2025-12-05,22:35,오돌뼈,1,17000
2025-12-05,22:38,닭발,1,18000
2025-12-05,22:40,닭발,1,18000
2025-12-05,22:47,소주,1,5000
2025-12-05,22:48,소주,1,5000
2025-12-05,22:49,닭발,1,18000
2025-12-05,23:02,소주,1,5000
2025-12-05,23:04,오돌뼈,1,17000
2025-12-05,23:05,맥주,1,5000
2025-12-05,23:06,맥주,1,5000
2025-12-05,23:08,소주,1,5000
2025-12-05,23:12,하이볼,1,7000
2025-12-05,23:19,맥주,1,5000
2025-12-05,23:38,맥주,1,5000
2025-12-05,23:42,오돌뼈,1,17000
2025-12-05,23:50,소주,1,5000
2025-12-06,18:36,닭발,1,18000
2025-12-06,19:04,소주,1,5000
2025-12-06,19:29,맥주,1,5000
2025-12-06,19:39,소주,1,5000
2025-12-06,19:46,닭발,1,18000
2025-12-06,19:47,하이볼,1,7000
2025-12-06,19:53,소주,1,5000
2025-12-06,19:57,하이볼,1,7000
2025-12-06,20:08,소주,1,5000
2025-12-06,20:10,하이볼,1,7000
2025-12-06,20:15,닭발,1,18000
2025-12-06,20:21,소주,1,5000
2025-12-06,20:21,소주,1,5000
2025-12-06,20:21,김치전,1,15000
2025-12-06,20:21,김치전,1,15000
2025-12-06,20:23,소주,1,5000
2025-12-06,20:26,맥주,1,5000
2025-12-06,20:27,닭발,1,18000
2025-12-06,20:27,계란찜,1,7000
2025-12-06,20:29,소주,1,5000
2025-12-06,20:33,닭발,1,18000
2025-12-06,20:35,맥주,1,5000
2025-12-06,20:37,오돌뼈,1,17000
2025-12-06,20:38,닭발,1,18000
2025-12-06,20:40,맥주,1,5000
2025-12-06,20:42,맥주,1,5000
2025-12-06,20:43,계란찜,1,7000
2025-12-06,20:50,하이볼,1,7000
2025-12-06,20:52,김치전,1,15000
2025-12-06,20:53,닭발,1,18000
2025-12-06,20:55,소주,1,5000
2025-12-06,21:00,맥주,1,5000
2025-12-06,21:00,하이볼,1,7000
2025-12-06,21:00,김치전,1,15000
2025-12-06,21:07,소주,1,5000
2025-12-06,21:07,하이볼,1,7000
2025-12-06,21:08,소주,1,5000
2025-12-06,21:08,닭발,1,18000
2025-12-06,21:10,계란찜,1,7000
2025-12-06,21:12,맥주,1,5000
2025-12-06,21:12,맥주,1,5000
2025-12-06,21:12,오돌뼈,1,17000
2025-12-06,21:14,맥주,1,5000
2025-12-06,21:15,소주,1,5000
2025-12-06,21:16,하이볼,1,7000
2025-12-06,21:17,소주,1,5000
2025-12-06,21:19,맥주,1,5000
2025-12-06,21:21,계란찜,1,7000
2025-12-06,21:25,김치전,1,15000
2025-12-06,21:26,하이볼,1,7000
2025-12-06,21:29,계란찜,1,7000
2025-12-06,21:34,맥주,1,5000
2025-12-06,21:35,오돌뼈,1,17000
2025-12-06,21:35,계란찜,1,7000
2025-12-06,21:37,소주,1,5000
2025-12-06,21:38,하이볼,1,7000
2025-12-06,21:38,오돌뼈,1,17000
2025-12-06,21:39,닭발,1,18000
2025-12-06,21:41,계란찜,1,7000
2025-12-06,21:42,하이볼,1,7000
2025-12-06,21:43,오돌뼈,1,17000
2025-12-06,21:46,맥주,1,5000
2025-12-06,21:48,하이볼,1,7000
2025-12-06,21:48,닭발,1,18000
2025-12-06,21:49,오돌뼈,1,17000
2025-12-06,21:50,맥주,1,5000
2025-12-06,21:51,하이볼,1,7000
2025-12-06,21:52,맥주,1,5000
2025-12-06,21:53,닭발,1,18000
2025-12-06,21:55,오돌뼈,1,17000
2025-12-06,21:59,소주,1,5000
2025-12-06,21:59,닭발,1,18000
2025-12-06,22:01,오돌뼈,1,17000
2025-12-06,22:02,닭발,1,18000
2025-12-06,22:04,소주,1,5000
2025-12-06,22:04,닭발,1,18000
2025-12-06,22:05,소주,1,5000
2025-12-06,22:06,맥주,1,5000
2025-12-06,22:07,소주,1,5000
2025-12-06,22:08,소주,1,5000
2025-12-06,22:10,맥주,1,5000
2025-12-06,22:11,소주,1,5000
2025-12-06,22:11,김치전,1,15000
2025-12-06,22:14,김치전,1,15000
2025-12-06,22:16,계란찜,1,7000
2025-12-06,22:19,닭발,1,18000
2025-12-06,22:21,오돌뼈,1,17000
2025-12-06,22:23,맥주,1,5000
2025-12-06,22:25,소주,1,5000
2025-12-06,22:25,오돌뼈,1,17000
2025-12-06,22:26,소주,1,5000
2025-12-06,22:29,소주,1,5000
2025-12-06,22:30,맥주,1,5000
2025-12-06,22:31,소주,1,5000
2025-12-06,22:33,맥주,1,5000
2025-12-06,22:34,맥주,1,5000
2025-12-06,22:41,김치전,1,15000
2025-12-06,22:42,오돌뼈,1,17000
2025-12-06,22:42,김치전,1,15000
2025-12-06,22:48,하이볼,1,7000
2025-12-06,22:51,오돌뼈,1,17000
2025-12-06,22:52,맥주,1,5000
2025-12-06,22:52,닭발,1,18000
2025-12-06,22:55,소주,1,5000
2025-12-06,22:55,계란찜,1,7000
2025-12-06,23:03,소주,1,5000
2025-12-06,23:07,소주,1,5000
2025-12-06,23:12,소주,1,5000
2025-12-06,23:18,소주,1,5000
2025-12-06,23:25,하이볼,1,7000
2025-12-06,23:28,하이볼,1,7000
2025-12-06,23:40,오돌뼈,1,17000
2025-12-06,23:50,소주,1,5000
2025-12-06,23:50,하이볼,1,7000
2025-12-07,18:47,맥주,1,5000
2025-12-07,19:14,맥주,1,5000
2025-12-07,19:20,계란찜,1,7000
2025-12-07,19:21,소주,1,5000
2025-12-07,20:00,맥주,1,5000
2025-12-07,20:05,닭발,1,18000
2025-12-07,20:10,맥주,1,5000
2025-12-07,20:11,소주,1,5000
2025-12-07,20:20,닭발,1,18000
2025-12-07,20:25,닭발,1,18000
2025-12-07,20:27,맥주,1,5000
2025-12-07,20:28,맥주,1,5000
2025-12-07,20:31,소주,1,5000
2025-12-07,20:31,하이볼,1,7000
2025-12-07,20:45,맥주,1,5000
2025-12-07,20:48,소주,1,5000
2025-12-07,20:51,소주,1,5000
2025-12-07,20:53,닭발,1,18000
2025-12-07,20:55,오돌뼈,1,17000
2025-12-07,21:04,오돌뼈,1,17000
2025-12-07,21:05,닭발,1,18000
2025-12-07,21:08,오돌뼈,1,17000
2025-12-07,21:14,소주,1,5000
2025-12-07,21:14,맥주,1,5000
2025-12-07,21:17,맥주,1,5000
2025-12-07,21:18,하이볼,1,7000
2025-12-07,21:27,김치전,1,15000
2025-12-07,21:31,오돌뼈,1,17000
2025-12-07,21:39,닭발,1,18000
2025-12-07,21:42,김치전,1,15000
2025-12-07,21:48,소주,1,5000
2025-12-07,21:54,계란찜,1,7000
2025-12-07,21:55,맥주,1,5000
2025-12-07,21:55,계란찜,1,7000
2025-12-07,22:01,오돌뼈,1,17000
2025-12-07,22:03,하이볼,1,7000
2025-12-07,22:08,소주,1,5000
2025-12-07,22:08,맥주,1,5000
2025-12-07,22:10,닭발,1,18000
2025-12-07,22:12,김치전,1,15000
2025-12-07,22:15,맥주,1,5000
2025-12-07,22:21,닭발,1,18000
2025-12-07,22:22,소주,1,5000
2025-12-07,22:23,오돌뼈,1,17000
2025-12-07,22:25,계란찜,1,7000
2025-12-07,22:37,하이볼,1,7000
2025-12-07,22:40,김치전,1,15000
2025-12-07,22:41,하이볼,1,7000
2025-12-07,22:45,소주,1,5000
2025-12-07,23:12,닭발,1,18000
2025-12-07,23:50,하이볼,1,7000
2025-12-08,19:39,오돌뼈,1,17000
2025-12-08,19:48,소주,1,5000
2025-12-08,19:55,소주,1,5000
2025-12-08,19:59,맥주,1,5000
2025-12-08,20:07,소주,1,5000
2025-12-08,20:22,하이볼,1,7000
2025-12-08,20:26,닭발,1,18000
2025-12-08,20:28,김치전,1,15000
2025-12-08,20:31,계란찜,1,7000
2025-12-08,20:45,하이볼,1,7000
2025-12-08,20:48,맥주,1,5000
2025-12-08,20:48,맥주,1,5000
2025-12-08,20:49,소주,1,5000
2025-12-08,20:53,오돌뼈,1,17000
2025-12-08,21:01,소주,1,5000
2025-12-08,21:02,맥주,1,5000
2025-12-08,21:03,하이볼,1,7000
2025-12-08,21:05,소주,1,5000
2025-12-08,21:12,맥주,1,5000
2025-12-08,21:13,소주,1,5000
2025-12-08,21:20,소주,1,5000
2025-12-08,21:20,소주,1,5000
2025-12-08,21:26,맥주,1,5000
2025-12-08,21:30,김치전,1,15000
2025-12-08,21:32,오돌뼈,1,17000
2025-12-08,21:34,소주,1,5000
2025-12-08,21:35,소주,1,5000
2025-12-08,21:40,소주,1,5000
2025-12-08,21:43,닭발,1,18000
2025-12-08,21:46,오돌뼈,1,17000
2025-12-08,21:51,소주,1,5000
2025-12-08,21:51,맥주,1,5000
2025-12-08,21:51,맥주,1,5000
2025-12-08,21:53,닭발,1,18000
2025-12-08,21:56,닭발,1,18000
2025-12-08,21:57,맥주,1,5000
2025-12-08,22:02,맥주,1,5000
2025-12-08,22:03,계란찜,1,7000
2025-12-08,22:04,하이볼,1,7000
2025-12-08,22:05,소주,1,5000
2025-12-08,22:07,계란찜,1,7000
2025-12-08,22:10,오돌뼈,1,17000
2025-12-08,22:11,맥주,1,5000
2025-12-08,22:17,닭발,1,18000
2025-12-08,22:31,닭발,1,18000
2025-12-08,22:31,오돌뼈,1,17000
2025-12-08,22:44,소주,1,5000
2025-12-08,22:44,하이볼,1,7000
2025-12-08,22:57,맥주,1,5000
2025-12-08,23:04,김치전,1,15000
2025-12-08,23:27,맥주,1,5000
2025-12-08,23:50,하이볼,1,7000
2025-12-09,19:28,김치전,1,15000
2025-12-09,19:36,맥주,1,5000
2025-12-09,19:48,닭발,1,18000
2025-12-09,19:58,소주,1,5000
2025-12-09,20:07,김치전,1,15000
2025-12-09,20:19,맥주,1,5000
2025-12-09,20:19,맥주,1,5000
2025-12-09,20:26,하이볼,1,7000
2025-12-09,20:30,맥주,1,5000
2025-12-09,20:31,맥주,1,5000
2025-12-09,20:32,맥주,1,5000
2025-12-09,20:36,맥주,1,5000
2025-12-09,20:38,소주,1,5000
2025-12-09,20:38,소주,1,5000
2025-12-09,20:39,하이볼,1,7000
2025-12-09,20:39,오돌뼈,1,17000
2025-12-09,20:43,소주,1,5000
2025-12-09,20:47,계란찜,1,7000
2025-12-09,20:48,소주,1,5000
2025-12-09,20:48,소주,1,5000
2025-12-09,20:51,닭발,1,18000
2025-12-09,20:54,맥주,1,5000
2025-12-09,20:54,하이볼,1,7000
2025-12-09,20:55,닭발,1,18000
2025-12-09,20:55,김치전,1,15000
2025-12-09,20:59,소주,1,5000
2025-12-09,21:00,맥주,1,5000
2025-12-09,21:12,하이볼,1,7000
2025-12-09,21:19,오돌뼈,1,17000
2025-12-09,21:19,계란찜,1,7000
2025-12-09,21:23,계란찜,1,7000
2025-12-09,21:25,하이볼,1,7000
2025-12-09,21:25,오돌뼈,1,17000
2025-12-09,21:27,오돌뼈,1,17000
2025-12-09,21:31,닭발,1,18000
2025-12-09,21:32,하이볼,1,7000
2025-12-09,21:34,하이볼,1,7000
2025-12-09,21:35,소주,1,5000
2025-12-09,21:35,맥주,1,5000
2025-12-09,21:46,오돌뼈,1,17000
2025-12-09,21:47,맥주,1,5000
2025-12-09,21:47,닭발,1,18000
2025-12-09,21:51,오돌뼈,1,17000
2025-12-09,21:53,하이볼,1,7000
2025-12-09,21:57,김치전,1,15000
2025-12-09,21:58,소주,1,5000
2025-12-09,22:07,소주,1,5000
2025-12-09,22:11,소주,1,5000
2025-12-09,22:13,닭발,1,18000
2025-12-09,22:13,계란찜,1,7000
2025-12-09,22:16,하이볼,1,7000
2025-12-09,22:17,오돌뼈,1,17000
2025-12-09,22:23,닭발,1,18000
2025-12-09,22:25,맥주,1,5000
2025-12-09,22:27,소주,1,5000
2025-12-09,22:36,맥주,1,5000
2025-12-09,22:37,맥주,1,5000
2025-12-09,22:38,소주,1,5000
2025-12-09,22:42,김치전,1,15000
2025-12-09,22:44,닭발,1,18000
2025-12-09,23:02,맥주,1,5000
2025-12-09,23:05,소주,1,5000
2025-12-09,23:06,소주,1,5000
2025-12-09,23:13,소주,1,5000
2025-12-09,23:18,계란찜,1,7000
2025-12-09,23:47,닭발,1,18000
2025-12-09,23:50,하이볼,1,7000
2025-12-09,23:50,오돌뼈,1,17000
2025-12-10,19:08,닭발,1,18000
2025-12-10,19:09,닭발,1,18000
2025-12-10,19:10,소주,1,5000
2025-12-10,19:33,하이볼,1,7000
2025-12-10,19:34,맥주,1,5000
2025-12-10,19:39,맥주,1,5000
2025-12-10,19:42,닭발,1,18000
2025-12-10,19:43,소주,1,5000
2025-12-10,19:46,하이볼,1,7000
2025-12-10,19:49,맥주,1,5000
2025-12-10,19:55,김치전,1,15000
2025-12-10,20:11,소주,1,5000
2025-12-10,20:11,닭발,1,18000
2025-12-10,20:13,소주,1,5000
2025-12-10,20:16,소주,1,5000
2025-12-10,20:34,닭발,1,18000
2025-12-10,20:40,소주,1,5000
2025-12-10,20:40,닭발,1,18000
2025-12-10,20:41,소주,1,5000
2025-12-10,20:41,맥주,1,5000
2025-12-10,20:41,오돌뼈,1,17000
2025-12-10,20:44,소주,1,5000
2025-12-10,20:48,오돌뼈,1,17000
2025-12-10,20:49,오돌뼈,1,17000
2025-12-10,20:50,소주,1,5000
2025-12-10,20:52,닭발,1,18000
2025-12-10,20:55,김치전,1,15000
2025-12-10,20:55,계란찜,1,7000
2025-12-10,20:59,계란찜,1,7000
2025-12-10,21:08,소주,1,5000
2025-12-10,21:12,맥주,1,5000
2025-12-10,21:12,맥주,1,5000
2025-12-10,21:17,소주,1,5000
2025-12-10,21:18,맥주,1,5000
2025-12-10,21:19,소주,1,5000
2025-12-10,21:21,김치전,1,15000
2025-12-10,21:23,닭발,1,18000
2025-12-10,21:26,김치전,1,15000
2025-12-10,21:29,맥주,1,5000
2025-12-10,21:30,맥주,1,5000
2025-12-10,21:31,하이볼,1,7000
2025-12-10,21:32,맥주,1,5000
2025-12-10,21:33,맥주,1,5000
2025-12-10,21:37,소주,1,5000
2025-12-10,21:38,소주,1,5000
2025-12-10,21:38,하이볼,1,7000
2025-12-10,21:43,오돌뼈,1,17000
2025-12-10,21:44,오돌뼈,1,17000
2025-12-10,21:45,맥주,1,5000
2025-12-10,21:49,오돌뼈,1,17000
2025-12-10,21:52,맥주,1,5000
2025-12-10,21:54,김치전,1,15000
2025-12-10,21:55,하이볼,1,7000
2025-12-10,21:58,소주,1,5000
2025-12-10,22:00,맥주,1,5000
2025-12-10,22:03,오돌뼈,1,17000
2025-12-10,22:05,김치전,1,15000
2025-12-10,22:07,닭발,1,18000
2025-12-10,22:11,김치전,1,15000
2025-12-10,22:13,하이볼,1,7000
2025-12-10,22:20,소주,1,5000
2025-12-10,22:23,닭발,1,18000
2025-12-10,22:25,소주,1,5000
2025-12-10,22:26,맥주,1,5000
2025-12-10,22:28,소주,1,5000
2025-12-10,22:30,소주,1,5000
2025-12-10,22:31,소주,1,5000
2025-12-10,22:33,오돌뼈,1,17000
2025-12-10,22:35,계란찜,1,7000
2025-12-10,22:35,계란찜,1,7000
2025-12-10,22:40,소주,1,5000
2025-12-10,22:42,김치전,1,15000
2025-12-10,22:45,맥주,1,5000
2025-12-10,22:46,닭발,1,18000
2025-12-10,22:48,하이볼,1,7000
2025-12-10,22:48,오돌뼈,1,17000
2025-12-10,22:49,맥주,1,5000
2025-12-10,22:52,맥주,1,5000
2025-12-10,22:56,소주,1,5000
2025-12-10,23:03,소주,1,5000
2025-12-10,23:08,계란찜,1,7000
2025-12-10,23:11,오돌뼈,1,17000
2025-12-11,18:50,하이볼,1,7000
2025-12-11,18:50,닭발,1,18000
2025-12-11,19:29,맥주,1,5000
2025-12-11,19:29,오돌뼈,1,17000
2025-12-11,19:41,하이볼,1,7000
2025-12-11,19:47,소주,1,5000
2025-12-11,19:54,소주,1,5000
2025-12-11,20:06,소주,1,5000
2025-12-11,20:09,맥주,1,5000
2025-12-11,20:10,맥주,1,5000
2025-12-11,20:11,소주,1,5000
2025-12-11,20:19,닭발,1,18000
2025-12-11,20:23,소주,1,5000
2025-12-11,20:23,맥주,1,5000
2025-12-11,20:25,소주,1,5000
2025-12-11,20:25,닭발,1,18000
2025-12-11,20:28,소주,1,5000
2025-12-11,20:30,소주,1,5000
2025-12-11,20:35,맥주,1,5000
2025-12-11,20:36,닭발,1,18000
2025-12-11,20:38,소주,1,5000
2025-12-11,20:40,맥주,1,5000
2025-12-11,20:43,김치전,1,15000
2025-12-11,20:44,소주,1,5000
2025-12-11,20:50,맥주,1,5000
2025-12-11,20:55,소주,1,5000
2025-12-11,20:55,계란찜,1,7000
2025-12-11,20:56,맥주,1,5000
2025-12-11,20:57,소주,1,5000
2025-12-11,20:57,닭발,1,18000
2025-12-11,20:57,오돌뼈,1,17000
2025-12-11,20:59,소주,1,5000
2025-12-11,21:01,오돌뼈,1,17000
2025-12-11,21:06,맥주,1,5000
2025-12-11,21:08,김치전,1,15000
2025-12-11,21:11,하이볼,1,7000
2025-12-11,21:13,소주,1,5000
2025-12-11,21:13,닭발,1,18000
2025-12-11,21:18,소주,1,5000
2025-12-11,21:20,오돌뼈,1,17000
2025-12-11,21:25,계란찜,1,7000
2025-12-11,21:26,오돌뼈,1,17000
2025-12-11,21:27,소주,1,5000
2025-12-11,21:28,소주,1,5000
2025-12-11,21:28,닭발,1,18000
2025-12-11,21:28,김치전,1,15000
2025-12-11,21:36,하이볼,1,7000
2025-12-11,21:36,하이볼,1,7000
2025-12-11,21:37,닭발,1,18000
2025-12-11,21:38,맥주,1,5000
2025-12-11,21:38,맥주,1,5000
2025-12-11,21:38,계란찜,1,7000
2025-12-11,21:40,김치전,1,15000
2025-12-11,21:44,하이볼,1,7000
2025-12-11,21:44,닭발,1,18000
2025-12-11,21:50,소주,1,5000
2025-12-11,21:55,계란찜,1,7000
2025-12-11,21:56,소주,1,5000
2025-12-11,21:56,김치전,1,15000
2025-12-11,21:57,맥주,1,5000
2025-12-11,21:59,계란찜,1,7000
2025-12-11,22:01,소주,1,5000
2025-12-11,22:01,계란찜,1,7000
2025-12-11,22:03,하이볼,1,7000
2025-12-11,22:10,맥주,1,5000
2025-12-11,22:15,소주,1,5000
2025-12-11,22:16,소주,1,5000
2025-12-11,22:16,닭발,1,18000
2025-12-11,22:16,계란찜,1,7000
2025-12-11,22:24,소주,1,5000
2025-12-11,22:28,계란찜,1,7000
2025-12-11,22:29,맥주,1,5000
2025-12-11,22:35,맥주,1,5000
2025-12-11,22:38,하이볼,1,7000
2025-12-11,22:38,김치전,1,15000
2025-12-11,22:41,오돌뼈,1,17000
2025-12-11,22:42,소주,1,5000
2025-12-11,22:43,맥주,1,5000
2025-12-11,22:43,오돌뼈,1,17000
2025-12-11,22:46,하이볼,1,7000
2025-12-11,22:50,맥주,1,5000
2025-12-11,22:56,김치전,1,15000
2025-12-11,22:57,맥주,1,5000
2025-12-11,22:59,소주,1,5000
2025-12-11,22:59,계란찜,1,7000
2025-12-11,23:01,김치전,1,15000
2025-12-11,23:11,하이볼,1,7000
2025-12-11,23:24,하이볼,1,7000
2025-12-11,23:30,오돌뼈,1,17000
2025-12-11,23:33,닭발,1,18000
2025-12-11,23:34,소주,1,5000
2025-12-12,18:53,맥주,1,5000
2025-12-12,19:11,맥주,1,5000
2025-12-12,19:14,계란찜,1,7000
2025-12-12,19:21,맥주,1,5000
2025-12-12,19:24,소주,1,5000
2025-12-12,19:27,오돌뼈,1,17000
2025-12-12,19:32,하이볼,1,7000
2025-12-12,19:38,소주,1,5000
2025-12-12,19:41,소주,1,5000
2025-12-12,19:44,소주,1,5000
2025-12-12,19:49,김치전,1,15000
2025-12-12,19:51,김치전,1,15000
2025-12-12,19:56,닭발,1,18000
2025-12-12,20:09,소주,1,5000
2025-12-12,20:16,오돌뼈,1,17000
2025-12-12,20:19,닭발,1,18000
2025-12-12,20:21,소주,1,5000
2025-12-12,20:23,닭발,1,18000
2025-12-12,20:24,김치전,1,15000
2025-12-12,20:26,소주,1,5000
2025-12-12,20:26,오돌뼈,1,17000
2025-12-12,20:27,하이볼,1,7000
2025-12-12,20:28,맥주,1,5000
2025-12-12,20:32,김치전,1,15000
2025-12-12,20:32,계란찜,1,7000
2025-12-12,20:35,맥주,1,5000
2025-12-12,20:36,맥주,1,5000
2025-12-12,20:41,김치전,1,15000
2025-12-12,20:43,오돌뼈,1,17000
2025-12-12,20:45,소주,1,5000
2025-12-12,20:50,닭발,1,18000
2025-12-12,20:54,맥주,1,5000
2025-12-12,20:55,하이볼,1,7000
2025-12-12,20:56,하이볼,1,7000
2025-12-12,20:57,계란찜,1,7000
2025-12-12,20:58,하이볼,1,7000
2025-12-12,21:00,소주,1,5000
2025-12-12,21:00,소주,1,5000
2025-12-12,21:00,닭발,1,18000
2025-12-12,21:01,소주,1,5000
2025-12-12,21:01,소주,1,5000
2025-12-12,21:05,맥주,1,5000
2025-12-12,21:05,맥주,1,5000
2025-12-12,21:06,소주,1,5000
2025-12-12,21:10,하이볼,1,7000
2025-12-12,21:11,계란찜,1,7000
2025-12-12,21:12,맥주,1,5000
2025-12-12,21:13,소주,1,5000
2025-12-12,21:14,맥주,1,5000
2025-12-12,21:17,닭발,1,18000
2025-12-12,21:18,소주,1,5000
2025-12-12,21:21,김치전,1,15000
2025-12-12,21:23,김치전,1,15000
2025-12-12,21:29,닭발,1,18000
2025-12-12,21:29,계란찜,1,7000
2025-12-12,21:30,김치전,1,15000
2025-12-12,21:30,계란찜,1,7000
2025-12-12,21:32,하이볼,1,7000
2025-12-12,21:32,오돌뼈,1,17000
2025-12-12,21:34,소주,1,5000
2025-12-12,21:34,소주,1,5000
2025-12-12,21:34,닭발,1,18000
2025-12-12,21:36,맥주,1,5000
2025-12-12,21:38,오돌뼈,1,17000
2025-12-12,21:41,맥주,1,5000
2025-12-12,21:42,맥주,1,5000
2025-12-12,21:43,계란찜,1,7000
2025-12-12,21:43,계란찜,1,7000
2025-12-12,21:44,소주,1,5000
2025-12-12,21:44,맥주,1,5000
2025-12-12,21:44,오돌뼈,1,17000
2025-12-12,21:45,소주,1,5000
2025-12-12,21:46,소주,1,5000
2025-12-12,21:50,하이볼,1,7000
2025-12-12,21:51,오돌뼈,1,17000
2025-12-12,21:51,계란찜,1,7000
2025-12-12,21:55,소주,1,5000
2025-12-12,21:55,하이볼,1,7000
2025-12-12,21:55,닭발,1,18000
2025-12-12,21:57,김치전,1,15000
2025-12-12,21:58,소주,1,5000
2025-12-12,21:58,오돌뼈,1,17000
2025-12-12,22:06,김치전,1,15000
2025-12-12,22:10,소주,1,5000
2025-12-12,22:10,맥주,1,5000
2025-12-12,22:10,오돌뼈,1,17000
2025-12-12,22:14,닭발,1,18000
2025-12-12,22:16,닭발,1,18000
2025-12-12,22:16,닭발,1,18000
2025-12-12,22:22,맥주,1,5000
2025-12-12,22:22,하이볼,1,7000
2025-12-12,22:27,소주,1,5000
2025-12-12,22:28,김치전,1,15000
2025-12-12,22:29,맥주,1,5000
2025-12-12,22:29,계란찜,1,7000
2025-12-12,22:30,맥주,1,5000
2025-12-12,22:33,오돌뼈,1,17000
2025-12-12,22:33,김치전,1,15000
2025-12-12,22:35,김치전,1,15000
2025-12-12,22:36,소주,1,5000
2025-12-12,22:37,맥주,1,5000
2025-12-12,22:38,오돌뼈,1,17000
2025-12-12,22:44,소주,1,5000
2025-12-12,22:44,하이볼,1,7000
2025-12-12,22:50,계란찜,1,7000
2025-12-12,22:58,닭발,1,18000
2025-12-12,22:59,소주,1,5000
2025-12-12,23:09,맥주,1,5000
2025-12-12,23:10,맥주,1,5000
2025-12-12,23:11,오돌뼈,1,17000
2025-12-12,23:18,맥주,1,5000
2025-12-12,23:22,소주,1,5000
2025-12-12,23:25,맥주,1,5000
2025-12-12,23:28,맥주,1,5000
2025-12-12,23:29,맥주,1,5000
2025-12-12,23:37,오돌뼈,1,17000
2025-12-12,23:40,하이볼,1,7000
2025-12-12,23:43,소주,1,5000
2025-12-12,23:49,계란찜,1,7000
2025-12-12,23:50,하이볼,1,7000
2025-12-13,18:48,김치전,1,15000
2025-12-13,18:53,하이볼,1,7000
2025-12-13,19:19,오돌뼈,1,17000
2025-12-13,19:20,맥주,1,5000
2025-12-13,19:21,맥주,1,5000
2025-12-13,19:26,하이볼,1,7000
2025-12-13,19:36,소주,1,5000
2025-12-13,19:37,닭발,1,18000
2025-12-13,19:40,맥주,1,5000
2025-12-13,19:41,소주,1,5000
2025-12-13,19:49,계란찜,1,7000
2025-12-13,19:51,맥주,1,5000
2025-12-13,19:53,닭발,1,18000
2025-12-13,19:54,닭발,1,18000
2025-12-13,20:02,소주,1,5000
2025-12-13,20:07,소주,1,5000
2025-12-13,20:11,오돌뼈,1,17000
2025-12-13,20:11,오돌뼈,1,17000
2025-12-13,20:15,맥주,1,5000
2025-12-13,20:18,맥주,1,5000
2025-12-13,20:20,계란찜,1,7000
2025-12-13,20:23,오돌뼈,1,17000
2025-12-13,20:32,닭발,1,18000
2025-12-13,20:36,오돌뼈,1,17000
2025-12-13,20:37,소주,1,5000
2025-12-13,20:43,김치전,1,15000
2025-12-13,20:46,맥주,1,5000
2025-12-13,20:49,계란찜,1,7000
2025-12-13,20:58,소주,1,5000
2025-12-13,21:01,소주,1,5000
2025-12-13,21:01,오돌뼈,1,17000
2025-12-13,21:02,소주,1,5000
2025-12-13,21:03,소주,1,5000
2025-12-13,21:03,닭발,1,18000
2025-12-13,21:05,하이볼,1,7000
2025-12-13,21:06,김치전,1,15000
2025-12-13,21:08,김치전,1,15000
2025-12-13,21:09,소주,1,5000
2025-12-13,21:09,오돌뼈,1,17000
2025-12-13,21:12,소주,1,5000
2025-12-13,21:14,맥주,1,5000
2025-12-13,21:16,맥주,1,5000
2025-12-13,21:17,소주,1,5000
2025-12-13,21:17,맥주,1,5000
2025-12-13,21:18,하이볼,1,7000
2025-12-13,21:20,소주,1,5000
2025-12-13,21:22,소주,1,5000
2025-12-13,21:23,하이볼,1,7000
2025-12-13,21:25,소주,1,5000
2025-12-13,21:25,맥주,1,5000
2025-12-13,21:29,소주,1,5000
2025-12-13,21:29,오돌뼈,1,17000
2025-12-13,21:30,닭발,1,18000
2025-12-13,21:33,소주,1,5000
2025-12-13,21:33,맥주,1,5000
2025-12-13,21:33,하이볼,1,7000
2025-12-13,21:33,닭발,1,18000
2025-12-13,21:34,맥주,1,5000
2025-12-13,21:36,계란찜,1,7000
2025-12-13,21:40,닭발,1,18000
2025-12-13,21:43,김치전,1,15000
2025-12-13,21:43,계란찜,1,7000
2025-12-13,21:47,맥주,1,5000
2025-12-13,21:47,김치전,1,15000
2025-12-13,21:48,하이볼,1,7000
2025-12-13,21:49,계란찜,1,7000
2025-12-13,21:50,계란찜,1,7000
2025-12-13,21:53,맥주,1,5000
2025-12-13,21:54,맥주,1,5000
2025-12-13,21:55,계란찜,1,7000
2025-12-13,22:02,오돌뼈,1,17000
2025-12-13,22:03,소주,1,5000
2025-12-13,22:06,맥주,1,5000
2025-12-13,22:12,맥주,1,5000
2025-12-13,22:12,김치전,1,15000
2025-12-13,22:13,닭발,1,18000
2025-12-13,22:14,닭발,1,18000
2025-12-13,22:18,소주,1,5000
2025-12-13,22:20,소주,1,5000
2025-12-13,22:20,맥주,1,5000
2025-12-13,22:22,계란찜,1,7000
2025-12-13,22:23,소주,1,5000
2025-12-13,22:30,맥주,1,5000
2025-12-13,22:33,김치전,1,15000
2025-12-13,22:33,계란찜,1,7000
2025-12-13,22:36,닭발,1,18000
2025-12-13,22:37,닭발,1,18000
2025-12-13,22:37,오돌뼈,1,17000
2025-12-13,22:38,하이볼,1,7000
2025-12-13,22:44,맥주,1,5000
2025-12-13,22:56,계란찜,1,7000
2025-12-13,22:59,소주,1,5000
2025-12-13,23:03,하이볼,1,7000
2025-12-13,23:08,맥주,1,5000
2025-12-13,23:09,맥주,1,5000
2025-12-13,23:14,소주,1,5000
2025-12-13,23:16,하이볼,1,7000
2025-12-13,23:17,소주,1,5000
2025-12-13,23:21,맥주,1,5000
2025-12-13,23:22,하이볼,1,7000
2025-12-13,23:28,소주,1,5000
2025-12-13,23:43,소주,1,5000
2025-12-13,23:47,김치전,1,15000
2025-12-13,23:50,소주,1,5000
2025-12-13,23:50,닭발,1,18000
2025-12-14,19:17,하이볼,1,7000
2025-12-14,19:33,맥주,1,5000
2025-12-14,19:41,하이볼,1,7000
2025-12-14,19:59,소주,1,5000
2025-12-14,20:05,하이볼,1,7000
2025-12-14,20:08,맥주,1,5000
2025-12-14,20:08,오돌뼈,1,17000
2025-12-14,20:22,계란찜,1,7000
2025-12-14,20:23,소주,1,5000
2025-12-14,20:25,계란찜,1,7000
2025-12-14,20:34,하이볼,1,7000
2025-12-14,20:34,김치전,1,15000
2025-12-14,20:38,오돌뼈,1,17000
2025-12-14,20:42,김치전,1,15000
2025-12-14,20:55,맥주,1,5000
2025-12-14,21:14,닭발,1,18000
2025-12-14,21:16,하이볼,1,7000
2025-12-14,21:19,닭발,1,18000
2025-12-14,21:24,소주,1,5000
2025-12-14,21:25,맥주,1,5000
2025-12-14,21:36,맥주,1,5000
2025-12-14,21:38,오돌뼈,1,17000
2025-12-14,21:41,소주,1,5000
2025-12-14,21:51,김치전,1,15000
2025-12-14,21:53,맥주,1,5000
2025-12-14,21:55,닭발,1,18000
2025-12-14,21:56,소주,1,5000
2025-12-14,22:06,소주,1,5000
2025-12-14,22:07,소주,1,5000
2025-12-14,22:55,맥주,1,5000
2025-12-14,23:00,소주,1,5000
2025-12-14,23:07,맥주,1,5000
2025-12-14,23:14,소주,1,5000
2025-12-14,23:20,맥주,1,5000
2025-12-14,23:35,맥주,1,5000
2025-12-15,19:34,맥주,1,5000
2025-12-15,19:57,김치전,1,15000
2025-12-15,19:57,계란찜,1,7000
2025-12-15,19:59,소주,1,5000
2025-12-15,20:11,소주,1,5000
2025-12-15,20:14,하이볼,1,7000
2025-12-15,20:25,소주,1,5000
2025-12-15,20:26,소주,1,5000
2025-12-15,20:30,김치전,1,15000
2025-12-15,20:40,오돌뼈,1,17000
2025-12-15,20:43,하이볼,1,7000
2025-12-15,20:48,오돌뼈,1,17000
2025-12-15,20:49,소주,1,5000
2025-12-15,20:49,김치전,1,15000
2025-12-15,20:54,닭발,1,18000
2025-12-15,21:03,오돌뼈,1,17000
2025-12-15,21:15,소주,1,5000
2025-12-15,21:15,소주,1,5000
2025-12-15,21:17,닭발,1,18000
2025-12-15,21:23,김치전,1,15000
2025-12-15,21:27,소주,1,5000
2025-12-15,21:27,맥주,1,5000
2025-12-15,21:28,소주,1,5000
2025-12-15,21:34,하이볼,1,7000
2025-12-15,21:34,오돌뼈,1,17000
2025-12-15,21:37,닭발,1,18000
2025-12-15,21:38,오돌뼈,1,17000
2025-12-15,21:55,맥주,1,5000
2025-12-15,21:58,닭발,1,18000
2025-12-15,22:07,김치전,1,15000
2025-12-15,22:20,맥주,1,5000
2025-12-15,22:22,하이볼,1,7000
2025-12-15,22:22,오돌뼈,1,17000
2025-12-15,22:32,하이볼,1,7000
2025-12-15,22:36,맥주,1,5000
2025-12-15,22:45,맥주,1,5000
2025-12-15,22:53,맥주,1,5000
2025-12-15,23:00,계란찜,1,7000
2025-12-15,23:03,맥주,1,5000
2025-12-15,23:05,소주,1,5000
2025-12-15,23:08,소주,1,5000
2025-12-15,23:26,계란찜,1,7000
2025-12-16,18:47,오돌뼈,1,17000
2025-12-16,19:02,소주,1,5000
2025-12-16,19:16,맥주,1,5000
2025-12-16,19:25,맥주,1,5000
2025-12-16,19:42,소주,1,5000
2025-12-16,20:04,소주,1,5000
2025-12-16,20:07,소주,1,5000
2025-12-16,20:07,김치전,1,15000
2025-12-16,20:13,소주,1,5000
2025-12-16,20:16,맥주,1,5000
2025-12-16,20:19,하이볼,1,7000
2025-12-16,20:20,김치전,1,15000
2025-12-16,20:54,계란찜,1,7000
2025-12-16,21:00,김치전,1,15000
2025-12-16,21:02,계란찜,1,7000
2025-12-16,21:10,닭발,1,18000
2025-12-16,21:15,소주,1,5000
2025-12-16,21:16,맥주,1,5000
2025-12-16,21:37,소주,1,5000
2025-12-16,21:43,맥주,1,5000
2025-12-16,21:43,하이볼,1,7000
2025-12-16,21:46,닭발,1,18000
2025-12-16,21:48,소주,1,5000
2025-12-16,21:48,하이볼,1,7000
2025-12-16,21:54,김치전,1,15000
2025-12-16,21:55,맥주,1,5000
2025-12-16,21:55,김치전,1,15000
2025-12-16,22:00,맥주,1,5000
2025-12-16,22:08,계란찜,1,7000
2025-12-16,22:21,소주,1,5000
2025-12-16,22:23,소주,1,5000
2025-12-16,22:25,맥주,1,5000
2025-12-16,22:27,오돌뼈,1,17000
2025-12-16,22:28,소주,1,5000
2025-12-16,22:28,맥주,1,5000
2025-12-16,22:29,오돌뼈,1,17000
2025-12-16,22:33,닭발,1,18000
2025-12-16,22:48,오돌뼈,1,17000
2025-12-16,22:48,오돌뼈,1,17000
2025-12-16,22:56,김치전,1,15000
2025-12-16,23:01,맥주,1,5000
2025-12-16,23:08,맥주,1,5000
2025-12-16,23:08,하이볼,1,7000
2025-12-16,23:12,소주,1,5000
2025-12-16,23:26,소주,1,5000
2025-12-16,23:50,소주,1,5000
2025-12-17,18:56,김치전,1,15000
2025-12-17,19:40,맥주,1,5000
2025-12-17,19:48,김치전,1,15000
2025-12-17,19:49,맥주,1,5000
2025-12-17,19:52,맥주,1,5000
2025-12-17,20:02,오돌뼈,1,17000
2025-12-17,20:08,계란찜,1,7000
2025-12-17,20:14,소주,1,5000
2025-12-17,20:20,소주,1,5000
2025-12-17,20:20,맥주,1,5000
2025-12-17,20:27,하이볼,1,7000
2025-12-17,20:29,닭발,1,18000
2025-12-17,20:40,맥주,1,5000
2025-12-17,20:41,닭발,1,18000
2025-12-17,20:48,맥주,1,5000
2025-12-17,20:49,맥주,1,5000
2025-12-17,20:50,하이볼,1,7000
2025-12-17,20:57,하이볼,1,7000
2025-12-17,20:59,하이볼,1,7000
2025-12-17,21:02,맥주,1,5000
2025-12-17,21:08,맥주,1,5000
2025-12-17,21:11,소주,1,5000
2025-12-17,21:17,오돌뼈,1,17000
2025-12-17,21:17,오돌뼈,1,17000
2025-12-17,21:18,소주,1,5000
2025-12-17,21:23,소주,1,5000
2025-12-17,21:27,소주,1,5000
2025-12-17,21:32,소주,1,5000
2025-12-17,21:33,김치전,1,15000
2025-12-17,21:37,오돌뼈,1,17000
2025-12-17,21:43,소주,1,5000
2025-12-17,21:52,맥주,1,5000
2025-12-17,21:52,닭발,1,18000
2025-12-17,21:54,하이볼,1,7000
2025-12-17,21:55,소주,1,5000
2025-12-17,22:01,맥주,1,5000
2025-12-17,22:09,하이볼,1,7000
2025-12-17,22:10,계란찜,1,7000
2025-12-17,22:12,닭발,1,18000
2025-12-17,22:14,소주,1,5000
2025-12-17,22:19,맥주,1,5000
2025-12-17,22:20,오돌뼈,1,17000
2025-12-17,22:21,하이볼,1,7000
2025-12-17,22:26,소주,1,5000
2025-12-17,22:36,소주,1,5000
2025-12-17,22:46,소주,1,5000
2025-12-17,22:48,오돌뼈,1,17000
2025-12-17,23:04,하이볼,1,7000
2025-12-17,23:11,닭발,1,18000
2025-12-17,23:17,김치전,1,15000
2025-12-17,23:35,하이볼,1,7000
2025-12-17,23:42,계란찜,1,7000
2025-12-17,23:50,맥주,1,5000
2025-12-17,23:50,김치전,1,15000
2025-12-17,23:50,계란찜,1,7000
2025-12-18,19:23,김치전,1,15000
2025-12-18,19:24,맥주,1,5000
2025-12-18,19:26,계란찜,1,7000
2025-12-18,19:39,오돌뼈,1,17000
2025-12-18,19:40,하이볼,1,7000
2025-12-18,19:45,맥주,1,5000
2025-12-18,20:02,소주,1,5000
2025-12-18,20:16,닭발,1,18000
2025-12-18,20:16,오돌뼈,1,17000
2025-12-18,20:23,하이볼,1,7000
2025-12-18,20:25,하이볼,1,7000
2025-12-18,20:25,닭발,1,18000
2025-12-18,20:26,맥주,1,5000
2025-12-18,20:27,소주,1,5000
2025-12-18,20:30,소주,1,5000
2025-12-18,20:31,하이볼,1,7000
2025-12-18,20:34,맥주,1,5000
2025-12-18,20:44,김치전,1,15000
2025-12-18,20:48,계란찜,1,7000
2025-12-18,20:54,소주,1,5000
2025-12-18,20:54,오돌뼈,1,17000
2025-12-18,21:00,맥주,1,5000
2025-12-18,21:04,하이볼,1,7000
2025-12-18,21:12,오돌뼈,1,17000
2025-12-18,21:13,소주,1,5000
2025-12-18,21:20,하이볼,1,7000
2025-12-18,21:34,계란찜,1,7000
2025-12-18,21:35,소주,1,5000
2025-12-18,21:35,닭발,1,18000
2025-12-18,21:37,맥주,1,5000
2025-12-18,21:38,오돌뼈,1,17000
2025-12-18,21:51,맥주,1,5000
2025-12-18,21:53,소주,1,5000
2025-12-18,22:00,소주,1,5000
2025-12-18,22:02,닭발,1,18000
2025-12-18,22:04,맥주,1,5000
2025-12-18,22:09,닭발,1,18000
2025-12-18,22:10,계란찜,1,7000
2025-12-18,22:13,맥주,1,5000
2025-12-18,22:18,닭발,1,18000
2025-12-18,22:19,닭발,1,18000
2025-12-18,22:24,소주,1,5000
2025-12-18,22:29,맥주,1,5000
2025-12-18,22:29,김치전,1,15000
2025-12-18,22:47,맥주,1,5000
2025-12-18,22:47,김치전,1,15000
2025-12-18,22:48,소주,1,5000
2025-12-18,22:48,닭발,1,18000
2025-12-18,22:48,닭발,1,18000
2025-12-18,22:49,소주,1,5000
2025-12-18,22:50,김치전,1,15000
2025-12-18,22:55,오돌뼈,1,17000
2025-12-18,23:02,소주,1,5000
2025-12-18,23:07,소주,1,5000
2025-12-18,23:07,하이볼,1,7000
2025-12-18,23:12,김치전,1,15000
2025-12-18,23:28,닭발,1,18000
2025-12-18,23:30,소주,1,5000
2025-12-18,23:38,하이볼,1,7000
2025-12-18,23:40,소주,1,5000
2025-12-18,23:49,맥주,1,5000
2025-12-19,19:22,소주,1,5000
2025-12-19,19:26,소주,1,5000
2025-12-19,19:28,계란찜,1,7000
2025-12-19,19:54,맥주,1,5000
2025-12-19,19:59,닭발,1,18000
2025-12-19,20:07,닭발,1,18000
2025-12-19,20:11,소주,1,5000
2025-12-19,20:13,오돌뼈,1,17000
2025-12-19,20:24,맥주,1,5000
2025-12-19,20:25,하이볼,1,7000
2025-12-19,20:35,닭발,1,18000
2025-12-19,20:36,소주,1,5000
2025-12-19,20:36,김치전,1,15000
2025-12-19,20:37,하이볼,1,7000
2025-12-19,20:38,닭발,1,18000
2025-12-19,20:39,소주,1,5000
2025-12-19,20:49,김치전,1,15000
2025-12-19,21:04,소주,1,5000
2025-12-19,21:06,오돌뼈,1,17000
2025-12-19,21:07,맥주,1,5000
2025-12-19,21:09,맥주,1,5000
2025-12-19,21:10,하이볼,1,7000
2025-12-19,21:12,소주,1,5000
2025-12-19,21:12,맥주,1,5000
2025-12-19,21:13,소주,1,5000
2025-12-19,21:13,맥주,1,5000
2025-12-19,21:14,닭발,1,18000
2025-12-19,21:24,소주,1,5000
2025-12-19,21:25,오돌뼈,1,17000
2025-12-19,21:26,닭발,1,18000
2025-12-19,21:31,김치전,1,15000
2025-12-19,21:37,소주,1,5000
2025-12-19,21:37,맥주,1,5000
2025-12-19,21:37,오돌뼈,1,17000
2025-12-19,21:38,맥주,1,5000
2025-12-19,21:43,맥주,1,5000
2025-12-19,21:45,소주,1,5000
2025-12-19,21:45,오돌뼈,1,17000
2025-12-19,21:47,오돌뼈,1,17000
2025-12-19,21:48,맥주,1,5000
2025-12-19,21:52,소주,1,5000
2025-12-19,21:53,소주,1,5000
2025-12-19,21:56,소주,1,5000
2025-12-19,21:56,오돌뼈,1,17000
2025-12-19,21:58,맥주,1,5000
2025-12-19,22:00,닭발,1,18000
2025-12-19,22:06,맥주,1,5000
2025-12-19,22:07,맥주,1,5000
2025-12-19,22:08,김치전,1,15000
2025-12-19,22:21,닭발,1,18000
2025-12-19,22:26,계란찜,1,7000
2025-12-19,22:30,소주,1,5000
2025-12-19,22:35,하이볼,1,7000
2025-12-19,22:35,하이볼,1,7000
2025-12-19,22:41,김치전,1,15000
2025-12-19,22:43,하이볼,1,7000
2025-12-19,22:46,오돌뼈,1,17000
2025-12-19,22:47,소주,1,5000
2025-12-19,22:53,닭발,1,18000
2025-12-19,23:02,닭발,1,18000
2025-12-19,23:02,계란찜,1,7000
2025-12-19,23:03,맥주,1,5000
2025-12-19,23:05,하이볼,1,7000
2025-12-19,23:09,맥주,1,5000
2025-12-19,23:09,맥주,1,5000
2025-12-19,23:13,닭발,1,18000
2025-12-19,23:23,소주,1,5000
2025-12-19,23:31,소주,1,5000
2025-12-19,23:31,닭발,1,18000
2025-12-19,23:50,소주,1,5000
2025-12-20,18:47,맥주,1,5000
2025-12-20,19:23,소주,1,5000
2025-12-20,19:34,하이볼,1,7000
2025-12-20,19:41,맥주,1,5000
2025-12-20,20:13,소주,1,5000
2025-12-20,20:19,하이볼,1,7000
2025-12-20,20:23,오돌뼈,1,17000
2025-12-20,20:28,맥주,1,5000
2025-12-20,20:33,맥주,1,5000
2025-12-20,20:34,계란찜,1,7000
2025-12-20,20:39,오돌뼈,1,17000
2025-12-20,20:45,오돌뼈,1,17000
2025-12-20,20:49,소주,1,5000
2025-12-20,20:52,맥주,1,5000
2025-12-20,20:56,닭발,1,18000
2025-12-20,20:57,하이볼,1,7000
2025-12-20,20:58,소주,1,5000
2025-12-20,21:07,닭발,1,18000
2025-12-20,21:09,하이볼,1,7000
2025-12-20,21:13,오돌뼈,1,17000
2025-12-20,21:19,오돌뼈,1,17000
2025-12-20,21:26,김치전,1,15000
2025-12-20,21:29,맥주,1,5000
2025-12-20,21:31,닭발,1,18000
2025-12-20,21:31,계란찜,1,7000
2025-12-20,21:35,오돌뼈,1,17000
2025-12-20,21:41,소주,1,5000
2025-12-20,21:42,닭발,1,18000
2025-12-20,21:45,하이볼,1,7000
2025-12-20,21:50,계란찜,1,7000
2025-12-20,21:53,계란찜,1,7000
2025-12-20,21:55,하이볼,1,7000
2025-12-20,22:00,소주,1,5000
2025-12-20,22:05,하이볼,1,7000
2025-12-20,22:08,소주,1,5000
2025-12-20,22:09,맥주,1,5000
2025-12-20,22:12,맥주,1,5000
2025-12-20,22:14,맥주,1,5000
2025-12-20,22:15,닭발,1,18000
2025-12-20,22:28,김치전,1,15000
2025-12-20,22:29,소주,1,5000
2025-12-20,22:38,소주,1,5000
2025-12-20,22:38,맥주,1,5000
2025-12-20,22:45,소주,1,5000
2025-12-20,22:47,소주,1,5000
2025-12-20,23:00,소주,1,5000
2025-12-20,23:13,맥주,1,5000
2025-12-20,23:13,닭발,1,18000
2025-12-20,23:15,맥주,1,5000
2025-12-20,23:17,소주,1,5000
2025-12-21,19:38,오돌뼈,1,17000
2025-12-21,19:48,계란찜,1,7000
2025-12-21,19:54,맥주,1,5000
2025-12-21,19:57,소주,1,5000
2025-12-21,20:35,닭발,1,18000
2025-12-21,20:48,맥주,1,5000
2025-12-21,21:13,맥주,1,5000
2025-12-21,21:18,닭발,1,18000
2025-12-21,21:24,소주,1,5000
2025-12-21,21:27,닭발,1,18000
2025-12-21,21:49,오돌뼈,1,17000
2025-12-21,21:54,하이볼,1,7000
2025-12-21,21:54,오돌뼈,1,17000
2025-12-21,22:04,계란찜,1,7000
2025-12-21,22:24,오돌뼈,1,17000
2025-12-21,22:25,소주,1,5000
2025-12-21,22:26,소주,1,5000
2025-12-21,22:28,맥주,1,5000
2025-12-21,22:30,계란찜,1,7000
2025-12-21,22:40,맥주,1,5000
2025-12-21,22:49,계란찜,1,7000
2025-12-21,22:51,오돌뼈,1,17000
2025-12-21,23:17,하이볼,1,7000
2025-12-21,23:29,소주,1,5000
2025-12-21,23:38,하이볼,1,7000
2025-12-22,19:20,닭발,1,18000
2025-12-22,19:34,김치전,1,15000
2025-12-22,19:41,맥주,1,5000
2025-12-22,20:05,맥주,1,5000
2025-12-22,20:15,맥주,1,5000
2025-12-22,20:28,소주,1,5000
2025-12-22,20:29,맥주,1,5000
2025-12-22,20:33,오돌뼈,1,17000
2025-12-22,21:05,하이볼,1,7000
2025-12-22,21:17,계란찜,1,7000
2025-12-22,21:18,계란찜,1,7000
2025-12-22,21:37,오돌뼈,1,17000
2025-12-22,21:38,소주,1,5000
2025-12-22,21:39,닭발,1,18000
2025-12-22,22:04,오돌뼈,1,17000
2025-12-22,22:11,계란찜,1,7000
2025-12-22,22:15,계란찜,1,7000
2025-12-22,22:34,계란찜,1,7000
2025-12-22,22:35,김치전,1,15000
2025-12-22,22:41,소주,1,5000
2025-12-22,22:41,소주,1,5000
2025-12-22,22:56,하이볼,1,7000
2025-12-22,22:57,하이볼,1,7000
2025-12-23,18:58,소주,1,5000
2025-12-23,19:16,소주,1,5000
2025-12-23,19:30,하이볼,1,7000
2025-12-23,19:30,닭발,1,18000
2025-12-23,19:51,계란찜,1,7000
2025-12-23,19:54,맥주,1,5000
2025-12-23,20:07,소주,1,5000
2025-12-23,20:30,소주,1,5000
2025-12-23,20:31,맥주,1,5000
2025-12-23,20:45,맥주,1,5000
2025-12-23,20:52,맥주,1,5000
2025-12-23,20:53,오돌뼈,1,17000
2025-12-23,20:55,하이볼,1,7000
2025-12-23,20:55,김치전,1,15000
2025-12-23,21:29,하이볼,1,7000
2025-12-23,21:31,닭발,1,18000
2025-12-23,21:36,닭발,1,18000
2025-12-23,21:43,소주,1,5000
2025-12-23,21:45,김치전,1,15000
2025-12-23,21:49,소주,1,5000
2025-12-23,21:50,맥주,1,5000
2025-12-23,21:52,계란찜,1,7000
2025-12-23,21:54,맥주,1,5000
2025-12-23,22:07,닭발,1,18000
2025-12-23,22:09,하이볼,1,7000
2025-12-23,22:19,하이볼,1,7000
2025-12-23,22:26,맥주,1,5000
2025-12-23,22:28,소주,1,5000
2025-12-23,22:32,소주,1,5000
2025-12-23,23:18,맥주,1,5000
2025-12-23,23:22,오돌뼈,1,17000
2025-12-23,23:38,계란찜,1,7000
2025-12-24,19:05,오돌뼈,1,17000
2025-12-24,19:13,소주,1,5000
2025-12-24,19:16,김치전,1,15000
2025-12-24,19:30,하이볼,1,7000
2025-12-24,19:46,계란찜,1,7000
2025-12-24,19:53,맥주,1,5000
2025-12-24,19:57,계란찜,1,7000
2025-12-24,20:02,맥주,1,5000
2025-12-24,20:03,맥주,1,5000
2025-12-24,20:04,닭발,1,18000
2025-12-24,20:07,김치전,1,15000
2025-12-24,20:08,김치전,1,15000
2025-12-24,20:26,오돌뼈,1,17000
2025-12-24,20:30,오돌뼈,1,17000
2025-12-24,20:31,소주,1,5000
2025-12-24,20:40,계란찜,1,7000
2025-12-24,20:42,맥주,1,5000
2025-12-24,20:42,하이볼,1,7000
2025-12-24,20:45,닭발,1,18000
2025-12-24,20:46,하이볼,1,7000
2025-12-24,20:49,맥주,1,5000
2025-12-24,20:52,김치전,1,15000
2025-12-24,20:52,계란찜,1,7000
2025-12-24,20:54,닭발,1,18000
2025-12-24,21:02,맥주,1,5000
2025-12-24,21:06,소주,1,5000
2025-12-24,21:11,닭발,1,18000
2025-12-24,21:12,소주,1,5000
2025-12-24,21:24,소주,1,5000
2025-12-24,21:26,맥주,1,5000
2025-12-24,21:32,하이볼,1,7000
2025-12-24,21:37,하이볼,1,7000
2025-12-24,21:39,소주,1,5000
2025-12-24,21:41,소주,1,5000
2025-12-24,21:42,닭발,1,18000
2025-12-24,21:51,김치전,1,15000
2025-12-24,21:51,계란찜,1,7000
2025-12-24,21:55,맥주,1,5000
2025-12-24,21:58,오돌뼈,1,17000
2025-12-24,22:17,김치전,1,15000
2025-12-24,22:27,소주,1,5000
2025-12-24,22:27,오돌뼈,1,17000
2025-12-24,22:40,소주,1,5000
2025-12-24,22:42,소주,1,5000
2025-12-24,22:50,하이볼,1,7000
2025-12-24,23:02,맥주,1,5000
2025-12-24,23:15,소주,1,5000
2025-12-25,19:46,김치전,1,15000
2025-12-25,19:48,하이볼,1,7000
2025-12-25,19:58,계란찜,1,7000
2025-12-25,19:59,오돌뼈,1,17000
2025-12-25,20:17,하이볼,1,7000
2025-12-25,20:28,소주,1,5000
2025-12-25,20:28,맥주,1,5000
2025-12-25,20:30,계란찜,1,7000
2025-12-25,20:33,소주,1,5000
2025-12-25,20:33,소주,1,5000
2025-12-25,20:37,소주,1,5000
2025-12-25,20:42,닭발,1,18000
2025-12-25,20:50,맥주,1,5000
2025-12-25,21:04,소주,1,5000
2025-12-25,21:15,소주,1,5000
2025-12-25,21:16,오돌뼈,1,17000
2025-12-25,21:17,소주,1,5000
2025-12-25,21:23,맥주,1,5000
2025-12-25,21:28,하이볼,1,7000
2025-12-25,21:28,하이볼,1,7000
2025-12-25,21:31,오돌뼈,1,17000
2025-12-25,21:32,계란찜,1,7000
2025-12-25,21:34,닭발,1,18000
2025-12-25,21:42,맥주,1,5000
2025-12-25,21:45,소주,1,5000
2025-12-25,21:45,오돌뼈,1,17000
2025-12-25,21:52,닭발,1,18000
2025-12-25,21:56,맥주,1,5000
2025-12-25,21:58,소주,1,5000
2025-12-25,22:03,김치전,1,15000
2025-12-25,22:05,소주,1,5000
2025-12-25,22:08,오돌뼈,1,17000
2025-12-25,22:11,닭발,1,18000
2025-12-25,22:20,소주,1,5000
2025-12-25,22:25,맥주,1,5000
2025-12-25,22:30,맥주,1,5000
2025-12-25,22:33,맥주,1,5000
2025-12-25,22:45,맥주,1,5000
2025-12-25,22:45,닭발,1,18000
2025-12-25,22:46,닭발,1,18000
2025-12-25,23:09,맥주,1,5000
2025-12-25,23:27,닭발,1,18000
2025-12-25,23:33,맥주,1,5000
2025-12-25,23:35,닭발,1,18000
2025-12-26,18:52,맥주,1,5000
2025-12-26,19:05,소주,1,5000
2025-12-26,19:23,계란찜,1,7000
2025-12-26,19:31,계란찜,1,7000
2025-12-26,19:49,오돌뼈,1,17000
2025-12-26,19:53,하이볼,1,7000
2025-12-26,19:55,계란찜,1,7000
2025-12-26,20:06,김치전,1,15000
2025-12-26,20:08,소주,1,5000
2025-12-26,20:27,맥주,1,5000
2025-12-26,20:29,소주,1,5000
2025-12-26,20:34,소주,1,5000
2025-12-26,20:39,소주,1,5000
2025-12-26,20:43,소주,1,5000
2025-12-26,20:44,하이볼,1,7000
2025-12-26,20:47,계란찜,1,7000
2025-12-26,21:05,닭발,1,18000
2025-12-26,21:08,맥주,1,5000
2025-12-26,21:10,맥주,1,5000
2025-12-26,21:11,오돌뼈,1,17000
2025-12-26,21:15,하이볼,1,7000
2025-12-26,21:19,하이볼,1,7000
2025-12-26,21:26,하이볼,1,7000
2025-12-26,21:27,닭발,1,18000
2025-12-26,21:32,계란찜,1,7000
2025-12-26,21:35,계란찜,1,7000
2025-12-26,21:52,하이볼,1,7000
2025-12-26,21:52,오돌뼈,1,17000
2025-12-26,21:58,닭발,1,18000
2025-12-26,22:00,하이볼,1,7000
2025-12-26,22:01,닭발,1,18000
2025-12-26,22:04,맥주,1,5000
2025-12-26,22:15,김치전,1,15000
2025-12-26,22:16,소주,1,5000
2025-12-26,22:22,소주,1,5000
2025-12-26,22:23,맥주,1,5000
2025-12-26,22:24,맥주,1,5000
2025-12-26,22:26,닭발,1,18000
2025-12-26,22:31,오돌뼈,1,17000
2025-12-26,22:32,닭발,1,18000
2025-12-26,22:38,하이볼,1,7000
2025-12-26,22:40,닭발,1,18000
2025-12-26,22:48,오돌뼈,1,17000
2025-12-26,22:49,맥주,1,5000
2025-12-26,22:54,소주,1,5000
2025-12-26,23:17,오돌뼈,1,17000
2025-12-26,23:27,맥주,1,5000
2025-12-26,23:50,계란찜,1,7000
2025-12-27,19:45,오돌뼈,1,17000
2025-12-27,19:51,맥주,1,5000
2025-12-27,20:11,소주,1,5000
2025-12-27,20:22,닭발,1,18000
2025-12-27,20:26,김치전,1,15000
2025-12-27,20:28,하이볼,1,7000
2025-12-27,20:30,하이볼,1,7000
2025-12-27,20:33,계란찜,1,7000
2025-12-27,20:35,하이볼,1,7000
2025-12-27,20:36,맥주,1,5000
2025-12-27,20:40,소주,1,5000
2025-12-27,20:42,맥주,1,5000
2025-12-27,20:43,소주,1,5000
2025-12-27,20:46,맥주,1,5000
2025-12-27,20:48,하이볼,1,7000
2025-12-27,20:54,닭발,1,18000
2025-12-27,20:55,소주,1,5000
2025-12-27,21:06,김치전,1,15000
2025-12-27,21:08,닭발,1,18000
2025-12-27,21:08,오돌뼈,1,17000
2025-12-27,21:10,오돌뼈,1,17000
2025-12-27,21:15,닭발,1,18000
2025-12-27,21:20,맥주,1,5000
2025-12-27,21:21,김치전,1,15000
2025-12-27,21:22,맥주,1,5000
2025-12-27,21:25,소주,1,5000
2025-12-27,21:28,하이볼,1,7000
2025-12-27,21:30,맥주,1,5000
2025-12-27,21:35,맥주,1,5000
2025-12-27,21:42,하이볼,1,7000
2025-12-27,21:43,소주,1,5000
2025-12-27,21:53,닭발,1,18000
2025-12-27,21:56,소주,1,5000
2025-12-27,22:00,계란찜,1,7000
2025-12-27,22:08,닭발,1,18000
2025-12-27,22:19,소주,1,5000
2025-12-27,22:33,계란찜,1,7000
2025-12-27,22:34,소주,1,5000
2025-12-27,22:35,김치전,1,15000
2025-12-27,22:40,오돌뼈,1,17000
2025-12-27,22:42,소주,1,5000
2025-12-27,22:52,소주,1,5000
2025-12-27,22:53,하이볼,1,7000
2025-12-27,22:57,닭발,1,18000
2025-12-27,23:06,소주,1,5000
2025-12-27,23:11,소주,1,5000
2025-12-27,23:12,소주,1,5000
2025-12-27,23:22,맥주,1,5000
2025-12-27,23:35,닭발,1,18000
2025-12-27,23:47,맥주,1,5000
2025-12-27,23:50,오돌뼈,1,17000
2025-12-28,19:42,소주,1,5000
2025-12-28,19:57,김치전,1,15000
2025-12-28,19:58,소주,1,5000
2025-12-28,20:27,맥주,1,5000
2025-12-28,20:39,하이볼,1,7000
2025-12-28,20:48,오돌뼈,1,17000
2025-12-28,20:52,맥주,1,5000
2025-12-28,20:53,소주,1,5000
2025-12-28,21:20,맥주,1,5000
2025-12-28,21:22,김치전,1,15000
2025-12-28,21:24,오돌뼈,1,17000
2025-12-28,21:30,계란찜,1,7000
2025-12-28,21:35,오돌뼈,1,17000
2025-12-28,21:37,오돌뼈,1,17000
2025-12-28,22:18,김치전,1,15000
2025-12-28,22:20,계란찜,1,7000
2025-12-28,22:22,김치전,1,15000
2025-12-28,22:24,소주,1,5000
2025-12-28,22:32,계란찜,1,7000
2025-12-28,23:06,소주,1,5000
2025-12-28,23:24,맥주,1,5000
2025-12-29,20:06,맥주,1,5000
2025-12-29,20:15,맥주,1,5000
2025-12-29,20:17,하이볼,1,7000
2025-12-29,20:24,닭발,1,18000
2025-12-29,20:32,소주,1,5000
2025-12-29,20:41,닭발,1,18000
2025-12-29,20:51,맥주,1,5000
2025-12-29,20:55,맥주,1,5000
2025-12-29,21:04,소주,1,5000
2025-12-29,21:05,오돌뼈,1,17000
2025-12-29,21:08,소주,1,5000
2025-12-29,21:13,하이볼,1,7000
2025-12-29,21:26,오돌뼈,1,17000
2025-12-29,21:32,김치전,1,15000
2025-12-29,21:39,소주,1,5000
2025-12-29,21:46,하이볼,1,7000
2025-12-29,21:47,소주,1,5000
2025-12-29,22:01,하이볼,1,7000
2025-12-29,22:02,오돌뼈,1,17000
2025-12-29,22:21,소주,1,5000
2025-12-29,22:22,닭발,1,18000
2025-12-29,22:23,맥주,1,5000
2025-12-29,22:29,오돌뼈,1,17000
2025-12-29,22:42,오돌뼈,1,17000
2025-12-29,23:01,오돌뼈,1,17000
2025-12-29,23:18,계란찜,1,7000
2025-12-29,23:30,맥주,1,5000
2025-12-30,18:51,소주,1,5000
2025-12-30,19:23,소주,1,5000
2025-12-30,19:54,맥주,1,5000
2025-12-30,19:54,닭발,1,18000
2025-12-30,20:23,김치전,1,15000
2025-12-30,20:26,맥주,1,5000
2025-12-30,20:32,닭발,1,18000
2025-12-30,20:41,닭발,1,18000
2025-12-30,20:43,맥주,1,5000
2025-12-30,20:44,맥주,1,5000
2025-12-30,20:51,맥주,1,5000
2025-12-30,20:51,하이볼,1,7000
2025-12-30,20:52,오돌뼈,1,17000
2025-12-30,21:00,소주,1,5000
2025-12-30,21:09,소주,1,5000
2025-12-30,21:10,닭발,1,18000
2025-12-30,21:36,닭발,1,18000
2025-12-30,21:36,계란찜,1,7000
2025-12-30,21:40,김치전,1,15000
2025-12-30,21:47,오돌뼈,1,17000
2025-12-30,21:48,닭발,1,18000
2025-12-30,21:52,계란찜,1,7000
2025-12-30,21:53,계란찜,1,7000
2025-12-30,22:03,맥주,1,5000
2025-12-30,22:04,오돌뼈,1,17000
2025-12-30,22:06,소주,1,5000
2025-12-30,22:09,김치전,1,15000
2025-12-30,22:10,맥주,1,5000
2025-12-30,22:12,계란찜,1,7000
2025-12-30,22:19,오돌뼈,1,17000
2025-12-30,22:20,소주,1,5000
2025-12-30,22:20,맥주,1,5000
2025-12-30,22:31,소주,1,5000
2025-12-30,22:38,계란찜,1,7000
2025-12-30,23:00,오돌뼈,1,17000
2025-12-31,19:23,소주,1,5000
2025-12-31,19:24,닭발,1,18000
2025-12-31,19:31,계란찜,1,7000
2025-12-31,19:34,소주,1,5000
2025-12-31,19:56,맥주,1,5000
2025-12-31,20:29,맥주,1,5000
2025-12-31,20:42,김치전,1,15000
2025-12-31,20:49,오돌뼈,1,17000
2025-12-31,20:49,오돌뼈,1,17000
2025-12-31,20:50,소주,1,5000
2025-12-31,20:53,맥주,1,5000
2025-12-31,20:55,계란찜,1,7000
2025-12-31,20:56,하이볼,1,7000
2025-12-31,20:57,김치전,1,15000
2025-12-31,21:00,맥주,1,5000
2025-12-31,21:02,닭발,1,18000
2025-12-31,21:03,하이볼,1,7000
2025-12-31,21:19,김치전,1,15000
2025-12-31,21:26,맥주,1,5000
2025-12-31,21:26,하이볼,1,7000
2025-12-31,21:28,계란찜,1,7000
2025-12-31,21:35,맥주,1,5000
2025-12-31,21:42,오돌뼈,1,17000
2025-12-31,21:45,닭발,1,18000
2025-12-31,21:46,소주,1,5000
2025-12-31,21:47,소주,1,5000
2025-12-31,21:52,맥주,1,5000
2025-12-31,22:01,소주,1,5000
2025-12-31,22:02,닭발,1,18000
2025-12-31,22:06,소주,1,5000
2025-12-31,22:10,맥주,1,5000
2025-12-31,22:12,닭발,1,18000
2025-12-31,22:14,계란찜,1,7000
2025-12-31,22:19,소주,1,5000
2025-12-31,22:20,소주,1,5000
2025-12-31,22:23,하이볼,1,7000
2025-12-31,22:26,하이볼,1,7000
2025-12-31,22:35,닭발,1,18000
2025-12-31,22:40,오돌뼈,1,17000
2025-12-31,22:48,맥주,1,5000
2025-12-31,22:57,닭발,1,18000
2025-12-31,23:03,소주,1,5000
2025-12-31,23:03,계란찜,1,7000
2025-12-31,23:13,맥주,1,5000
2025-12-31,23:18,소주,1,5000
2025-12-31,23:21,하이볼,1,7000
2025-12-31,23:31,맥주,1,5000
2025-12-31,23:34,소주,1,5000
2026-01-01,19:44,계란찜,1,7000
2026-01-01,19:45,하이볼,1,7000
2026-01-01,20:13,김치전,1,15000
2026-01-01,20:22,닭발,1,18000
2026-01-01,20:42,닭발,1,18000
2026-01-01,20:43,맥주,1,5000
2026-01-01,20:51,계란찜,1,7000
2026-01-01,20:53,맥주,1,5000
2026-01-01,21:03,닭발,1,18000
2026-01-01,21:04,계란찜,1,7000
2026-01-01,21:05,맥주,1,5000
2026-01-01,21:13,소주,1,5000
2026-01-01,21:14,소주,1,5000
2026-01-01,21:17,맥주,1,5000
2026-01-01,21:34,맥주,1,5000
2026-01-01,21:36,소주,1,5000
2026-01-01,21:45,계란찜,1,7000
2026-01-01,22:02,소주,1,5000
2026-01-01,22:03,닭발,1,18000
2026-01-01,22:03,오돌뼈,1,17000
2026-01-01,22:04,소주,1,5000
2026-01-01,22:09,맥주,1,5000
2026-01-01,22:10,오돌뼈,1,17000
2026-01-01,22:20,소주,1,5000
2026-01-01,22:20,하이볼,1,7000
2026-01-01,22:40,소주,1,5000
2026-01-01,22:41,오돌뼈,1,17000
2026-01-01,23:45,김치전,1,15000
2026-01-02,18:50,소주,1,5000
2026-01-02,19:07,닭발,1,18000
2026-01-02,19:24,닭발,1,18000
2026-01-02,19:29,하이볼,1,7000
2026-01-02,19:30,소주,1,5000
2026-01-02,19:58,맥주,1,5000
2026-01-02,20:00,계란찜,1,7000
2026-01-02,20:09,계란찜,1,7000
2026-01-02,20:13,소주,1,5000
2026-01-02,20:32,맥주,1,5000
2026-01-02,20:45,하이볼,1,7000
2026-01-02,20:55,소주,1,5000
2026-01-02,20:55,하이볼,1,7000
2026-01-02,20:59,소주,1,5000
2026-01-02,21:20,계란찜,1,7000
2026-01-02,21:26,김치전,1,15000
2026-01-02,21:28,김치전,1,15000
2026-01-02,21:43,소주,1,5000
2026-01-02,21:46,오돌뼈,1,17000
2026-01-02,21:49,오돌뼈,1,17000
2026-01-02,21:56,계란찜,1,7000
2026-01-02,21:59,김치전,1,15000
2026-01-02,22:06,소주,1,5000
2026-01-02,22:08,김치전,1,15000
2026-01-02,22:09,오돌뼈,1,17000
2026-01-02,22:18,소주,1,5000
2026-01-02,22:24,하이볼,1,7000
2026-01-02,22:41,계란찜,1,7000
2026-01-02,22:52,맥주,1,5000
2026-01-02,22:59,김치전,1,15000
2026-01-02,23:23,맥주,1,5000
2026-01-02,23:50,하이볼,1,7000
2026-01-03,20:17,김치전,1,15000
2026-01-03,20:21,계란찜,1,7000
2026-01-03,20:22,하이볼,1,7000
2026-01-03,20:24,닭발,1,18000
2026-01-03,20:31,김치전,1,15000
2026-01-03,20:34,소주,1,5000
2026-01-03,20:37,닭발,1,18000
2026-01-03,20:46,김치전,1,15000
2026-01-03,20:49,계란찜,1,7000
2026-01-03,20:56,하이볼,1,7000
2026-01-03,21:09,닭발,1,18000
2026-01-03,21:15,맥주,1,5000
2026-01-03,21:24,맥주,1,5000
2026-01-03,21:39,소주,1,5000
2026-01-03,21:51,소주,1,5000
2026-01-03,21:51,맥주,1,5000
2026-01-03,21:56,맥주,1,5000
2026-01-03,21:56,계란찜,1,7000
2026-01-03,21:57,계란찜,1,7000
2026-01-03,22:00,맥주,1,5000
2026-01-03,22:07,소주,1,5000
2026-01-03,22:11,소주,1,5000
2026-01-03,22:17,닭발,1,18000
2026-01-03,22:20,오돌뼈,1,17000
2026-01-03,22:22,하이볼,1,7000
2026-01-03,22:35,계란찜,1,7000
2026-01-03,22:36,김치전,1,15000
2026-01-03,22:40,맥주,1,5000
2026-01-04,20:08,하이볼,1,7000
2026-01-04,20:30,소주,1,5000
2026-01-04,21:16,맥주,1,5000
2026-01-04,21:34,오돌뼈,1,17000
2026-01-04,22:31,오돌뼈,1,17000
2026-01-04,22:44,김치전,1,15000
2026-01-04,23:10,하이볼,1,7000
2026-01-05,20:30,계란찜,1,7000
2026-01-05,20:52,닭발,1,18000
2026-01-05,21:04,닭발,1,18000
2026-01-05,21:14,오돌뼈,1,17000
2026-01-05,21:28,닭발,1,18000
2026-01-05,21:49,하이볼,1,7000
2026-01-05,21:50,맥주,1,5000
2026-01-05,22:04,소주,1,5000
2026-01-05,22:46,계란찜,1,7000
2026-01-06,20:05,하이볼,1,7000
2026-01-06,20:12,맥주,1,5000
2026-01-06,20:32,소주,1,5000
2026-01-06,20:43,계란찜,1,7000
2026-01-06,20:56,하이볼,1,7000
2026-01-06,21:00,소주,1,5000
2026-01-06,21:14,소주,1,5000
2026-01-06,21:17,닭발,1,18000
2026-01-06,21:23,닭발,1,18000
2026-01-06,21:48,김치전,1,15000
2026-01-06,21:49,맥주,1,5000
2026-01-06,21:57,소주,1,5000
2026-01-06,22:01,맥주,1,5000
2026-01-06,22:02,닭발,1,18000
2026-01-06,22:19,닭발,1,18000
2026-01-06,22:34,닭발,1,18000
2026-01-06,22:35,닭발,1,18000
2026-01-06,23:18,맥주,1,5000
2026-01-06,23:18,닭발,1,18000
2026-01-06,23:24,하이볼,1,7000
2026-01-06,23:31,김치전,1,15000
2026-01-06,23:50,오돌뼈,1,17000
2026-01-07,19:32,맥주,1,5000
2026-01-07,19:56,하이볼,1,7000
2026-01-07,20:07,닭발,1,18000
2026-01-07,20:23,김치전,1,15000
2026-01-07,20:25,소주,1,5000
2026-01-07,20:34,소주,1,5000
2026-01-07,20:37,계란찜,1,7000
2026-01-07,21:05,맥주,1,5000
2026-01-07,21:12,닭발,1,18000
2026-01-07,21:17,소주,1,5000
2026-01-07,21:18,맥주,1,5000
2026-01-07,21:21,소주,1,5000
2026-01-07,21:27,하이볼,1,7000
2026-01-07,21:34,김치전,1,15000
2026-01-07,21:35,맥주,1,5000
2026-01-07,21:39,맥주,1,5000
2026-01-07,21:49,오돌뼈,1,17000
2026-01-07,21:51,하이볼,1,7000
2026-01-07,22:01,소주,1,5000
2026-01-07,22:11,하이볼,1,7000
2026-01-07,22:42,소주,1,5000
2026-01-07,22:46,소주,1,5000
2026-01-07,22:47,소주,1,5000
2026-01-07,23:07,김치전,1,15000
2026-01-07,23:26,맥주,1,5000
2026-01-08,20:00,소주,1,5000
2026-01-08,20:06,소주,1,5000
2026-01-08,20:20,김치전,1,15000
2026-01-08,20:35,오돌뼈,1,17000
2026-01-08,20:42,김치전,1,15000
2026-01-08,20:44,소주,1,5000
2026-01-08,20:52,맥주,1,5000
2026-01-08,20:54,닭발,1,18000
2026-01-08,21:10,오돌뼈,1,17000
2026-01-08,21:24,맥주,1,5000
2026-01-08,21:24,하이볼,1,7000
2026-01-08,21:24,김치전,1,15000
2026-01-08,21:24,계란찜,1,7000
2026-01-08,21:27,맥주,1,5000
2026-01-08,22:07,오돌뼈,1,17000
2026-01-08,22:15,소주,1,5000
2026-01-08,22:16,소주,1,5000
2026-01-08,22:17,닭발,1,18000
2026-01-08,22:21,하이볼,1,7000
2026-01-08,22:31,소주,1,5000
2026-01-08,22:48,닭발,1,18000
2026-01-08,22:48,닭발,1,18000
2026-01-08,22:57,소주,1,5000
2026-01-09,19:37,맥주,1,5000
2026-01-09,20:11,오돌뼈,1,17000
2026-01-09,20:12,닭발,1,18000
2026-01-09,20:17,소주,1,5000
2026-01-09,20:36,소주,1,5000
2026-01-09,20:37,오돌뼈,1,17000
2026-01-09,20:53,소주,1,5000
2026-01-09,20:56,하이볼,1,7000
2026-01-09,21:03,하이볼,1,7000
2026-01-09,21:05,닭발,1,18000
2026-01-09,21:08,하이볼,1,7000
2026-01-09,21:09,맥주,1,5000
2026-01-09,21:10,김치전,1,15000
2026-01-09,21:15,김치전,1,15000
2026-01-09,21:21,맥주,1,5000
2026-01-09,21:25,하이볼,1,7000
2026-01-09,21:30,닭발,1,18000
2026-01-09,21:34,계란찜,1,7000
2026-01-09,21:37,소주,1,5000
2026-01-09,21:51,소주,1,5000
2026-01-09,21:57,맥주,1,5000
2026-01-09,21:57,하이볼,1,7000
2026-01-09,21:59,김치전,1,15000
2026-01-09,22:01,맥주,1,5000
2026-01-09,22:05,오돌뼈,1,17000
2026-01-09,22:08,맥주,1,5000
2026-01-09,22:16,맥주,1,5000
2026-01-09,22:29,소주,1,5000
2026-01-09,22:35,오돌뼈,1,17000
2026-01-09,22:38,오돌뼈,1,17000
2026-01-09,22:44,맥주,1,5000
2026-01-09,22:57,오돌뼈,1,17000
2026-01-09,23:00,계란찜,1,7000
2026-01-09,23:06,맥주,1,5000
2026-01-09,23:21,닭발,1,18000
2026-01-09,23:31,닭발,1,18000
2026-01-09,23:46,소주,1,5000
2026-01-09,23:48,김치전,1,15000
2026-01-10,19:16,맥주,1,5000
2026-01-10,19:32,하이볼,1,7000
2026-01-10,19:47,닭발,1,18000
2026-01-10,19:56,맥주,1,5000
2026-01-10,19:59,하이볼,1,7000
2026-01-10,20:06,맥주,1,5000
2026-01-10,20:16,소주,1,5000
2026-01-10,20:26,맥주,1,5000
2026-01-10,20:28,계란찜,1,7000
2026-01-10,20:31,소주,1,5000
2026-01-10,20:35,소주,1,5000
2026-01-10,20:38,맥주,1,5000
2026-01-10,20:40,닭발,1,18000
2026-01-10,20:43,오돌뼈,1,17000
2026-01-10,21:14,소주,1,5000
2026-01-10,21:16,하이볼,1,7000
2026-01-10,21:25,소주,1,5000
2026-01-10,21:36,닭발,1,18000
2026-01-10,21:38,오돌뼈,1,17000
2026-01-10,21:42,소주,1,5000
2026-01-10,21:42,맥주,1,5000
2026-01-10,21:45,닭발,1,18000
2026-01-10,21:54,소주,1,5000
2026-01-10,21:54,김치전,1,15000
2026-01-10,21:57,닭발,1,18000
2026-01-10,22:01,맥주,1,5000
2026-01-10,22:25,맥주,1,5000
2026-01-10,22:28,하이볼,1,7000
2026-01-10,22:46,맥주,1,5000
2026-01-10,22:50,닭발,1,18000
2026-01-10,22:55,소주,1,5000
2026-01-10,23:03,소주,1,5000
2026-01-11,20:27,오돌뼈,1,17000
2026-01-11,20:57,계란찜,1,7000
2026-01-11,21:46,오돌뼈,1,17000
2026-01-11,21:58,소주,1,5000
2026-01-11,22:35,닭발,1,18000
2026-01-11,23:02,닭발,1,18000
2026-01-11,23:15,계란찜,1,7000
2026-01-12,19:14,닭발,1,18000
2026-01-12,19:19,맥주,1,5000
2026-01-12,19:48,계란찜,1,7000
2026-01-12,20:10,소주,1,5000
2026-01-12,20:12,맥주,1,5000
2026-01-12,20:18,오돌뼈,1,17000
2026-01-12,20:23,오돌뼈,1,17000
2026-01-12,20:26,하이볼,1,7000
2026-01-12,20:27,소주,1,5000
2026-01-12,20:29,김치전,1,15000
2026-01-12,20:34,김치전,1,15000
2026-01-12,20:53,맥주,1,5000
2026-01-12,20:54,계란찜,1,7000
2026-01-12,21:01,맥주,1,5000
2026-01-12,21:12,소주,1,5000
2026-01-12,21:14,소주,1,5000
2026-01-12,21:21,소주,1,5000
2026-01-12,22:16,소주,1,5000
2026-01-12,22:26,맥주,1,5000
2026-01-12,22:53,닭발,1,18000
2026-01-13,19:22,맥주,1,5000
2026-01-13,19:43,맥주,1,5000
2026-01-13,19:44,하이볼,1,7000
2026-01-13,19:49,소주,1,5000
2026-01-13,19:52,소주,1,5000
2026-01-13,20:00,하이볼,1,7000
2026-01-13,20:06,오돌뼈,1,17000
2026-01-13,20:06,김치전,1,15000
2026-01-13,20:11,계란찜,1,7000
2026-01-13,20:57,계란찜,1,7000
2026-01-13,21:03,소주,1,5000
2026-01-13,21:06,계란찜,1,7000
2026-01-13,21:36,닭발,1,18000
2026-01-13,21:43,닭발,1,18000
2026-01-13,21:48,하이볼,1,7000
2026-01-13,21:50,맥주,1,5000
2026-01-13,21:55,소주,1,5000
2026-01-13,22:07,김치전,1,15000
2026-01-13,22:08,소주,1,5000
2026-01-13,22:09,김치전,1,15000
2026-01-13,22:22,오돌뼈,1,17000
2026-01-13,22:23,맥주,1,5000
2026-01-13,22:26,맥주,1,5000
2026-01-13,22:40,소주,1,5000
2026-01-13,22:44,하이볼,1,7000
2026-01-13,23:50,닭발,1,18000
2026-01-14,20:18,소주,1,5000
2026-01-14,20:19,하이볼,1,7000
2026-01-14,20:42,닭발,1,18000
2026-01-14,20:52,소주,1,5000
2026-01-14,20:56,계란찜,1,7000
2026-01-14,20:59,맥주,1,5000
2026-01-14,20:59,하이볼,1,7000
2026-01-14,21:03,소주,1,5000
2026-01-14,21:07,소주,1,5000
2026-01-14,21:15,소주,1,5000
2026-01-14,21:23,소주,1,5000
2026-01-14,21:23,소주,1,5000
2026-01-14,21:42,닭발,1,18000
2026-01-14,22:03,계란찜,1,7000
2026-01-14,22:15,김치전,1,15000
2026-01-14,22:22,계란찜,1,7000
2026-01-14,22:24,하이볼,1,7000
2026-01-14,22:26,계란찜,1,7000
2026-01-14,22:27,맥주,1,5000
2026-01-14,22:35,맥주,1,5000
2026-01-14,22:46,닭발,1,18000
2026-01-14,23:13,맥주,1,5000
2026-01-14,23:19,맥주,1,5000
2026-01-14,23:31,계란찜,1,7000
2026-01-14,23:33,닭발,1,18000
2026-01-14,23:50,하이볼,1,7000
2026-01-15,19:19,맥주,1,5000
2026-01-15,19:21,소주,1,5000
2026-01-15,19:44,소주,1,5000
2026-01-15,20:05,맥주,1,5000
2026-01-15,20:15,맥주,1,5000
2026-01-15,20:27,김치전,1,15000
2026-01-15,20:40,김치전,1,15000
2026-01-15,20:53,계란찜,1,7000
2026-01-15,21:11,오돌뼈,1,17000
2026-01-15,21:19,오돌뼈,1,17000
2026-01-15,21:20,맥주,1,5000
2026-01-15,21:29,계란찜,1,7000
2026-01-15,21:33,오돌뼈,1,17000
2026-01-15,21:40,계란찜,1,7000
2026-01-15,21:41,하이볼,1,7000
2026-01-15,21:50,김치전,1,15000
2026-01-15,21:51,오돌뼈,1,17000
2026-01-15,21:54,하이볼,1,7000
2026-01-15,21:58,하이볼,1,7000
2026-01-15,21:58,닭발,1,18000
2026-01-15,22:18,오돌뼈,1,17000
2026-01-15,22:48,닭발,1,18000
2026-01-15,22:54,김치전,1,15000
2026-01-15,23:28,맥주,1,5000
2026-01-15,23:49,오돌뼈,1,17000
2026-01-16,19:39,소주,1,5000
2026-01-16,20:07,하이볼,1,7000
2026-01-16,20:08,닭발,1,18000
2026-01-16,20:09,소주,1,5000
2026-01-16,20:12,소주,1,5000
2026-01-16,20:18,맥주,1,5000
2026-01-16,20:45,맥주,1,5000
2026-01-16,20:48,맥주,1,5000
2026-01-16,20:49,소주,1,5000
2026-01-16,20:54,계란찜,1,7000
2026-01-16,21:01,김치전,1,15000
2026-01-16,21:04,맥주,1,5000
2026-01-16,21:05,김치전,1,15000
2026-01-16,21:09,맥주,1,5000
2026-01-16,21:10,맥주,1,5000
2026-01-16,21:12,계란찜,1,7000
2026-01-16,21:28,김치전,1,15000
2026-01-16,21:44,소주,1,5000
2026-01-16,21:45,하이볼,1,7000
2026-01-16,21:48,소주,1,5000
2026-01-16,21:50,소주,1,5000
2026-01-16,21:51,하이볼,1,7000
2026-01-16,21:54,닭발,1,18000
2026-01-16,21:58,하이볼,1,7000
2026-01-16,22:02,오돌뼈,1,17000
2026-01-16,22:03,오돌뼈,1,17000
2026-01-16,22:13,소주,1,5000
2026-01-16,22:23,계란찜,1,7000
2026-01-16,22:37,맥주,1,5000
2026-01-16,22:38,맥주,1,5000
2026-01-16,22:38,오돌뼈,1,17000
2026-01-16,22:52,오돌뼈,1,17000
2026-01-16,23:35,닭발,1,18000
2026-01-17,19:19,맥주,1,5000
2026-01-17,19:51,계란찜,1,7000
2026-01-17,20:02,오돌뼈,1,17000
2026-01-17,20:12,계란찜,1,7000
2026-01-17,20:19,닭발,1,18000
2026-01-17,20:27,하이볼,1,7000
2026-01-17,20:29,소주,1,5000
2026-01-17,20:36,소주,1,5000
2026-01-17,20:45,계란찜,1,7000
2026-01-17,20:49,소주,1,5000
2026-01-17,20:58,소주,1,5000
2026-01-17,20:58,하이볼,1,7000
2026-01-17,21:04,김치전,1,15000
2026-01-17,21:09,닭발,1,18000
2026-01-17,21:10,소주,1,5000
2026-01-17,21:15,소주,1,5000
2026-01-17,21:18,김치전,1,15000
2026-01-17,21:39,맥주,1,5000
2026-01-17,21:42,소주,1,5000
2026-01-17,21:47,닭발,1,18000
2026-01-17,21:50,하이볼,1,7000
2026-01-17,21:50,닭발,1,18000
2026-01-17,21:54,맥주,1,5000
2026-01-17,22:00,하이볼,1,7000
2026-01-17,22:14,김치전,1,15000
2026-01-17,22:26,맥주,1,5000
2026-01-17,22:37,맥주,1,5000
2026-01-17,22:50,김치전,1,15000
2026-01-17,22:58,맥주,1,5000
2026-01-18,19:29,계란찜,1,7000
2026-01-18,20:05,닭발,1,18000
2026-01-18,20:16,김치전,1,15000
2026-01-18,20:28,오돌뼈,1,17000
2026-01-18,21:00,소주,1,5000
2026-01-18,21:13,오돌뼈,1,17000
2026-01-18,21:13,김치전,1,15000
2026-01-18,21:32,닭발,1,18000
2026-01-18,21:34,김치전,1,15000
2026-01-18,21:39,맥주,1,5000
2026-01-18,21:45,소주,1,5000
2026-01-18,21:51,김치전,1,15000
2026-01-18,22:03,소주,1,5000
2026-01-18,22:03,하이볼,1,7000
2026-01-18,22:06,닭발,1,18000
2026-01-19,19:56,소주,1,5000
2026-01-19,20:18,김치전,1,15000
2026-01-19,20:48,김치전,1,15000
2026-01-19,20:53,닭발,1,18000
2026-01-19,20:55,하이볼,1,7000
2026-01-19,21:19,소주,1,5000
2026-01-19,21:23,하이볼,1,7000
2026-01-19,21:23,오돌뼈,1,17000
2026-01-19,21:24,소주,1,5000
2026-01-19,22:11,닭발,1,18000
2026-01-19,22:24,소주,1,5000
2026-01-19,22:38,오돌뼈,1,17000
2026-01-19,23:13,하이볼,1,7000
2026-01-19,23:32,하이볼,1,7000
2026-01-20,19:54,맥주,1,5000
2026-01-20,19:54,오돌뼈,1,17000
2026-01-20,20:06,오돌뼈,1,17000
2026-01-20,20:34,소주,1,5000
2026-01-20,20:46,계란찜,1,7000
2026-01-20,20:54,오돌뼈,1,17000
2026-01-20,20:57,계란찜,1,7000
2026-01-20,21:21,맥주,1,5000
2026-01-20,21:25,계란찜,1,7000
2026-01-20,21:27,오돌뼈,1,17000
2026-01-20,21:28,오돌뼈,1,17000
2026-01-20,21:37,맥주,1,5000
2026-01-20,21:47,소주,1,5000
2026-01-20,21:50,하이볼,1,7000
2026-01-20,22:06,소주,1,5000
2026-01-20,22:28,닭발,1,18000
2026-01-20,22:33,맥주,1,5000
2026-01-20,23:44,하이볼,1,7000
2026-01-20,23:46,하이볼,1,7000
2026-01-20,23:50,소주,1,5000
2026-01-21,20:17,맥주,1,5000
2026-01-21,20:37,오돌뼈,1,17000
2026-01-21,20:56,소주,1,5000
2026-01-21,21:00,소주,1,5000
2026-01-21,21:12,계란찜,1,7000
2026-01-21,21:33,하이볼,1,7000
2026-01-21,21:33,오돌뼈,1,17000
2026-01-21,21:40,계란찜,1,7000
2026-01-21,21:49,하이볼,1,7000
2026-01-21,21:49,닭발,1,18000
2026-01-21,21:51,맥주,1,5000
2026-01-21,21:58,맥주,1,5000
2026-01-21,22:00,소주,1,5000
2026-01-21,22:15,하이볼,1,7000
2026-01-21,22:30,김치전,1,15000
2026-01-21,23:05,닭발,1,18000
2026-01-21,23:20,맥주,1,5000
2026-01-21,23:43,맥주,1,5000
2026-01-22,20:25,맥주,1,5000
2026-01-22,20:28,맥주,1,5000
2026-01-22,20:57,김치전,1,15000
2026-01-22,21:14,닭발,1,18000
2026-01-22,21:19,소주,1,5000
2026-01-22,21:48,오돌뼈,1,17000
2026-01-22,21:52,닭발,1,18000
2026-01-22,21:53,오돌뼈,1,17000
2026-01-22,21:58,맥주,1,5000
2026-01-22,21:58,하이볼,1,7000
2026-01-22,22:13,맥주,1,5000
2026-01-22,22:21,소주,1,5000
2026-01-22,22:30,맥주,1,5000
2026-01-22,22:32,소주,1,5000
2026-01-22,22:35,소주,1,5000
2026-01-22,22:38,소주,1,5000
2026-01-22,22:57,맥주,1,5000
2026-01-22,22:58,맥주,1,5000
2026-01-22,23:36,소주,1,5000
2026-01-23,19:16,맥주,1,5000
2026-01-23,19:34,소주,1,5000
2026-01-23,19:49,소주,1,5000
2026-01-23,19:57,오돌뼈,1,17000
2026-01-23,20:13,닭발,1,18000
2026-01-23,20:30,맥주,1,5000
2026-01-23,20:30,계란찜,1,7000
2026-01-23,21:04,맥주,1,5000
2026-01-23,21:13,닭발,1,18000
2026-01-23,21:26,소주,1,5000
2026-01-23,21:28,하이볼,1,7000
2026-01-23,21:31,소주,1,5000
2026-01-23,21:43,오돌뼈,1,17000
2026-01-23,21:50,오돌뼈,1,17000
2026-01-23,21:52,맥주,1,5000
2026-01-23,22:00,소주,1,5000
2026-01-23,22:00,맥주,1,5000
2026-01-23,22:00,오돌뼈,1,17000
2026-01-23,22:08,닭발,1,18000
2026-01-23,22:13,닭발,1,18000
2026-01-23,22:16,소주,1,5000
2026-01-23,22:21,김치전,1,15000
2026-01-23,22:29,김치전,1,15000
2026-01-23,22:36,닭발,1,18000
2026-01-23,22:38,김치전,1,15000
2026-01-23,23:15,소주,1,5000
2026-01-23,23:25,맥주,1,5000
2026-01-24,19:08,계란찜,1,7000
2026-01-24,19:53,계란찜,1,7000
2026-01-24,20:04,맥주,1,5000
2026-01-24,20:21,소주,1,5000
2026-01-24,20:22,김치전,1,15000
2026-01-24,20:24,맥주,1,5000
2026-01-24,20:32,닭발,1,18000
2026-01-24,21:00,닭발,1,18000
2026-01-24,21:18,하이볼,1,7000
2026-01-24,21:20,맥주,1,5000
2026-01-24,21:20,오돌뼈,1,17000
2026-01-24,21:25,오돌뼈,1,17000
2026-01-24,21:40,맥주,1,5000
2026-01-24,21:46,계란찜,1,7000
2026-01-24,21:49,소주,1,5000
2026-01-24,21:56,소주,1,5000
2026-01-24,21:57,맥주,1,5000
2026-01-24,21:58,소주,1,5000
2026-01-24,22:05,소주,1,5000
2026-01-24,22:07,소주,1,5000
2026-01-24,22:08,계란찜,1,7000
2026-01-24,22:14,오돌뼈,1,17000
2026-01-24,22:15,하이볼,1,7000
2026-01-24,22:15,김치전,1,15000
2026-01-24,22:25,맥주,1,5000
2026-01-24,22:27,김치전,1,15000
2026-01-24,22:31,소주,1,5000
2026-01-24,22:35,오돌뼈,1,17000
2026-01-24,22:36,계란찜,1,7000
2026-01-24,22:38,소주,1,5000
2026-01-24,22:48,하이볼,1,7000
2026-01-24,23:01,하이볼,1,7000
2026-01-24,23:14,맥주,1,5000
2026-01-24,23:18,소주,1,5000
2026-01-24,23:21,맥주,1,5000
2026-01-24,23:21,오돌뼈,1,17000
2026-01-25,19:16,오돌뼈,1,17000
2026-01-25,19:18,오돌뼈,1,17000
2026-01-25,20:28,소주,1,5000
2026-01-25,20:30,오돌뼈,1,17000
2026-01-25,20:45,맥주,1,5000
2026-01-25,20:48,맥주,1,5000
2026-01-25,20:56,하이볼,1,7000
2026-01-25,21:13,소주,1,5000
2026-01-25,21:37,하이볼,1,7000
2026-01-25,22:06,소주,1,5000
2026-01-26,18:44,김치전,1,15000
2026-01-26,19:12,닭발,1,18000
2026-01-26,19:45,소주,1,5000
2026-01-26,19:51,닭발,1,18000
2026-01-26,20:23,오돌뼈,1,17000
2026-01-26,20:41,하이볼,1,7000
2026-01-26,20:53,오돌뼈,1,17000
2026-01-26,21:05,김치전,1,15000
2026-01-26,21:13,소주,1,5000
2026-01-26,21:20,소주,1,5000
2026-01-26,21:23,소주,1,5000
2026-01-26,21:26,김치전,1,15000
2026-01-26,22:17,하이볼,1,7000
2026-01-26,22:42,김치전,1,15000
2026-01-27,20:12,닭발,1,18000
2026-01-27,20:39,소주,1,5000
2026-01-27,20:53,김치전,1,15000
2026-01-27,20:57,계란찜,1,7000
2026-01-27,21:06,닭발,1,18000
2026-01-27,21:12,계란찜,1,7000
2026-01-27,21:28,맥주,1,5000
2026-01-27,21:58,하이볼,1,7000
2026-01-27,22:01,김치전,1,15000
2026-01-27,22:08,김치전,1,15000
2026-01-27,22:22,맥주,1,5000
2026-01-27,22:39,오돌뼈,1,17000
2026-01-27,22:45,오돌뼈,1,17000
2026-01-27,22:59,계란찜,1,7000
2026-01-27,23:50,소주,1,5000
2026-01-28,19:15,맥주,1,5000
2026-01-28,19:15,맥주,1,5000
2026-01-28,19:16,닭발,1,18000
2026-01-28,20:09,닭발,1,18000
2026-01-28,20:31,소주,1,5000
2026-01-28,20:33,하이볼,1,7000
2026-01-28,20:48,소주,1,5000
2026-01-28,20:51,맥주,1,5000
2026-01-28,20:57,오돌뼈,1,17000
2026-01-28,20:58,소주,1,5000
2026-01-28,20:58,하이볼,1,7000
2026-01-28,21:06,맥주,1,5000
2026-01-28,21:07,맥주,1,5000
2026-01-28,21:21,오돌뼈,1,17000
2026-01-28,21:35,닭발,1,18000
2026-01-28,21:37,소주,1,5000
2026-01-28,22:19,소주,1,5000
2026-01-28,22:22,맥주,1,5000
2026-01-28,22:24,소주,1,5000
2026-01-28,22:29,김치전,1,15000
2026-01-28,22:32,닭발,1,18000
2026-01-28,22:46,오돌뼈,1,17000
2026-01-29,20:33,소주,1,5000
2026-01-29,20:33,맥주,1,5000
2026-01-29,20:39,소주,1,5000
2026-01-29,20:39,오돌뼈,1,17000
2026-01-29,20:42,맥주,1,5000
2026-01-29,20:42,김치전,1,15000
2026-01-29,20:53,닭발,1,18000
2026-01-29,20:59,소주,1,5000
2026-01-29,21:01,하이볼,1,7000
2026-01-29,21:04,계란찜,1,7000
2026-01-29,21:15,소주,1,5000
2026-01-29,21:18,소주,1,5000
2026-01-29,21:21,오돌뼈,1,17000
2026-01-29,21:30,닭발,1,18000
2026-01-29,21:46,소주,1,5000
2026-01-29,21:48,맥주,1,5000
2026-01-29,21:49,소주,1,5000
2026-01-29,21:51,맥주,1,5000
2026-01-29,21:58,소주,1,5000
2026-01-29,22:13,김치전,1,15000
2026-01-29,22:26,맥주,1,5000
2026-01-29,22:41,오돌뼈,1,17000
2026-01-29,22:42,하이볼,1,7000
2026-01-29,22:59,오돌뼈,1,17000
2026-01-29,23:16,소주,1,5000
2026-01-29,23:31,닭발,1,18000
2026-01-30,19:59,닭발,1,18000
2026-01-30,20:08,닭발,1,18000
2026-01-30,20:11,오돌뼈,1,17000
2026-01-30,20:25,맥주,1,5000
2026-01-30,20:29,맥주,1,5000
2026-01-30,20:30,계란찜,1,7000
2026-01-30,20:38,오돌뼈,1,17000
2026-01-30,20:48,김치전,1,15000
2026-01-30,20:51,하이볼,1,7000
2026-01-30,20:57,하이볼,1,7000
2026-01-30,21:00,닭발,1,18000
2026-01-30,21:09,맥주,1,5000
2026-01-30,21:13,소주,1,5000
2026-01-30,21:26,맥주,1,5000
2026-01-30,21:31,소주,1,5000
2026-01-30,21:35,닭발,1,18000
2026-01-30,21:42,소주,1,5000
2026-01-30,21:48,하이볼,1,7000
2026-01-30,21:52,소주,1,5000
2026-01-30,22:05,오돌뼈,1,17000
2026-01-30,22:08,하이볼,1,7000
2026-01-30,22:09,닭발,1,18000
2026-01-30,22:12,소주,1,5000
2026-01-30,22:43,소주,1,5000
2026-01-30,23:11,닭발,1,18000
2026-01-30,23:17,오돌뼈,1,17000
2026-01-31,19:58,맥주,1,5000
2026-01-31,19:58,하이볼,1,7000
2026-01-31,20:33,닭발,1,18000
2026-01-31,20:35,닭발,1,18000
2026-01-31,20:43,맥주,1,5000
2026-01-31,20:50,계란찜,1,7000
2026-01-31,21:03,하이볼,1,7000
2026-01-31,21:13,맥주,1,5000
2026-01-31,21:23,소주,1,5000
2026-01-31,21:37,하이볼,1,7000
2026-01-31,21:40,소주,1,5000
2026-01-31,21:46,소주,1,5000
2026-01-31,22:08,맥주,1,5000
2026-01-31,22:17,소주,1,5000
2026-01-31,22:19,하이볼,1,7000
2026-01-31,22:25,소주,1,5000
2026-01-31,22:30,맥주,1,5000
2026-01-31,22:34,계란찜,1,7000
2026-01-31,22:37,맥주,1,5000
2026-01-31,22:50,소주,1,5000
2026-01-31,23:05,오돌뼈,1,17000
2026-01-31,23:12,계란찜,1,7000
2026-01-31,23:17,닭발,1,18000
2026-02-01,20:33,김치전,1,15000
2026-02-01,20:58,소주,1,5000
2026-02-01,21:38,김치전,1,15000
2026-02-01,21:39,소주,1,5000
2026-02-01,21:55,소주,1,5000
2026-02-01,21:58,오돌뼈,1,17000
2026-02-01,22:13,소주,1,5000
2026-02-01,22:21,소주,1,5000
2026-02-01,22:23,소주,1,5000
2026-02-01,22:59,오돌뼈,1,17000
2026-02-02,20:08,계란찜,1,7000
2026-02-02,20:28,맥주,1,5000
2026-02-02,20:31,김치전,1,15000
2026-02-02,20:32,김치전,1,15000
2026-02-02,20:50,소주,1,5000
2026-02-02,20:58,계란찜,1,7000
2026-02-02,21:02,계란찜,1,7000
2026-02-02,21:16,계란찜,1,7000
2026-02-02,22:01,오돌뼈,1,17000
2026-02-02,22:08,계란찜,1,7000
2026-02-02,22:15,소주,1,5000
2026-02-02,22:16,닭발,1,18000
2026-02-02,22:43,맥주,1,5000
2026-02-02,23:05,맥주,1,5000
2026-02-02,23:10,계란찜,1,7000
2026-02-03,18:59,닭발,1,18000
2026-02-03,19:11,소주,1,5000
2026-02-03,19:54,맥주,1,5000
2026-02-03,20:41,하이볼,1,7000
2026-02-03,20:49,맥주,1,5000
2026-02-03,20:54,하이볼,1,7000
2026-02-03,21:03,소주,1,5000
2026-02-03,21:06,소주,1,5000
2026-02-03,21:09,맥주,1,5000
2026-02-03,21:18,김치전,1,15000
2026-02-03,21:41,김치전,1,15000
2026-02-03,22:00,김치전,1,15000
2026-02-03,22:04,닭발,1,18000
2026-02-03,22:10,소주,1,5000
2026-02-03,22:25,닭발,1,18000
2026-02-03,22:29,닭발,1,18000
2026-02-03,22:58,맥주,1,5000
2026-02-03,23:06,맥주,1,5000
2026-02-04,19:50,맥주,1,5000
2026-02-04,19:56,소주,1,5000
2026-02-04,20:22,소주,1,5000
2026-02-04,20:45,하이볼,1,7000
2026-02-04,20:50,김치전,1,15000
2026-02-04,20:51,계란찜,1,7000
2026-02-04,20:59,김치전,1,15000
2026-02-04,21:01,맥주,1,5000
2026-02-04,21:28,소주,1,5000
2026-02-04,21:49,김치전,1,15000
2026-02-04,21:57,맥주,1,5000
2026-02-04,21:59,하이볼,1,7000
2026-02-04,22:08,맥주,1,5000
2026-02-04,22:11,소주,1,5000
2026-02-04,22:20,맥주,1,5000
2026-02-04,22:41,소주,1,5000
2026-02-04,23:11,맥주,1,5000
2026-02-04,23:21,오돌뼈,1,17000
2026-02-04,23:35,소주,1,5000
2026-02-05,19:00,맥주,1,5000
2026-02-05,20:17,맥주,1,5000
2026-02-05,20:28,김치전,1,15000
2026-02-05,20:29,맥주,1,5000
2026-02-05,20:29,오돌뼈,1,17000
2026-02-05,20:41,맥주,1,5000
2026-02-05,20:52,김치전,1,15000
2026-02-05,20:58,하이볼,1,7000
2026-02-05,21:00,김치전,1,15000
2026-02-05,21:09,소주,1,5000
2026-02-05,21:29,소주,1,5000
2026-02-05,21:46,오돌뼈,1,17000
2026-02-05,21:51,소주,1,5000
2026-02-05,21:55,맥주,1,5000
2026-02-05,21:56,하이볼,1,7000
2026-02-05,21:57,소주,1,5000
2026-02-05,21:59,하이볼,1,7000
2026-02-05,22:02,계란찜,1,7000
2026-02-05,22:06,맥주,1,5000
2026-02-05,22:18,소주,1,5000
2026-02-05,22:23,김치전,1,15000
2026-02-05,22:24,하이볼,1,7000
2026-02-05,22:30,오돌뼈,1,17000
2026-02-05,22:35,하이볼,1,7000
2026-02-05,23:26,맥주,1,5000
2026-02-05,23:50,김치전,1,15000
2026-02-06,19:39,소주,1,5000
2026-02-06,19:44,김치전,1,15000
2026-02-06,20:01,소주,1,5000
2026-02-06,20:14,소주,1,5000
2026-02-06,20:14,맥주,1,5000
2026-02-06,20:16,맥주,1,5000
2026-02-06,20:26,닭발,1,18000
2026-02-06,20:29,맥주,1,5000
2026-02-06,20:30,계란찜,1,7000
2026-02-06,20:30,계란찜,1,7000
2026-02-06,20:31,소주,1,5000
2026-02-06,20:43,하이볼,1,7000
2026-02-06,20:45,오돌뼈,1,17000
2026-02-06,20:47,맥주,1,5000
2026-02-06,20:49,닭발,1,18000
2026-02-06,20:53,맥주,1,5000
2026-02-06,20:53,오돌뼈,1,17000
2026-02-06,21:09,맥주,1,5000
2026-02-06,21:16,맥주,1,5000
2026-02-06,21:24,소주,1,5000
2026-02-06,21:31,김치전,1,15000
2026-02-06,21:52,소주,1,5000
2026-02-06,21:56,소주,1,5000
2026-02-06,22:20,하이볼,1,7000
2026-02-06,22:44,오돌뼈,1,17000
2026-02-06,22:50,닭발,1,18000
2026-02-06,22:51,하이볼,1,7000
2026-02-06,23:10,소주,1,5000
2026-02-06,23:37,맥주,1,5000
2026-02-07,19:47,맥주,1,5000
2026-02-07,19:48,소주,1,5000
2026-02-07,19:53,소주,1,5000
2026-02-07,20:23,닭발,1,18000
2026-02-07,20:29,오돌뼈,1,17000
2026-02-07,20:30,소주,1,5000
2026-02-07,20:38,소주,1,5000
2026-02-07,20:46,계란찜,1,7000
2026-02-07,21:03,소주,1,5000
2026-02-07,21:16,계란찜,1,7000
2026-02-07,21:24,맥주,1,5000
2026-02-07,21:25,소주,1,5000
2026-02-07,21:29,오돌뼈,1,17000
2026-02-07,21:31,소주,1,5000
2026-02-07,21:50,오돌뼈,1,17000
2026-02-07,22:13,맥주,1,5000
2026-02-07,22:16,닭발,1,18000
2026-02-07,22:18,오돌뼈,1,17000
2026-02-07,22:37,맥주,1,5000
2026-02-07,22:39,하이볼,1,7000
2026-02-07,22:55,계란찜,1,7000
2026-02-07,23:16,소주,1,5000
2026-02-07,23:24,맥주,1,5000
2026-02-08,20:42,소주,1,5000
2026-02-08,20:48,소주,1,5000
2026-02-08,20:57,계란찜,1,7000
2026-02-08,21:00,맥주,1,5000
2026-02-08,21:20,오돌뼈,1,17000
2026-02-08,21:35,소주,1,5000
2026-02-08,21:40,닭발,1,18000
2026-02-08,21:47,김치전,1,15000
2026-02-08,21:54,맥주,1,5000
2026-02-08,22:17,김치전,1,15000
2026-02-08,22:29,오돌뼈,1,17000
2026-02-08,22:36,소주,1,5000
2026-02-08,22:56,닭발,1,18000
2026-02-08,23:11,소주,1,5000
2026-02-08,23:29,김치전,1,15000
2026-02-09,19:29,오돌뼈,1,17000
2026-02-09,19:51,닭발,1,18000
2026-02-09,20:06,맥주,1,5000
2026-02-09,20:32,계란찜,1,7000
2026-02-09,20:36,오돌뼈,1,17000
2026-02-09,20:50,소주,1,5000
2026-02-09,21:02,계란찜,1,7000
2026-02-09,21:12,닭발,1,18000
2026-02-09,21:28,김치전,1,15000
2026-02-09,21:36,맥주,1,5000
2026-02-09,21:44,맥주,1,5000
2026-02-09,22:14,닭발,1,18000
2026-02-09,22:27,하이볼,1,7000
2026-02-09,22:43,김치전,1,15000
2026-02-09,22:45,김치전,1,15000
2026-02-09,22:50,계란찜,1,7000
2026-02-09,23:16,닭발,1,18000
2026-02-09,23:50,하이볼,1,7000
2026-02-10,20:03,닭발,1,18000
2026-02-10,20:33,오돌뼈,1,17000
2026-02-10,20:46,계란찜,1,7000
2026-02-10,20:50,하이볼,1,7000
2026-02-10,20:51,김치전,1,15000
2026-02-10,20:53,김치전,1,15000
2026-02-10,20:59,김치전,1,15000
2026-02-10,21:48,맥주,1,5000
2026-02-10,21:51,맥주,1,5000
2026-02-10,21:57,소주,1,5000
2026-02-10,22:00,계란찜,1,7000
2026-02-10,22:02,계란찜,1,7000
2026-02-10,22:09,오돌뼈,1,17000
2026-02-10,22:27,맥주,1,5000
2026-02-10,22:31,소주,1,5000
2026-02-10,22:37,오돌뼈,1,17000
2026-02-10,22:50,하이볼,1,7000
2026-02-10,22:58,소주,1,5000
2026-02-11,19:45,김치전,1,15000
2026-02-11,20:37,김치전,1,15000
2026-02-11,20:43,맥주,1,5000
2026-02-11,21:06,맥주,1,5000
2026-02-11,21:17,닭발,1,18000
2026-02-11,21:20,하이볼,1,7000
2026-02-11,21:38,오돌뼈,1,17000
2026-02-11,21:40,소주,1,5000
2026-02-11,21:45,맥주,1,5000
2026-02-11,21:46,소주,1,5000
2026-02-11,21:50,김치전,1,15000
2026-02-11,21:53,맥주,1,5000
2026-02-11,22:02,김치전,1,15000
2026-02-11,22:22,맥주,1,5000
2026-02-11,22:37,맥주,1,5000
2026-02-11,22:45,소주,1,5000
2026-02-11,22:52,소주,1,5000
2026-02-11,22:59,닭발,1,18000
2026-02-11,23:22,닭발,1,18000
2026-02-11,23:49,소주,1,5000
2026-02-12,18:51,닭발,1,18000
2026-02-12,19:16,맥주,1,5000
2026-02-12,19:28,하이볼,1,7000
2026-02-12,19:48,김치전,1,15000
2026-02-12,20:07,오돌뼈,1,17000
2026-02-12,20:16,소주,1,5000
2026-02-12,20:20,김치전,1,15000
2026-02-12,20:29,소주,1,5000
2026-02-12,20:32,오돌뼈,1,17000
2026-02-12,20:32,계란찜,1,7000
2026-02-12,20:47,오돌뼈,1,17000
2026-02-12,20:48,오돌뼈,1,17000
2026-02-12,21:08,닭발,1,18000
2026-02-12,21:14,하이볼,1,7000
2026-02-12,21:18,김치전,1,15000
2026-02-12,21:19,김치전,1,15000
2026-02-12,21:20,김치전,1,15000
2026-02-12,21:22,맥주,1,5000
2026-02-12,21:29,닭발,1,18000
2026-02-12,21:32,하이볼,1,7000
2026-02-12,21:48,소주,1,5000
2026-02-12,22:00,맥주,1,5000
2026-02-12,22:05,맥주,1,5000
2026-02-12,22:06,하이볼,1,7000
2026-02-12,22:07,계란찜,1,7000
2026-02-12,22:19,맥주,1,5000
2026-02-12,22:21,소주,1,5000
2026-02-12,22:49,소주,1,5000
2026-02-12,22:54,소주,1,5000
2026-02-12,22:54,맥주,1,5000
2026-02-12,23:03,오돌뼈,1,17000
2026-02-12,23:23,닭발,1,18000
2026-02-12,23:40,소주,1,5000
2026-02-12,23:43,소주,1,5000
2026-02-13,19:00,하이볼,1,7000
2026-02-13,19:56,소주,1,5000
2026-02-13,20:02,소주,1,5000
2026-02-13,20:09,맥주,1,5000
2026-02-13,20:13,소주,1,5000
2026-02-13,20:28,오돌뼈,1,17000
2026-02-13,20:30,계란찜,1,7000
2026-02-13,20:30,계란찜,1,7000
2026-02-13,20:30,계란찜,1,7000
2026-02-13,20:30,계란찜,1,7000
2026-02-13,20:32,소주,1,5000
2026-02-13,20:36,닭발,1,18000
2026-02-13,20:42,소주,1,5000
2026-02-13,20:46,하이볼,1,7000
2026-02-13,21:08,오돌뼈,1,17000
2026-02-13,21:11,하이볼,1,7000
2026-02-13,21:25,맥주,1,5000
2026-02-13,21:28,닭발,1,18000
2026-02-13,21:43,맥주,1,5000
2026-02-13,21:44,닭발,1,18000
2026-02-13,21:46,하이볼,1,7000
2026-02-13,21:53,하이볼,1,7000
2026-02-13,21:55,소주,1,5000
2026-02-13,21:57,맥주,1,5000
2026-02-13,22:02,소주,1,5000
2026-02-13,22:04,맥주,1,5000
2026-02-13,22:05,소주,1,5000
2026-02-13,22:23,맥주,1,5000
2026-02-13,22:26,김치전,1,15000
2026-02-13,22:35,오돌뼈,1,17000
2026-02-13,23:02,김치전,1,15000
2026-02-13,23:05,오돌뼈,1,17000
2026-02-13,23:14,맥주,1,5000
2026-02-13,23:24,맥주,1,5000
2026-02-14,19:41,맥주,1,5000
2026-02-14,20:14,소주,1,5000
2026-02-14,20:18,맥주,1,5000
2026-02-14,20:28,하이볼,1,7000
2026-02-14,20:36,김치전,1,15000
2026-02-14,20:39,오돌뼈,1,17000
2026-02-14,20:40,닭발,1,18000
2026-02-14,20:48,하이볼,1,7000
2026-02-14,20:54,닭발,1,18000
2026-02-14,21:07,하이볼,1,7000
2026-02-14,21:08,계란찜,1,7000
2026-02-14,21:14,소주,1,5000
2026-02-14,21:18,계란찜,1,7000
2026-02-14,21:19,소주,1,5000
2026-02-14,21:20,소주,1,5000
2026-02-14,22:00,닭발,1,18000
2026-02-14,22:16,닭발,1,18000
2026-02-14,22:24,오돌뼈,1,17000
2026-02-14,22:35,계란찜,1,7000
2026-02-14,23:06,오돌뼈,1,17000
2026-02-14,23:17,맥주,1,5000
2026-02-14,23:26,맥주,1,5000
2026-02-15,20:13,맥주,1,5000
2026-02-15,20:26,오돌뼈,1,17000
2026-02-15,20:28,맥주,1,5000
2026-02-15,20:50,소주,1,5000
2026-02-15,21:19,맥주,1,5000
2026-02-15,21:39,하이볼,1,7000
2026-02-15,21:50,김치전,1,15000
2026-02-15,22:12,소주,1,5000
2026-02-15,22:24,맥주,1,5000
2026-02-15,22:52,소주,1,5000
2026-02-15,23:00,오돌뼈,1,17000
2026-02-16,19:14,닭발,1,18000
2026-02-16,19:35,닭발,1,18000
2026-02-16,19:57,소주,1,5000
2026-02-16,20:01,맥주,1,5000
2026-02-16,20:05,소주,1,5000
2026-02-16,20:22,닭발,1,18000
2026-02-16,20:27,김치전,1,15000
2026-02-16,20:35,계란찜,1,7000
2026-02-16,20:39,김치전,1,15000
2026-02-16,20:51,하이볼,1,7000
2026-02-16,20:59,맥주,1,5000
2026-02-16,21:07,계란찜,1,7000
2026-02-16,21:11,닭발,1,18000
2026-02-16,21:16,맥주,1,5000
2026-02-16,21:34,닭발,1,18000
2026-02-16,21:53,닭발,1,18000
2026-02-16,22:36,맥주,1,5000
2026-02-16,22:48,하이볼,1,7000
2026-02-16,23:03,소주,1,5000
2026-02-17,19:12,계란찜,1,7000
2026-02-17,20:13,오돌뼈,1,17000
2026-02-17,20:20,하이볼,1,7000
2026-02-17,20:33,오돌뼈,1,17000
2026-02-17,20:39,하이볼,1,7000
2026-02-17,20:45,소주,1,5000
2026-02-17,20:47,하이볼,1,7000
2026-02-17,20:51,맥주,1,5000
2026-02-17,20:54,김치전,1,15000
2026-02-17,20:58,계란찜,1,7000
2026-02-17,21:00,맥주,1,5000
2026-02-17,21:00,닭발,1,18000
2026-02-17,21:07,맥주,1,5000
2026-02-17,21:17,오돌뼈,1,17000
2026-02-17,21:28,소주,1,5000
2026-02-17,21:33,김치전,1,15000
2026-02-17,21:43,소주,1,5000
2026-02-17,21:45,하이볼,1,7000
2026-02-17,22:07,소주,1,5000
2026-02-17,22:19,닭발,1,18000
2026-02-17,22:43,소주,1,5000
2026-02-17,22:54,맥주,1,5000
2026-02-17,23:15,하이볼,1,7000
2026-02-18,20:17,김치전,1,15000
2026-02-18,20:22,닭발,1,18000
2026-02-18,20:29,소주,1,5000
2026-02-18,20:52,오돌뼈,1,17000
2026-02-18,20:57,맥주,1,5000
2026-02-18,20:57,닭발,1,18000
2026-02-18,21:01,닭발,1,18000
2026-02-18,21:06,계란찜,1,7000
2026-02-18,21:17,맥주,1,5000
2026-02-18,21:23,소주,1,5000
2026-02-18,21:24,하이볼,1,7000
2026-02-18,21:25,맥주,1,5000
2026-02-18,21:39,김치전,1,15000
2026-02-18,21:43,오돌뼈,1,17000
2026-02-18,21:50,소주,1,5000
2026-02-18,22:05,하이볼,1,7000
2026-02-18,22:07,오돌뼈,1,17000
2026-02-18,22:19,맥주,1,5000
2026-02-18,22:49,김치전,1,15000
2026-02-18,22:59,닭발,1,18000
2026-02-18,23:18,소주,1,5000
2026-02-19,19:52,소주,1,5000
2026-02-19,20:03,소주,1,5000
2026-02-19,20:25,소주,1,5000
2026-02-19,20:25,닭발,1,18000
2026-02-19,20:30,하이볼,1,7000
2026-02-19,20:36,오돌뼈,1,17000
2026-02-19,20:51,오돌뼈,1,17000
2026-02-19,20:52,소주,1,5000
2026-02-19,20:55,닭발,1,18000
2026-02-19,20:56,맥주,1,5000
2026-02-19,21:06,맥주,1,5000
2026-02-19,21:15,김치전,1,15000
2026-02-19,21:17,맥주,1,5000
2026-02-19,21:25,맥주,1,5000
2026-02-19,21:45,오돌뼈,1,17000
2026-02-19,21:47,김치전,1,15000
2026-02-19,21:55,맥주,1,5000
2026-02-19,22:03,맥주,1,5000
2026-02-19,22:08,오돌뼈,1,17000
2026-02-19,22:17,소주,1,5000
2026-02-19,23:10,소주,1,5000
2026-02-20,19:19,맥주,1,5000
2026-02-20,19:27,계란찜,1,7000
2026-02-20,20:01,소주,1,5000
2026-02-20,20:32,소주,1,5000
2026-02-20,20:58,맥주,1,5000
2026-02-20,21:00,하이볼,1,7000
2026-02-20,21:06,김치전,1,15000
2026-02-20,21:12,소주,1,5000
2026-02-20,21:16,맥주,1,5000
2026-02-20,21:16,닭발,1,18000
2026-02-20,21:28,소주,1,5000
2026-02-20,21:30,하이볼,1,7000
2026-02-20,21:35,오돌뼈,1,17000
2026-02-20,21:37,하이볼,1,7000
2026-02-20,21:52,김치전,1,15000
2026-02-20,21:56,닭발,1,18000
2026-02-20,21:59,오돌뼈,1,17000
2026-02-20,22:06,맥주,1,5000
2026-02-20,22:12,소주,1,5000
2026-02-20,22:13,하이볼,1,7000
2026-02-20,22:20,김치전,1,15000
2026-02-20,22:28,소주,1,5000
2026-02-20,22:52,소주,1,5000
2026-02-20,22:58,김치전,1,15000
2026-02-20,23:24,맥주,1,5000
2026-02-20,23:37,오돌뼈,1,17000
2026-02-20,23:45,닭발,1,18000
2026-02-21,19:44,하이볼,1,7000
2026-02-21,19:47,소주,1,5000
2026-02-21,19:53,하이볼,1,7000
2026-02-21,19:59,맥주,1,5000
2026-02-21,20:24,맥주,1,5000
2026-02-21,20:26,계란찜,1,7000
2026-02-21,20:40,소주,1,5000
2026-02-21,20:43,계란찜,1,7000
2026-02-21,20:45,오돌뼈,1,17000
2026-02-21,20:46,소주,1,5000
2026-02-21,20:48,소주,1,5000
2026-02-21,20:48,하이볼,1,7000
2026-02-21,21:00,하이볼,1,7000
2026-02-21,21:09,맥주,1,5000
2026-02-21,21:10,닭발,1,18000
2026-02-21,21:14,오돌뼈,1,17000
2026-02-21,21:18,소주,1,5000
2026-02-21,21:18,닭발,1,18000
2026-02-21,21:31,맥주,1,5000
2026-02-21,21:32,닭발,1,18000
2026-02-21,21:37,맥주,1,5000
2026-02-21,21:46,닭발,1,18000
2026-02-21,21:48,오돌뼈,1,17000
2026-02-21,21:51,하이볼,1,7000
2026-02-21,21:52,소주,1,5000
2026-02-21,21:57,김치전,1,15000
2026-02-21,22:05,하이볼,1,7000
2026-02-21,22:16,계란찜,1,7000
2026-02-21,22:43,김치전,1,15000
2026-02-21,22:47,소주,1,5000
2026-02-21,22:49,맥주,1,5000
2026-02-21,23:30,김치전,1,15000
2026-02-21,23:40,닭발,1,18000
2026-02-22,19:41,계란찜,1,7000
2026-02-22,19:57,오돌뼈,1,17000
2026-02-22,20:38,소주,1,5000
2026-02-22,21:16,계란찜,1,7000
2026-02-22,21:18,소주,1,5000
2026-02-22,22:05,맥주,1,5000
2026-02-22,22:08,오돌뼈,1,17000
2026-02-22,22:15,소주,1,5000
2026-02-22,22:25,맥주,1,5000
2026-02-22,22:45,계란찜,1,7000
2026-02-22,22:49,소주,1,5000
2026-02-22,22:49,계란찜,1,7000
2026-02-23,19:46,소주,1,5000
2026-02-23,20:03,소주,1,5000
2026-02-23,20:39,소주,1,5000
2026-02-23,20:48,소주,1,5000
2026-02-23,22:15,김치전,1,15000
2026-02-23,22:32,오돌뼈,1,17000
2026-02-23,22:34,닭발,1,18000
2026-02-23,22:41,하이볼,1,7000
2026-02-23,22:55,계란찜,1,7000
2026-02-23,23:50,오돌뼈,1,17000
2026-02-24,19:06,계란찜,1,7000
2026-02-24,20:14,김치전,1,15000
2026-02-24,20:25,소주,1,5000
2026-02-24,20:52,소주,1,5000
2026-02-24,20:53,맥주,1,5000
2026-02-24,20:54,하이볼,1,7000
2026-02-24,21:08,맥주,1,5000
2026-02-24,21:09,맥주,1,5000
2026-02-24,21:09,김치전,1,15000
2026-02-24,21:24,소주,1,5000
2026-02-24,21:38,맥주,1,5000
2026-02-24,21:38,오돌뼈,1,17000
2026-02-24,21:44,하이볼,1,7000
2026-02-24,21:50,소주,1,5000
2026-02-24,21:57,소주,1,5000
2026-02-24,22:00,오돌뼈,1,17000
2026-02-24,22:09,김치전,1,15000
2026-02-24,22:25,김치전,1,15000
2026-02-24,22:27,소주,1,5000
2026-02-24,23:21,소주,1,5000
2026-02-24,23:50,하이볼,1,7000
2026-02-25,19:19,맥주,1,5000
2026-02-25,19:54,소주,1,5000
2026-02-25,20:14,김치전,1,15000
2026-02-25,20:20,맥주,1,5000
2026-02-25,20:28,닭발,1,18000
2026-02-25,20:30,소주,1,5000
2026-02-25,20:46,소주,1,5000
2026-02-25,20:58,김치전,1,15000
2026-02-25,21:19,계란찜,1,7000
2026-02-25,21:20,계란찜,1,7000
2026-02-25,21:22,맥주,1,5000
2026-02-25,21:26,닭발,1,18000
2026-02-25,21:47,소주,1,5000
2026-02-25,21:51,오돌뼈,1,17000
2026-02-25,21:54,맥주,1,5000
2026-02-25,22:00,하이볼,1,7000
2026-02-25,22:01,오돌뼈,1,17000
2026-02-25,22:02,맥주,1,5000
2026-02-25,22:03,오돌뼈,1,17000
2026-02-25,22:05,하이볼,1,7000
2026-02-25,22:08,오돌뼈,1,17000
2026-02-25,22:15,맥주,1,5000
2026-02-25,22:39,하이볼,1,7000
2026-02-25,22:46,김치전,1,15000
2026-02-25,23:01,계란찜,1,7000
2026-02-25,23:23,닭발,1,18000
2026-02-25,23:28,김치전,1,15000
2026-02-26,18:59,맥주,1,5000
2026-02-26,20:04,맥주,1,5000
2026-02-26,20:59,소주,1,5000
2026-02-26,21:24,맥주,1,5000
2026-02-26,21:26,소주,1,5000
2026-02-26,21:28,소주,1,5000
2026-02-26,21:59,계란찜,1,7000
2026-02-26,22:10,하이볼,1,7000
2026-02-26,22:13,오돌뼈,1,17000
2026-02-26,22:17,소주,1,5000
2026-02-26,22:17,맥주,1,5000
2026-02-26,22:22,오돌뼈,1,17000
2026-02-26,22:27,맥주,1,5000
2026-02-26,22:28,김치전,1,15000
2026-02-26,22:42,소주,1,5000
2026-02-26,23:10,소주,1,5000
2026-02-27,20:09,소주,1,5000
2026-02-27,20:19,계란찜,1,7000
2026-02-27,20:30,맥주,1,5000
2026-02-27,20:30,계란찜,1,7000
2026-02-27,20:33,하이볼,1,7000
2026-02-27,20:44,오돌뼈,1,17000
2026-02-27,20:46,닭발,1,18000
2026-02-27,20:48,오돌뼈,1,17000
2026-02-27,21:01,맥주,1,5000
2026-02-27,21:13,소주,1,5000
2026-02-27,21:13,닭발,1,18000
2026-02-27,21:24,소주,1,5000
2026-02-27,21:32,소주,1,5000
2026-02-27,21:34,소주,1,5000
2026-02-27,21:36,하이볼,1,7000
2026-02-27,21:47,소주,1,5000
2026-02-27,22:01,맥주,1,5000
2026-02-27,22:15,소주,1,5000
2026-02-27,22:19,하이볼,1,7000
2026-02-27,22:24,맥주,1,5000
2026-02-27,22:35,닭발,1,18000
2026-02-27,22:47,닭발,1,18000
2026-02-27,22:48,맥주,1,5000
2026-02-27,23:43,맥주,1,5000
2026-02-28,19:22,닭발,1,18000
2026-02-28,19:41,김치전,1,15000
2026-02-28,20:12,오돌뼈,1,17000
2026-02-28,20:26,맥주,1,5000
2026-02-28,20:31,소주,1,5000
2026-02-28,21:03,맥주,1,5000
2026-02-28,21:08,하이볼,1,7000
2026-02-28,21:10,소주,1,5000
2026-02-28,21:19,하이볼,1,7000
2026-02-28,21:20,계란찜,1,7000
2026-02-28,21:23,하이볼,1,7000
2026-02-28,21:26,소주,1,5000
2026-02-28,21:26,오돌뼈,1,17000
2026-02-28,21:33,닭발,1,18000
2026-02-28,21:33,계란찜,1,7000
2026-02-28,21:36,소주,1,5000
2026-02-28,21:49,소주,1,5000
2026-02-28,21:54,맥주,1,5000
2026-02-28,21:55,닭발,1,18000
2026-02-28,22:04,소주,1,5000
2026-02-28,22:10,오돌뼈,1,17000
2026-02-28,22:18,소주,1,5000
2026-02-28,22:26,소주,1,5000
2026-02-28,22:26,소주,1,5000
2026-02-28,22:38,계란찜,1,7000
2026-02-28,22:39,소주,1,5000
2026-02-28,22:41,소주,1,5000
2026-02-28,23:07,맥주,1,5000
2026-02-28,23:17,오돌뼈,1,17000
2026-02-28,23:19,소주,1,5000
